Quarter Date,Sequence No,Dimension 1,Dimension 2,Dimension 3,Dimension 4,Measure 1,Measure 2,Measure 3,Measure 4,Measure 5,Measure 6,Measure 7,Measure 8
2024/12/31 00:00:00,3,MADHYA PRADESH,,,,6513,4399317,377401459000,102339625,2353478269000,10861016,3398239675000,117599958
2025/06/30 00:00:00,15,ASSAM,,,,2785,1047992,146737035000,41807591,974216433000,3900621,1083055834000,46756204
2025/06/30 00:00:00,20,TRIPURA,,,,495,106195,22846344000,3680227,133121858000,494768,160115296000,4281190
2024/06/30 00:00:00,44,MAHARASHTRA,,,,13750,21021739,6287417596000,200342219,8542029251000,36391512,32139012056000,257755470
2025/06/30 00:00:00,3,MADHYA PRADESH,,,,6644,4525103,387055546000,103402823,2449696938000,11220269,3673183626000,119148195
2026/06/30 00:00:00,1,CENTRAL REGION,,,,27257,12735649,2046595026000,392411428,13276065110000,46377044,17758954965000,451524121
2024/12/31 00:00:00,19,NAGALAND,,,,214,71651,27647344000,1728431,79565738000,117600,53644058000,1917682
2026/03/31 00:00:00,18,MIZORAM,,,,142,26221,11238903000,654847,66398424000,63428,58305336000,744496
2025/03/31 00:00:00,42,GOA,,,,690,195278,63090898000,4418920,324000285000,1926565,819532428000,6540763
2025/06/30 00:00:00,17,MEGHALAYA,,,,302,94431,32489758000,2341606,133179610000,308246,156860386000,2744283
2024/03/31 00:00:00,41,DADRA AND NAGAR HAVELI AND DAMAN AND DIU,,,,108,89423,14146915000,1539473,66257793000,205471,76140334000,1834367
2025/09/30 00:00:00,21,NORTHERN REGION,,,,26702,14299348,4050686197000,437733498,13606871137000,55733141,31688632750000,507765987
2024/09/30 00:00:00,10,ODISHA,,,,4817,2848682,298568355000,59655257,1812075637000,7794085,3047362717000,70298024
2023/03/31 00:00:00,33,KERALA,,,,6276,3070906,375484229000,69465041,2197465449000,10060743,4448316527000,
2026/03/31 00:00:00,36,TAMIL NADU,,,,12871,5375660,1688786950000,142234490,4836230861000,17817956,9857718877000,165428106
2023/06/30 00:00:00,43,GUJARAT,,,,8174,4744609,965060664000,87246021,3477855318000,17494749,5932504565000,
2025/09/30 00:00:00,27,NCT OF DELHI,,,,4015,3317117,2216180005000,169023225,4297365505000,15932340,14682826114000,188272682
2023/06/30 00:00:00,44,MAHARASHTRA,,,,13327,20005655,5748217393000,196119805,7984470304000,35369881,26471833036000,
2025/12/31 00:00:00,12,WEST BENGAL,,,,9301,5934932,817389685000,142450961,3825279731000,22693518,7850515993000,171079411
2025/06/30 00:00:00,25,JAMMU & KASHMIR,,,,1666,2934850,152571517000,16462335,685813116000,3473974,1025135862000,22871159
2024/09/30 00:00:00,29,RAJASTHAN,,,,7047,4969471,450777009000,82398184,2534937949000,10737804,3558544078000,98105459
2025/03/31 00:00:00,23,HARYANA,,,,4979,2104725,819501647000,102575227,2478555580000,8969371,5349107920000,113649323
2023/09/30 00:00:00,45,ALL-INDIA,,,,138521,148793307,17584246105000,1877713228,60483696680000,253973190,114536844358000,2280479725
2025/09/30 00:00:00,19,NAGALAND,,,,222,74915,29711603000,1774986,82724050000,130067,60042973000,1979968
2024/12/31 00:00:00,37,TELANGANA,,,,5251,2454036,898386844000,63083148,2446571785000,7135164,4831980612000,72672348
2024/03/31 00:00:00,45,ALL-INDIA,,,,140791,161876921,20496765188000,1934452575,63007716350000,257936079,122613105842000,2354265575
2025/12/31 00:00:00,41,DADRA AND NAGAR HAVELI AND DAMAN AND DIU,,,,113,58325,16726569000,1594228,69458771000,225645,87205185000,1878198
2023/09/30 00:00:00,4,UTTARAKHAND,,,,1956,2149208,95768090000,15672218,837727505000,3713741,1130107355000,21535167
2024/03/31 00:00:00,14,ARUNACHAL PRADESH,,,,171,105040,52456464000,1486866,133597737000,188468,91954066000,1780374
2025/12/31 00:00:00,9,JHARKHAND,,,,3114,1552580,236921368000,45684667,1460520597000,5250801,2047925075000,52488048
2023/03/31 00:00:00,26,LADAKH,,,,88,68689,14069484000,468884,39711836000,70814,28475040000,
2025/06/30 00:00:00,33,KERALA,,,,6826,1988993,454512766000,71606900,2400059563000,12261855,5947934408000,85857748
2025/09/30 00:00:00,17,MEGHALAYA,,,,302,93852,31049198000,2382709,136890553000,310790,158414234000,2787351
2024/03/31 00:00:00,23,HARYANA,,,,4818,7153309,745296620000,95558299,2353136135000,8533242,4563130564000,111244850
2025/09/30 00:00:00,9,JHARKHAND,,,,3084,1538535,228211194000,45186188,1456848336000,5246526,1993712624000,51971249
2026/03/31 00:00:00,19,NAGALAND,,,,230,65539,48250506000,1745599,81342995000,126316,65078123000,1937454
2024/06/30 00:00:00,34,LAKSHADWEEP,,,,25,4252,2452445000,87884,10358936000,4433,2574034000,96569
2024/03/31 00:00:00,11,SIKKIM,,,,176,63199,13122513000,1077847,47521733000,133739,86836886000,1274785
2024/03/31 00:00:00,30,SOUTHERN REGION,,,,40030,21375539,4772105088000,460843514,15313915821000,59974100,29504647537000,542193153
2024/06/30 00:00:00,41,DADRA AND NAGAR HAVELI AND DAMAN AND DIU,,,,109,64872,13576682000,1548970,63960811000,206254,77900115000,1820096
2025/03/31 00:00:00,11,SIKKIM,,,,185,40505,11449063000,1132828,50013810000,144351,101440108000,1317684
2024/03/31 00:00:00,16,MANIPUR,,,,222,514948,25751405000,2646432,91392679000,92279,35193118000,3253659
2025/09/30 00:00:00,15,ASSAM,,,,2786,1060721,167924297000,42320414,983679225000,3978284,1119787669000,47359419
2026/03/31 00:00:00,17,MEGHALAYA,,,,300,86517,46524056000,2387602,141857386000,307636,159502175000,2781755
2024/09/30 00:00:00,19,NAGALAND,,,,211,78707,25781813000,1692758,78677804000,118649,53516105000,1890114
2024/03/31 00:00:00,36,TAMIL NADU,,,,12155,7454279,1348323222000,142714469,4184849876000,16928983,7704751579000,167097731
2023/12/31 00:00:00,28,PUNJAB,,,,6285,9508707,293024276000,51069356,2218153432000,9762044,3474675343000,70340107
2025/03/31 00:00:00,37,TELANGANA,,,,5329,2460094,937859462000,63297269,2495362865000,7298227,4957522139000,73055590
2023/06/30 00:00:00,24,HIMACHAL PRADESH,,,,1464,1556496,47063076000,10413977,480688557000,3122858,790072717000,
2026/03/31 00:00:00,22,CHANDIGARH,,,,463,163151,73713585000,3190944,361481916000,1284374,893710747000,4638469
2025/12/31 00:00:00,31,ANDHRA PRADESH,,,,6858,2647665,379223647000,80258879,1950052276000,7393118,2817565736000,90299662
2023/06/30 00:00:00,8,BIHAR,,,,5739,8422487,275456132000,111580221,2486685829000,7391778,1581232750000,
2025/06/30 00:00:00,1,CENTRAL REGION,,,,26475,14160856,1739065072000,412745501,12086081414000,45617565,15459532577000,472523922
2025/03/31 00:00:00,13,NORTH EASTERN REGION,,,,4332,1498025,398725305000,54250342,1651153974000,5076024,1603354840000,60824391
2024/09/30 00:00:00,36,TAMIL NADU,,,,12331,5756109,1342548809000,143346731,4190390189000,17027103,8115016596000,166129943
2024/03/31 00:00:00,19,NAGALAND,,,,196,90306,33248464000,1655593,84453763000,114504,52229508000,1860403
2025/12/31 00:00:00,11,SIKKIM,,,,190,42923,9329128000,1154083,46714226000,149945,113541567000,1346951
2025/06/30 00:00:00,41,DADRA AND NAGAR HAVELI AND DAMAN AND DIU,,,,113,57479,14391388000,1587946,69021594000,220466,84345700000,1865891
2024/06/30 00:00:00,20,TRIPURA,,,,486,268566,18429395000,3355547,128612295000,467156,137696655000,4091269
2024/12/31 00:00:00,1,CENTRAL REGION,,,,25907,13711498,1692426664000,408997922,11753253137000,44117706,14392914830000,466827126
2025/03/31 00:00:00,10,ODISHA,,,,4921,1875980,345233374000,61739487,1943579870000,8139829,3269946819000,71755296
2023/09/30 00:00:00,29,RAJASTHAN,,,,6790,6960172,408950052000,83907734,2362721391000,10267745,3099774474000,101135651
2023/09/30 00:00:00,11,SIKKIM,,,,176,56285,8479490000,1050539,46212813000,133925,78746186000,1240749
2023/09/30 00:00:00,22,CHANDIGARH,,,,454,460720,73770408000,5102451,336132954000,1236428,640613871000,6799599
2023/12/31 00:00:00,29,RAJASTHAN,,,,6859,7463192,430757594000,84374993,2359871851000,10365088,3190747950000,102203273
2025/06/30 00:00:00,26,LADAKH,,,,99,91788,17075469000,501630,40791171000,89278,42123786000,682696
2024/03/31 00:00:00,22,CHANDIGARH,,,,466,480367,73641967000,3251899,363841233000,1247409,703402630000,4979675
2023/09/30 00:00:00,42,GOA,,,,671,264798,43752519000,4233524,299962950000,1873549,724043000000,6371871
2026/06/30 00:00:00,19,NAGALAND,,,,233,66522,32119923000,1758836,79714997000,132209,67722670000,1957567
2024/09/30 00:00:00,18,MIZORAM,,,,132,35030,7166411000,615326,51825041000,59884,46275488000,710240
2026/03/31 00:00:00,31,ANDHRA PRADESH,,,,6884,2245039,487376851000,80766547,2067653774000,7396129,2899669702000,90407715
2025/12/31 00:00:00,21,NORTHERN REGION,,,,26898,14636495,3725915180000,447593536,13924532373000,55819991,32265937054000,518050022
2025/12/31 00:00:00,15,ASSAM,,,,2795,1081690,166851062000,42606340,983682650000,3941597,1110379270000,47629627
2024/03/31 00:00:00,8,BIHAR,,,,5860,10263916,313564234000,109908547,2708147170000,7697965,1771131114000,127870428
2026/06/30 00:00:00,9,JHARKHAND,,,,3235,1484313,255234741000,45946834,1481201722000,5204736,2155983057000,52635883
2024/06/30 00:00:00,3,MADHYA PRADESH,,,,6407,5530525,355527133000,99173753,2319311148000,10645959,3238059688000,115350237
2023/03/31 00:00:00,37,TELANGANA,,,,4882,3222540,839230592000,61954599,2262058918000,6621005,3617565354000,
2024/03/31 00:00:00,5,UTTAR PRADESH,,,,14503,21862257,1143419266000,249077275,7189236846000,25071942,7856960621000,296011474
2023/03/31 00:00:00,25,JAMMU & KASHMIR,,,,1541,2571769,141908651000,16919135,649988863000,3065611,770948254000,
2025/09/30 00:00:00,2,CHHATTISGARH,,,,2584,1630794,193091116000,32875837,1100310187000,3743623,1274633146000,38250254
2024/06/30 00:00:00,7,ANDAMAN & NICOBAR ISLANDS,,,,75,32443,4682546000,514779,40157215000,120283,33687630000,667505
2026/06/30 00:00:00,34,LAKSHADWEEP,,,,18,4770,3355095000,95320,11086102000,4879,4156478000,104969
2023/03/31 00:00:00,10,ODISHA,,,,4546,3141779,260141192000,58363054,1689239699000,7162805,2450377229000,
2025/06/30 00:00:00,19,NAGALAND,,,,218,74574,33132573000,1756271,82834898000,127828,57750970000,1958673
2026/06/30 00:00:00,33,KERALA,,,,6938,1948190,540871906000,69715427,2753435519000,12763717,6581731730000,84427334
2026/06/30 00:00:00,17,MEGHALAYA,,,,302,88322,36723189000,2426463,135689615000,314285,165963999000,2829070
2023/06/30 00:00:00,9,JHARKHAND,,,,2860,2713043,183431746000,40423488,1207155621000,4608245,1565983555000,
2026/03/31 00:00:00,7,ANDAMAN & NICOBAR ISLANDS,,,,74,29996,6174565000,529362,40637711000,142660,48792278000,702018
2023/12/31 00:00:00,41,DADRA AND NAGAR HAVELI AND DAMAN AND DIU,,,,106,88566,12121801000,1521057,63476360000,204711,75153681000,1814334
2025/12/31 00:00:00,17,MEGHALAYA,,,,302,94932,37695783000,2376336,133737234000,309372,157879339000,2780640
2024/03/31 00:00:00,25,JAMMU & KASHMIR,,,,1596,3002309,151638794000,16396028,665435869000,3244512,871081867000,22642849
2024/12/31 00:00:00,5,UTTAR PRADESH,,,,14842,7175457,1031365484000,257429372,7459615416000,25706925,8582211295000,290311754
2026/06/30 00:00:00,23,HARYANA,,,,5244,2335221,900824837000,100172955,2790336053000,9492786,6313274519000,112000962
2025/03/31 00:00:00,15,ASSAM,,,,2761,1031140,172925715000,41421469,985027335000,3793237,1055699191000,46245846
2023/12/31 00:00:00,16,MANIPUR,,,,220,511112,19189017000,2617344,86692670000,93046,33393985000,3221502
2023/06/30 00:00:00,7,ANDAMAN & NICOBAR ISLANDS,,,,71,37008,4469816000,503195,39728155000,108542,27378887000,
2025/03/31 00:00:00,38,WESTERN REGION,,,,23617,25904523,8735509029000,307194621,13288649068000,58390488,43963147973000,391489632
2023/06/30 00:00:00,35,PUDUCHERRY,,,,225,133244,15778793000,2643683,97365673000,353795,148763041000,
2024/09/30 00:00:00,1,CENTRAL REGION,,,,25725,23558775,1776756199000,394882641,11529235359000,43952498,14209134058000,462393914
2024/09/30 00:00:00,22,CHANDIGARH,,,,466,278429,80450461000,3193761,377721771000,1261732,737470237000,4733922
2023/09/30 00:00:00,20,TRIPURA,,,,471,449820,17605475000,3292382,123105612000,456719,124269702000,4198921
2023/03/31 00:00:00,5,UTTAR PRADESH,,,,14064,16796511,999805928000,249736630,6750775500000,23579307,6559609826000,
2024/12/31 00:00:00,33,KERALA,,,,6598,1895988,419844053000,72700601,2305104022000,11704409,5619998445000,86300998
2025/03/31 00:00:00,32,KARNATAKA,,,,9640,3942472,2047748529000,108272996,4794786806000,17880994,11491962086000,130096462
2024/09/30 00:00:00,31,ANDHRA PRADESH,,,,6683,2254052,315840752000,77827829,1752547550000,7450565,2398922914000,87532446
2023/12/31 00:00:00,13,NORTH EASTERN REGION,,,,4159,6335107,274030043000,51440672,1568983229000,4796155,1342162218000,62571934
2026/06/30 00:00:00,45,ALL-INDIA,,,,150791,84031414,23027713511000,2061972093,73335727694000,276028088,160157376367000,2422031595
2023/09/30 00:00:00,19,NAGALAND,,,,185,83863,20626394000,1635772,78737008000,113420,49212422000,1833055
2023/09/30 00:00:00,12,WEST BENGAL,,,,8866,15014614,756956769000,133050074,3539376945000,21652129,6350381478000,169716817
2026/06/30 00:00:00,16,MANIPUR,,,,251,79202,21154965000,2954503,99098402000,115763,51514878000,3149468
2023/03/31 00:00:00,30,SOUTHERN REGION,,,,38754,27893705,4533923328000,455476112,14705346807000,55895631,24831135330000,
2025/09/30 00:00:00,43,GUJARAT,,,,8895,3966844,1211029763000,94489997,3960778681000,19315824,7663669374000,117772665
2025/09/30 00:00:00,26,LADAKH,,,,99,95717,18023264000,497005,41251074000,91226,43523894000,683948
2023/12/31 00:00:00,23,HARYANA,,,,4746,6999133,664934005000,46347174,2311985920000,8445955,4435079112000,61792262
2024/06/30 00:00:00,28,PUNJAB,,,,6377,4781903,270449709000,51676507,2236029619000,9972324,3676371017000,66430734
2025/03/31 00:00:00,16,MANIPUR,,,,233,86725,21211358000,2913545,101110118000,103408,40257800000,3103678
2026/06/30 00:00:00,3,MADHYA PRADESH,,,,6865,4417920,457810767000,105935666,2680550009000,11235719,4282692207000,121589305
2024/12/31 00:00:00,32,KARNATAKA,,,,9565,3928730,1791020231000,107511246,4596066544000,17545197,10871608708000,128985173
2023/06/30 00:00:00,17,MEGHALAYA,,,,285,148342,27330538000,2120194,121075913000,304274,122523294000,
2026/06/30 00:00:00,26,LADAKH,,,,100,92315,17796153000,496238,45404464000,94893,48835866000,683446
2024/12/31 00:00:00,26,LADAKH,,,,100,86277,16788690000,497195,39311687000,82939,37466743000,666411
2023/12/31 00:00:00,4,UTTARAKHAND,,,,1974,2255628,97356500000,15836606,836024537000,3719994,1165663769000,21812228
2026/06/30 00:00:00,18,MIZORAM,,,,143,26854,10784361000,664358,65255509000,66416,60107186000,757628
2023/06/30 00:00:00,14,ARUNACHAL PRADESH,,,,158,92977,30764127000,1441978,115744562000,181698,83758448000,
2025/03/31 00:00:00,30,SOUTHERN REGION,,,,41194,15839793,5383843531000,466990444,15779892680000,62671621,33739406802000,545501858
2025/06/30 00:00:00,7,ANDAMAN & NICOBAR ISLANDS,,,,77,31624,5181985000,532419,43065760000,132288,39921516000,696331
2023/03/31 00:00:00,19,NAGALAND,,,,180,86598,29290529000,1584559,80693500000,111887,44456117000,
2024/06/30 00:00:00,1,CENTRAL REGION,,,,25534,22795439,1660397185000,393574524,11365057025000,43299053,13521837864000,459669016
2024/03/31 00:00:00,29,RAJASTHAN,,,,6940,7592083,480407949000,82089805,2448133176000,10463853,3308212887000,100145741
2025/03/31 00:00:00,6,EASTERN REGION,,,,23527,12742100,1792369653000,365704791,9961766662000,43979673,14742619800000,422426564
2025/06/30 00:00:00,24,HIMACHAL PRADESH,,,,1551,321469,52845713000,10783010,494421852000,3424126,1004098917000,14528605
2024/12/31 00:00:00,42,GOA,,,,681,193928,55058787000,4420829,324413636000,1914041,798125166000,6528798
2024/09/30 00:00:00,30,SOUTHERN REGION,,,,40709,17408927,4781160101000,464327593,15455292964000,61056752,31340103271000,542793272
2025/03/31 00:00:00,12,WEST BENGAL,,,,9178,5727818,882436554000,139643304,3643953162000,22552515,7396082341000,167923637
2025/12/31 00:00:00,10,ODISHA,,,,5037,2004810,329932769000,63411467,1998388562000,8165662,3503432053000,73581939
2026/03/31 00:00:00,30,SOUTHERN REGION,,,,42386,15986348,6213921386000,474493173,18130985075000,63428478,37897321777000,553907999
2026/03/31 00:00:00,5,UTTAR PRADESH,,,,15495,7034440,1348607617000,263750920,8442769284000,26680311,10009357337000,297465671
2024/09/30 00:00:00,45,ALL-INDIA,,,,143103,117738615,19838234816000,1966798178,63891859523000,263264717,131028921132000,2347801510
2023/06/30 00:00:00,42,GOA,,,,664,260783,44593875000,4205973,296519823000,1842901,704362245000,
2024/09/30 00:00:00,26,LADAKH,,,,98,79456,15139833000,491277,40025465000,80503,35044109000,651236
2023/09/30 00:00:00,35,PUDUCHERRY,,,,229,135475,16450379000,2685858,97557625000,362790,157649436000,3184123
2024/06/30 00:00:00,32,KARNATAKA,,,,9559,4283652,1770929484000,105275020,4575518446000,17311945,10009874487000,126870617
2024/06/30 00:00:00,31,ANDHRA PRADESH,,,,6600,2249154,300370040000,77326301,1765150948000,7406047,2315652109000,86981502
2023/03/31 00:00:00,7,ANDAMAN & NICOBAR ISLANDS,,,,70,34383,6090350000,500160,38594011000,108529,26532333000,
2026/03/31 00:00:00,3,MADHYA PRADESH,,,,6785,4372727,472800100000,105241836,2631142867000,11090647,4141196668000,120705210
2023/12/31 00:00:00,19,NAGALAND,,,,189,89056,23483682000,1649954,78146728000,112200,49390837000,1851210
2023/09/30 00:00:00,10,ODISHA,,,,4644,3621622,258430580000,59281191,1714312921000,7353770,2612848160000,70256583
2025/09/30 00:00:00,33,KERALA,,,,6771,2112894,474200403000,72124717,2486144434000,12351235,6075815463000,86588846
2023/12/31 00:00:00,45,ALL-INDIA,,,,139459,159294698,17739060986000,1905698097,60947997349000,257019518,117649060278000,2322012313
2025/09/30 00:00:00,8,BIHAR,,,,6165,3681784,298765848000,121794355,3058795415000,8014371,2130163647000,133490510
2023/09/30 00:00:00,36,TAMIL NADU,,,,11933,7436221,1190543470000,142747705,4076361236000,16359109,7210026856000,166543035
2024/09/30 00:00:00,42,GOA,,,,685,214039,52914186000,4355786,318564132000,1915709,784962211000,6485534
2024/12/31 00:00:00,43,GUJARAT,,,,8669,3782647,1002937483000,93017176,3808414591000,18465064,7185094661000,115264887
2023/03/31 00:00:00,20,TRIPURA,,,,461,310122,19631331000,3337558,124360662000,447587,116560561000,
2024/09/30 00:00:00,8,BIHAR,,,,5963,7220100,280674143000,111755849,2709481249000,7802927,1884350293000,126778876
2023/09/30 00:00:00,43,GUJARAT,,,,8264,4855700,971593834000,88237922,3526662311000,18043002,6381151734000,111136624
2023/12/31 00:00:00,14,ARUNACHAL PRADESH,,,,163,101675,29596448000,1475442,117282118000,184364,88760871000,1761481
2024/03/31 00:00:00,15,ASSAM,,,,2715,5020404,179457866000,38601904,999186986000,3588200,901584953000,47210508
2023/09/30 00:00:00,6,EASTERN REGION,,,,22438,30829442,1494544701000,347797419,9124908509000,41572745,12363451544000,420199606
2025/09/30 00:00:00,6,EASTERN REGION,,,,23741,13153739,1693031915000,373194745,10363404316000,44630455,15359804789000,430978939
2023/03/31 00:00:00,1,CENTRAL REGION,,,,24541,28280493,1614363671000,392451249,10649924934000,40301826,11194034972000,
2024/06/30 00:00:00,43,GUJARAT,,,,8532,4189922,966989233000,90427083,3694383027000,18169248,6930588792000,112786253
2024/12/31 00:00:00,2,CHHATTISGARH,,,,2530,1584921,176131474000,32497563,1047853286000,3643328,1114788739000,37725812
2024/03/31 00:00:00,17,MEGHALAYA,,,,293,162686,38271287000,2194435,137575085000,312061,129277160000,2669182
2024/12/31 00:00:00,31,ANDHRA PRADESH,,,,6684,2057137,324259179000,78838648,1720148686000,7485440,2464469533000,88381225
2026/03/31 00:00:00,14,ARUNACHAL PRADESH,,,,204,78049,84687309000,1587212,141475602000,216742,119334675000,1882003
2024/09/30 00:00:00,11,SIKKIM,,,,180,48140,7375206000,1096436,47814191000,139475,87309298000,1284051
2025/12/31 00:00:00,20,TRIPURA,,,,500,109517,20900395000,3713569,131322417000,502984,172097247000,4326070
2024/03/31 00:00:00,42,GOA,,,,680,269805,48821819000,4316834,304856132000,1895799,766535609000,6482438
2024/03/31 00:00:00,38,WESTERN REGION,,,,22868,27071018,7785818817000,294663020,12690887322000,56563770,38977678646000,378297808
2024/09/30 00:00:00,9,JHARKHAND,,,,3006,2272594,220459277000,42505080,1338107343000,4919705,1807742557000,49697379
2023/12/31 00:00:00,21,NORTHERN REGION,,,,25382,36505028,3384409281000,338149927,12184410905000,50746386,26065801837000,425401341
2023/12/31 00:00:00,18,MIZORAM,,,,127,48895,6748385000,593400,52183316000,55710,38857998000,698005
2026/03/31 00:00:00,45,ALL-INDIA,,,,149534,83250857,24972549196000,2075300811,72591480455000,271856697,155753563304000,2430408365
2023/09/30 00:00:00,41,DADRA AND NAGAR HAVELI AND DAMAN AND DIU,,,,106,86083,13027772000,1500498,63765431000,204335,73341826000,1790916
2023/09/30 00:00:00,25,JAMMU & KASHMIR,,,,1575,2847218,132951502000,16989382,652165537000,3172820,810918593000,23009420
2024/03/31 00:00:00,6,EASTERN REGION,,,,22731,35331009,1731930315000,341691005,9563361368000,42379029,13082404116000,419401043
2025/12/31 00:00:00,8,BIHAR,,,,6231,3716020,330998552000,123034718,2999860565000,7985055,2188852833000,134735793
2023/03/31 00:00:00,11,SIKKIM,,,,168,79943,9236241000,1012451,48032585000,140506,78270759000,
2025/12/31 00:00:00,43,GUJARAT,,,,8982,4008296,1171347556000,95165919,4114366571000,19370084,7810466674000,118544299
2025/12/31 00:00:00,2,CHHATTISGARH,,,,2600,1645204,184961374000,33500702,1080466255000,3733838,1368662494000,38879744
2025/06/30 00:00:00,10,ODISHA,,,,4965,1920605,305117673000,62167426,1931151483000,8136395,3337017514000,72224426
2025/06/30 00:00:00,5,UTTAR PRADESH,,,,15186,7446081,1070796166000,259704726,7615021336000,26583214,9184172383000,293734021
2024/09/30 00:00:00,25,JAMMU & KASHMIR,,,,1628,2658604,143687653000,16544703,679542778000,3357301,938468344000,22560608
2024/09/30 00:00:00,23,HARYANA,,,,4905,4244701,708536737000,99536560,2440617296000,8798464,5008665208000,112579725
2025/06/30 00:00:00,9,JHARKHAND,,,,3086,1499880,235864808000,44792502,1389153266000,5199792,1950967246000,51492174
2025/06/30 00:00:00,30,SOUTHERN REGION,,,,41761,16671652,5244383794000,468776514,16073032629000,63363966,34387583638000,548812132
2025/06/30 00:00:00,29,RAJASTHAN,,,,7243,2922703,437899748000,86200881,2622724402000,11244695,3936925655000,100368279
2024/09/30 00:00:00,16,MANIPUR,,,,229,291395,18084292000,2666239,89027138000,102028,38218171000,3059662
2024/03/31 00:00:00,4,UTTARAKHAND,,,,1989,2300319,110953046000,15939699,848908844000,3774863,1189849372000,22014881
2023/09/30 00:00:00,26,LADAKH,,,,92,75276,15988009000,478814,37044219000,72625,29505977000,626715
2024/06/30 00:00:00,27,NCT OF DELHI,,,,3921,4364004,1749593011000,134915466,3908268308000,14452089,13082862657000,153731559
2025/03/31 00:00:00,41,DADRA AND NAGAR HAVELI AND DAMAN AND DIU,,,,113,56777,15011553000,1588527,72260049000,215000,82378315000,1860304
2024/12/31 00:00:00,27,NCT OF DELHI,,,,3934,3249251,1783462480000,154008375,4023824005000,14564600,13539220955000,171822226
2024/06/30 00:00:00,2,CHHATTISGARH,,,,2488,2476749,175419942000,30910922,1029271496000,3563722,1063244500000,36951393
2023/12/31 00:00:00,7,ANDAMAN & NICOBAR ISLANDS,,,,73,38397,4698098000,513279,38923767000,117749,31329378000,669425
2026/03/31 00:00:00,1,CENTRAL REGION,,,,27011,13498330,2165670271000,419570538,13189240507000,45558321,17105021420000,478627189
2024/09/30 00:00:00,7,ANDAMAN & NICOBAR ISLANDS,,,,75,32875,4602754000,519085,40621095000,122890,35180328000,674850
2025/09/30 00:00:00,29,RAJASTHAN,,,,7285,2975633,454260339000,87086505,2703155788000,11335995,4036359557000,101398133
2024/12/31 00:00:00,11,SIKKIM,,,,181,39608,11532109000,1131813,50128091000,140334,93078364000,1311755
2025/12/31 00:00:00,13,NORTH EASTERN REGION,,,,4402,1572373,332103324000,55682797,1617842258000,5274507,1717096134000,62529677
2026/03/31 00:00:00,41,DADRA AND NAGAR HAVELI AND DAMAN AND DIU,,,,116,54066,16791680000,1570842,74029485000,222750,90456702000,1847658
2024/03/31 00:00:00,9,JHARKHAND,,,,2944,3265228,227911656000,41636965,1311890200000,4830018,1722653706000,49732211
2023/03/31 00:00:00,43,GUJARAT,,,,8102,4819721,965905582000,86160927,3427548516000,17048237,5677150169000,
2026/03/31 00:00:00,43,GUJARAT,,,,9058,3675852,1394944838000,94019444,4233822141000,19132212,8033675800000,116827508
2024/06/30 00:00:00,23,HARYANA,,,,4871,4078054,731668347000,97539170,2458838560000,8659855,4845807001000,110277079
2025/06/30 00:00:00,16,MANIPUR,,,,235,87816,20515271000,2932556,96704956000,108212,43367633000,3128584
2024/09/30 00:00:00,33,KERALA,,,,6583,2355289,447871320000,72394890,2296713294000,11525455,5453878653000,86275634
2023/12/31 00:00:00,9,JHARKHAND,,,,2914,3214857,197104543000,41151437,1263793169000,4783557,1658660344000,49149851
2026/03/31 00:00:00,4,UTTARAKHAND,,,,2099,532859,126853061000,17144264,972901915000,4099874,1493362471000,21776997
2024/03/31 00:00:00,10,ODISHA,,,,4710,4130338,303328010000,58574063,1830927994000,7677252,2837938555000,70381653
2024/03/31 00:00:00,12,WEST BENGAL,,,,8967,17568635,867929111000,129982195,3626393733000,21920394,6630942386000,169471224
2025/03/31 00:00:00,8,BIHAR,,,,6108,3595539,305167673000,118196547,2875870092000,7946645,2028172702000,129738731
2024/12/31 00:00:00,34,LAKSHADWEEP,,,,17,4354,2712718000,89270,10368819000,4533,2806964000,98157
2023/06/30 00:00:00,45,ALL-INDIA,,,,137094,141172406,17583589888000,1853412041,59711303861000,246140334,108032720823000,
2023/06/30 00:00:00,36,TAMIL NADU,,,,11793,7191611,1226185356000,141629018,4107382402000,15985529,6833603993000,
2025/09/30 00:00:00,11,SIKKIM,,,,189,42410,8936854000,1153039,49852331000,151383,103897776000,1346832
2023/06/30 00:00:00,21,NORTHERN REGION,,,,24947,33616863,3230110574000,322846462,11981482337000,48837363,24124758105000,
2024/12/31 00:00:00,20,TRIPURA,,,,492,103440,18624270000,3599354,131685988000,474096,147458964000,4176890
2023/03/31 00:00:00,42,GOA,,,,668,294138,48769716000,4190976,288902937000,1835656,682704886000,
2024/12/31 00:00:00,21,NORTHERN REGION,,,,26102,13655932,3514206095000,431004452,12947300680000,52457801,28908210662000,497118185
2023/06/30 00:00:00,2,CHHATTISGARH,,,,2395,2601876,163758251000,30251079,936188676000,3323427,929352504000,
2023/06/30 00:00:00,5,UTTAR PRADESH,,,,14155,18559835,947932881000,250111067,6549981460000,23890106,6863420163000,
2024/12/31 00:00:00,10,ODISHA,,,,4845,1853314,312152642000,61439056,1820818245000,7861312,3134130254000,71153682
2026/03/31 00:00:00,42,GOA,,,,707,198147,67242516000,4405468,351934973000,1949958,869437728000,6553573
2024/09/30 00:00:00,35,PUDUCHERRY,,,,241,112755,20339061000,2734442,101082400000,375157,183780611000,3222354
2023/06/30 00:00:00,6,EASTERN REGION,,,,22251,28059392,1453919819000,344488135,8986263119000,40377911,11864624994000,
2023/03/31 00:00:00,12,WEST BENGAL,,,,8785,12138263,840819405000,132526615,3518394119000,20995591,5910430739000,
2024/03/31 00:00:00,18,MIZORAM,,,,128,51117,7859749000,600795,55833281000,57356,40605616000,709268
2023/09/30 00:00:00,24,HIMACHAL PRADESH,,,,1479,1607386,47709159000,10496643,492220915000,3212672,834204910000,15316701
2023/03/31 00:00:00,41,DADRA AND NAGAR HAVELI AND DAMAN AND DIU,,,,103,78832,16772523000,1460260,63202697000,196747,61906501000,
2023/03/31 00:00:00,38,WESTERN REGION,,,,22088,25290494,6939095498000,285736024,11753870768000,53423294,31562872573000,
2023/12/31 00:00:00,17,MEGHALAYA,,,,289,158979,28049190000,2171759,127790087000,309790,128214070000,2640528
2025/12/31 00:00:00,29,RAJASTHAN,,,,7343,2997148,460919396000,88242520,2758568342000,11387248,4134519870000,102626916
2024/03/31 00:00:00,27,NCT OF DELHI,,,,3894,7323838,2181746232000,130883019,3888772071000,14608453,12485576194000,152815310
2026/06/30 00:00:00,29,RAJASTHAN,,,,7478,2837698,500978102000,88637648,2858151928000,11533373,4365003597000,103008719
2025/12/31 00:00:00,45,ALL-INDIA,,,,148215,88632544,21400815193000,2074561679,69406480188000,275614248,148990379165000,2438808471
2024/03/31 00:00:00,13,NORTH EASTERN REGION,,,,4208,6444002,359842567000,50542006,1628405859000,4815257,1384795657000,61801265
2024/06/30 00:00:00,37,TELANGANA,,,,5146,2695183,771721013000,61353594,2450699116000,7031401,4471849914000,71080178
2023/06/30 00:00:00,34,LAKSHADWEEP,,,,13,4133,1994124000,86347,10566314000,2816,1544892000,
2026/03/31 00:00:00,9,JHARKHAND,,,,3159,1460807,274977697000,45599566,1518395620000,5171826,2105151126000,52232199
2025/06/30 00:00:00,31,ANDHRA PRADESH,,,,6792,2563737,390591503000,78696994,1808619564000,7337464,2653569539000,88598195
2023/12/31 00:00:00,24,HIMACHAL PRADESH,,,,1489,1679680,47546881000,10495206,487888163000,3221090,851837483000,15395976
2024/06/30 00:00:00,21,NORTHERN REGION,,,,25846,21791841,3466638901000,396017035,12633648955000,51607442,27558817875000,469416318
2026/06/30 00:00:00,24,HIMACHAL PRADESH,,,,1567,300455,54282139000,10913800,521759492000,3535045,1121811518000,14749300
2026/03/31 00:00:00,2,CHHATTISGARH,,,,2632,1558304,217409493000,33433518,1142426441000,3687489,1461104944000,38679311
2023/03/31 00:00:00,17,MEGHALAYA,,,,280,135521,30769691000,2118142,130286156000,299131,115864446000,
2023/06/30 00:00:00,20,TRIPURA,,,,466,402773,17129145000,3284574,117023795000,445833,120813968000,
2024/09/30 00:00:00,12,WEST BENGAL,,,,9066,11412129,814702752000,131666056,3681578810000,22369416,6957894922000,165447601
2025/09/30 00:00:00,42,GOA,,,,707,206547,59227266000,4454585,340914064000,1954921,843230254000,6616053
2025/09/30 00:00:00,24,HIMACHAL PRADESH,,,,1549,329038,53908871000,10884633,514740852000,3475100,1033740695000,14688771
2023/03/31 00:00:00,44,MAHARASHTRA,,,,13215,20097803,5907647677000,193923861,7974216618000,34342654,25141111017000,
2024/03/31 00:00:00,35,PUDUCHERRY,,,,238,140888,18522639000,2730737,101962482000,374279,170762273000,3245904
2026/03/31 00:00:00,28,PUNJAB,,,,6592,1877984,305505677000,55572286,2458548489000,10585270,4469131471000,68035540
2025/09/30 00:00:00,45,ALL-INDIA,,,,146930,87399962,21708676814000,2062078772,68187168805000,275345796,145835644331000,2424824530
2023/03/31 00:00:00,31,ANDHRA PRADESH,,,,6329,3082533,281115022000,76290570,1652291370000,7029615,1878415915000,
2023/12/31 00:00:00,38,WESTERN REGION,,,,22635,26531502,6540753675000,295112976,12092603019000,58033744,36436479266000,379678222
2025/03/31 00:00:00,4,UTTARAKHAND,,,,2050,553009,114903734000,16817257,903456178000,3972685,1356691977000,21342951
2023/06/30 00:00:00,28,PUNJAB,,,,6198,8672213,260291061000,50274285,2141384085000,9446784,3227023278000,
2023/03/31 00:00:00,35,PUDUCHERRY,,,,226,205928,16200654000,2667135,95057883000,347407,144471518000,
2025/06/30 00:00:00,43,GUJARAT,,,,8818,3928517,1077251423000,93671057,3871056660000,19205089,7617504501000,116804663
2025/06/30 00:00:00,11,SIKKIM,,,,187,41590,8769487000,1139069,49492034000,148911,102207919000,1329570
2025/12/31 00:00:00,27,NCT OF DELHI,,,,4040,3417052,1840093200000,173921590,4381134022000,15836936,14773690260000,193175578
2023/12/31 00:00:00,6,EASTERN REGION,,,,22542,34695975,1492602961000,349605089,9200694688000,41904374,12663706288000,426205438
2023/09/30 00:00:00,33,KERALA,,,,6390,2736175,387269721000,70796369,2173662465000,10464633,4746127005000,83997177
2023/06/30 00:00:00,29,RAJASTHAN,,,,6725,6656682,415462010000,82843683,2316450220000,9932651,2923770656000,
2024/06/30 00:00:00,5,UTTAR PRADESH,,,,14638,13631638,1028158005000,247758653,7155650324000,25284135,7997441466000,286674426
2025/09/30 00:00:00,20,TRIPURA,,,,498,107440,24596014000,3722640,136555256000,503286,165731716000,4333366
2024/09/30 00:00:00,17,MEGHALAYA,,,,297,120712,31523632000,2241801,136146535000,320578,138749931000,2683091
2025/06/30 00:00:00,44,MAHARASHTRA,,,,14169,21942046,7938928276000,209205145,9041181314000,38385889,36637254642000,269533080
2023/06/30 00:00:00,41,DADRA AND NAGAR HAVELI AND DAMAN AND DIU,,,,105,82060,14593067000,1487256,62539568000,201851,70370032000,
2024/03/31 00:00:00,2,CHHATTISGARH,,,,2467,3317293,195260173000,30807193,1032382881000,3509238,1049431228000,37633724
2025/06/30 00:00:00,8,BIHAR,,,,6153,3667442,289169190000,119748190,2873207820000,8028506,2029572770000,131444138
2023/12/31 00:00:00,1,CENTRAL REGION,,,,25081,33921092,1656614213000,405387725,11002308716000,42458763,12713840536000,481767580
2023/12/31 00:00:00,30,SOUTHERN REGION,,,,39660,21305994,4390650813000,466001708,14898996792000,59080096,28427070133000,546387798
2025/06/30 00:00:00,23,HARYANA,,,,5039,2179996,755646290000,92279661,2572555066000,9261397,5595536322000,103721054
2024/12/31 00:00:00,4,UTTARAKHAND,,,,2022,551803,107528247000,16731362,892306166000,3906437,1297675121000,21189602
2025/03/31 00:00:00,20,TRIPURA,,,,492,104283,28634907000,3643937,137906174000,486055,154195430000,4234275
2024/06/30 00:00:00,19,NAGALAND,,,,206,77066,26032203000,1668191,79897610000,114950,51749330000,1860207
2023/09/30 00:00:00,38,WESTERN REGION,,,,22478,25629535,6678545219000,292377484,12079941822000,57511815,35684160135000,375518834
2025/06/30 00:00:00,45,ALL-INDIA,,,,146731,85644218,21646687508000,2042893975,66320598190000,272779831,142415889136000,2401318024
2026/03/31 00:00:00,12,WEST BENGAL,,,,9341,5397410,955646082000,142486455,3881878712000,22181407,8029262113000,170065272
2023/03/31 00:00:00,9,JHARKHAND,,,,2843,2519840,185578664000,40351931,1229901099000,4603394,1529587432000,
2025/03/31 00:00:00,17,MEGHALAYA,,,,301,92399,46336582000,2320306,143007761000,304153,148339266000,2716858
2025/03/31 00:00:00,33,KERALA,,,,6732,1930850,484024105000,72345465,2343849501000,12004001,5852401900000,86280316
2024/03/31 00:00:00,26,LADAKH,,,,96,80099,16536915000,480641,37887739000,78301,33710066000,639041
2025/09/30 00:00:00,38,WESTERN REGION,,,,23935,26870617,8314617926000,305796172,13640768770000,60228572,45694993535000,392895361
2023/09/30 00:00:00,17,MEGHALAYA,,,,287,150507,27471989000,2147280,126561642000,309378,126118647000,2607165
2023/12/31 00:00:00,34,LAKSHADWEEP,,,,22,4226,2107717000,87131,10463623000,4268,1647255000,95625
2023/03/31 00:00:00,4,UTTARAKHAND,,,,1913,1714112,101581983000,15701536,796651318000,3548124,1034581029000,
2023/12/31 00:00:00,12,WEST BENGAL,,,,8914,17358608,757507474000,132673302,3525289901000,21711146,6496356350000,171743056
2024/03/31 00:00:00,33,KERALA,,,,6483,2955667,397373474000,71854626,2233883395000,11091858,5160679409000,85902151
2023/06/30 00:00:00,27,NCT OF DELHI,,,,3807,7035491,1674228870000,111289644,3729353005000,13860379,11702493566000,
2023/09/30 00:00:00,9,JHARKHAND,,,,2899,2904176,200117032000,40781015,1244002050000,4734549,1638285298000,48419740
2023/06/30 00:00:00,38,WESTERN REGION,,,,22270,25093107,6772464999000,289059055,11821385013000,54909382,33179069878000,
2025/12/31 00:00:00,28,PUNJAB,,,,6562,2303244,290594182000,56015215,2485371796000,10730575,4347199653000,69049034
2025/09/30 00:00:00,10,ODISHA,,,,4971,1976037,339734636000,62629331,1993144880000,8201720,3424533623000,72807088
2026/03/31 00:00:00,23,HARYANA,,,,5199,2174237,946229844000,101068728,2732265405000,9267908,6098835492000,112510873
2025/12/31 00:00:00,3,MADHYA PRADESH,,,,6710,4618926,452956535000,105408537,2508034154000,11239476,3919270753000,121266939
2024/06/30 00:00:00,35,PUDUCHERRY,,,,237,108888,16037719000,2713730,102090479000,373555,172011545000,3196173
2024/09/30 00:00:00,14,ARUNACHAL PRADESH,,,,184,87395,29999108000,1529352,119040631000,196557,91376670000,1813304
2023/12/31 00:00:00,8,BIHAR,,,,5800,9969220,257726148000,114354384,2567800608000,7608194,1711332247000,131931798
2023/09/30 00:00:00,30,SOUTHERN REGION,,,,39389,20944293,4294863598000,456202111,14795083197000,57753205,27314169128000,534899609
2026/06/30 00:00:00,44,MAHARASHTRA,,,,14728,23816175,7351618593000,200311325,10221650657000,38856814,41246756242000,262984314
2025/03/31 00:00:00,25,JAMMU & KASHMIR,,,,1660,2853024,169351802000,16602403,677209213000,3418587,995630315000,22874014
2024/09/30 00:00:00,4,UTTARAKHAND,,,,2014,1257083,109857006000,15806529,884609413000,3889911,1261314247000,20953523
2026/03/31 00:00:00,37,TELANGANA,,,,5560,2398248,1094278907000,65933552,2863586166000,7477483,5478518909000,75809283
2023/12/31 00:00:00,27,NCT OF DELHI,,,,3870,7343201,1723613941000,123509351,3767359135000,14441474,12579995304000,145294026
2025/12/31 00:00:00,26,LADAKH,,,,100,93859,16064072000,496470,42504312000,92289,45495559000,682618
2026/03/31 00:00:00,26,LADAKH,,,,100,92054,19388954000,495964,42879729000,94061,46600736000,682079
2025/12/31 00:00:00,36,TAMIL NADU,,,,12743,5779768,1523659004000,142765251,4571081886000,17982218,9413245508000,166527237
2026/06/30 00:00:00,12,WEST BENGAL,,,,9398,5475992,861876030000,143944596,3908352435000,22341334,8166925648000,171761922
2025/09/30 00:00:00,37,TELANGANA,,,,5423,2614171,1028403554000,64423151,2614265837000,7487527,5242447780000,74524849
2026/06/30 00:00:00,31,ANDHRA PRADESH,,,,6929,2261476,415666352000,80972079,2131594506000,7564893,3024306521000,90798448
2025/03/31 00:00:00,21,NORTHERN REGION,,,,26378,13845082,4497535475000,433809774,13017999088000,53323077,30004901881000,500977933
2024/06/30 00:00:00,13,NORTH EASTERN REGION,,,,4262,3935413,278889397000,50214197,1599367182000,4854182,1422704182000,59003792
2023/06/30 00:00:00,33,KERALA,,,,6291,2682206,344845666000,69817059,2182913157000,10183208,4559008173000,
2025/09/30 00:00:00,34,LAKSHADWEEP,,,,17,4680,2846496000,92531,10756797000,4913,1964667000,102124
2026/06/30 00:00:00,4,UTTARAKHAND,,,,2108,541613,146119559000,17267371,993602703000,4172543,1528380003000,21981527
2023/12/31 00:00:00,25,JAMMU & KASHMIR,,,,1585,2956250,139347526000,16957661,653341393000,3195188,838444270000,23109099
2023/06/30 00:00:00,22,CHANDIGARH,,,,448,444604,65550508000,5040392,341274550000,1209658,608177745000,
2025/12/31 00:00:00,1,CENTRAL REGION,,,,26763,14434742,1955963551000,419306272,12517973288000,45959260,16390567026000,479700274
2025/12/31 00:00:00,33,KERALA,,,,6832,2158979,503209038000,70858211,2551922897000,12509650,6234669049000,85526840
2023/03/31 00:00:00,2,CHHATTISGARH,,,,2366,2544173,159246181000,30576724,944047265000,3259507,917425448000,
2026/06/30 00:00:00,25,JAMMU & KASHMIR,,,,1696,3027406,172387470000,15968744,731909646000,3640484,1154358967000,22636634
2026/03/31 00:00:00,29,RAJASTHAN,,,,7413,2799822,533117369000,87999576,2810568705000,11303629,4233254426000,102103027
2024/12/31 00:00:00,14,ARUNACHAL PRADESH,,,,191,79727,32400621000,1558826,118825762000,196026,92921345000,1834579
2024/03/31 00:00:00,44,MAHARASHTRA,,,,13650,21779053,6558196767000,198981394,8607427698000,36332639,31284356222000,257093086
2025/09/30 00:00:00,3,MADHYA PRADESH,,,,6664,4566156,420840839000,104426354,2479650799000,11256527,3811192155000,120249037
2026/06/30 00:00:00,10,ODISHA,,,,5154,1825827,343510665000,64151087,2085770781000,8182595,3815350055000,74159509
2023/06/30 00:00:00,19,NAGALAND,,,,182,82001,21822409000,1614941,76311717000,110374,46287266000,
2026/03/31 00:00:00,16,MANIPUR,,,,248,78000,25327072000,2929954,104470835000,109405,49718142000,3117359
2024/06/30 00:00:00,11,SIKKIM,,,,177,47851,7991389000,1086015,49479639000,136944,88043508000,1270810
2025/06/30 00:00:00,28,PUNJAB,,,,6531,2238177,260513334000,55295176,2319121523000,10561521,4141765586000,68094874
2026/06/30 00:00:00,32,KARNATAKA,,,,9994,3872804,2286632185000,114439974,5585585871000,18024754,13286983972000,136337532
2025/09/30 00:00:00,22,CHANDIGARH,,,,462,180049,94614610000,3240816,376041490000,1302482,838297999000,4723347
2024/03/31 00:00:00,24,HIMACHAL PRADESH,,,,1495,1704147,52778391000,10141880,480989193000,3280346,884239513000,15126373
2023/06/30 00:00:00,18,MIZORAM,,,,123,39171,7356943000,581677,54152695000,53932,36730817000,
2024/09/30 00:00:00,13,NORTH EASTERN REGION,,,,4310,4116372,288476030000,50707565,1557927830000,4911443,1475404935000,59735380
2023/12/31 00:00:00,3,MADHYA PRADESH,,,,6292,7048680,366490375000,102593999,2267806397000,10501980,3023951519000,120144659
2024/06/30 00:00:00,15,ASSAM,,,,2743,3064445,140687530000,38226926,985607392000,3606834,927298973000,44898205
2023/06/30 00:00:00,1,CENTRAL REGION,,,,24708,29750614,1554894576000,393952386,10502775192000,40902507,11682195100000,
2025/09/30 00:00:00,36,TAMIL NADU,,,,12649,5673926,1439178137000,143569385,4493758966000,17866596,9231218286000,167109907
2023/12/31 00:00:00,44,MAHARASHTRA,,,,13510,21200133,5517223682000,199259710,8126817064000,37826455,29013533746000,258286298
2023/12/31 00:00:00,20,TRIPURA,,,,481,491250,16791019000,3313707,119308667000,455763,129981627000,4260720
2026/03/31 00:00:00,34,LAKSHADWEEP,,,,18,4794,3286959000,94256,11484420000,5052,4105647000,104102
2024/12/31 00:00:00,8,BIHAR,,,,6007,3534438,256606903000,116690345,2760358796000,7744320,1985431204000,127969103
2023/03/31 00:00:00,16,MANIPUR,,,,213,299787,22442641000,2799646,92473945000,90930,29384581000,
2023/12/31 00:00:00,35,PUDUCHERRY,,,,233,139452,17051257000,2722774,97096755000,369589,163989915000,3231815
2023/09/30 00:00:00,7,ANDAMAN & NICOBAR ISLANDS,,,,71,37681,4502959000,508955,38492083000,115622,29720159000,662258
2023/12/31 00:00:00,32,KARNATAKA,,,,9442,4986994,1662290737000,106294820,4439204012000,16925146,9470993328000,128206960
2024/09/30 00:00:00,32,KARNATAKA,,,,9631,4214795,1819598996000,106004035,4672684123000,17555210,10511914712000,127774040
2023/12/31 00:00:00,5,UTTAR PRADESH,,,,14373,21329855,1025505080000,256510034,6939764025000,24768004,7525483628000,302607893
2023/06/30 00:00:00,30,SOUTHERN REGION,,,,38851,20358655,4313771415000,451534787,14848496400000,56383277,25926605083000,
2023/09/30 00:00:00,13,NORTH EASTERN REGION,,,,4112,4914862,261516324000,51836382,1566469611000,4813422,1299797694000,61564666
2026/06/30 00:00:00,37,TELANGANA,,,,5613,2387901,1157812388000,66112586,3083953879000,7647324,5707160054000,76147811
2025/06/30 00:00:00,42,GOA,,,,705,199749,61010863000,4433894,336048023000,1949018,833138811000,6582661
2023/06/30 00:00:00,37,TELANGANA,,,,4943,3119757,801120960000,61059111,2353476788000,6707288,3771393245000,
2026/03/31 00:00:00,35,PUDUCHERRY,,,,240,96652,22574405000,2652887,115129256000,393802,211640548000,3143341
2025/03/31 00:00:00,26,LADAKH,,,,99,89603,16940245000,496936,39789715000,87948,41645099000,674487
2025/03/31 00:00:00,18,MIZORAM,,,,133,29003,8937413000,642232,58154022000,61005,49250495000,732240
2024/09/30 00:00:00,34,LAKSHADWEEP,,,,25,4339,2451406000,88537,10053900000,4473,2682918000,97349
2024/03/31 00:00:00,28,PUNJAB,,,,6330,9683442,297749357000,52980129,2163052074000,9860262,3579223808000,72523833
2023/12/31 00:00:00,2,CHHATTISGARH,,,,2442,3286929,167262258000,30447086,958713757000,3468785,998741620000,37202800
2023/09/30 00:00:00,15,ASSAM,,,,2664,3722336,140887616000,39990559,977508175000,3601789,844871323000,47314684
2025/12/31 00:00:00,23,HARYANA,,,,5159,2311709,835665646000,98537816,2687046484000,9419979,5941409159000,110269504
2025/12/31 00:00:00,22,CHANDIGARH,,,,461,182212,68484224000,3240301,362675740000,1299903,868609296000,4722416
2025/09/30 00:00:00,1,CENTRAL REGION,,,,26537,14304425,1854627036000,416657292,12388550290000,45913949,15923327298000,476875666
2023/12/31 00:00:00,42,GOA,,,,674,268894,49424281000,4298341,304021182000,1882052,742079210000,6449287
2024/03/31 00:00:00,1,CENTRAL REGION,,,,25319,34635759,1847272176000,394931330,11409898490000,42887545,13235002357000,472454634
2024/06/30 00:00:00,30,SOUTHERN REGION,,,,40331,17407237,4533100575000,461448959,15311053389000,60345066,30168908785000,539201262
2023/09/30 00:00:00,28,PUNJAB,,,,6257,9036625,253345668000,50605850,2103901788000,9681249,3389583731000,69323724
2026/03/31 00:00:00,27,NCT OF DELHI,,,,4082,3047754,2456407740000,176287129,4515458024000,14812643,15421653871000,194147526
2024/03/31 00:00:00,3,MADHYA PRADESH,,,,6360,7155890,397639691000,99107163,2339369919000,10531502,3138761136000,116794555
2023/03/31 00:00:00,13,NORTH EASTERN REGION,,,,4018,4005879,315828584000,51301979,1622763722000,4715138,1197991410000,
2025/12/31 00:00:00,38,WESTERN REGION,,,,24193,27211425,8170119076000,300565043,13947173516000,60434374,46561574835000,388210842
2024/06/30 00:00:00,42,GOA,,,,680,212065,49158454000,4338996,308657814000,1902739,767609096000,6453800
2025/12/31 00:00:00,35,PUDUCHERRY,,,,242,106723,21870458000,2698199,110846360000,396293,219308775000,3201215
2024/09/30 00:00:00,43,GUJARAT,,,,8601,4213850,1017936080000,91223520,3807813849000,18367667,7144484047000,113805037
2024/12/31 00:00:00,17,MEGHALAYA,,,,298,91085,30504083000,2297605,138782214000,312105,143867963000,2700795
2024/12/31 00:00:00,22,CHANDIGARH,,,,462,177823,68017597000,3313064,380083409000,1258186,755904160000,4749073
2024/09/30 00:00:00,44,MAHARASHTRA,,,,13843,21447202,6620810772000,204655330,8804568445000,36571782,33763010177000,262674314
2025/12/31 00:00:00,6,EASTERN REGION,,,,23949,13283406,1730229846000,376276728,10372148064000,44385183,15749998704000,433945317
2023/06/30 00:00:00,32,KARNATAKA,,,,9222,4782121,1629979215000,103238666,4362568847000,16038885,8642804859000,
2023/06/30 00:00:00,25,JAMMU & KASHMIR,,,,1561,2774589,141458714000,16923867,653048981000,3097689,795390795000,
2024/06/30 00:00:00,16,MANIPUR,,,,225,288355,18899825000,2635055,88384371000,95726,36307320000,3019136
2023/06/30 00:00:00,3,MADHYA PRADESH,,,,6226,6542813,348542933000,98046264,2212211856000,10090864,2819124595000,
2024/03/31 00:00:00,32,KARNATAKA,,,,9483,4970487,1831712763000,105040140,4630215104000,17250154,9829467470000,127260781
2025/06/30 00:00:00,12,WEST BENGAL,,,,9239,5834028,790746961000,140486270,3663476507000,22883318,7545190278000,169203616
2024/09/30 00:00:00,28,PUNJAB,,,,6417,5050463,270838680000,51791845,2205248505000,10161876,3800182378000,67004184
2023/03/31 00:00:00,27,NCT OF DELHI,,,,3775,6707439,1938831588000,106131808,3677074202000,13567553,10972753748000,
2024/03/31 00:00:00,34,LAKSHADWEEP,,,,23,4270,2143828000,87039,10525939000,4481,2645923000,95790
2025/12/31 00:00:00,18,MIZORAM,,,,139,31456,9383220000,650147,62989946000,64023,55466472000,745626
2025/12/31 00:00:00,42,GOA,,,,709,210208,65462962000,4447174,350422157000,1958233,843959369000,6615615
2025/09/30 00:00:00,35,PUDUCHERRY,,,,241,105455,22642729000,2727259,110501907000,392071,203461365000,3224785
2025/06/30 00:00:00,21,NORTHERN REGION,,,,26617,14164723,3618879653000,428852161,13273870551000,54294062,30731110313000,497310946
2024/12/31 00:00:00,24,HIMACHAL PRADESH,,,,1528,310308,48395816000,10682150,506051294000,3362642,960004900000,14355100
2023/12/31 00:00:00,11,SIKKIM,,,,176,60727,7464984000,1064253,46790854000,132697,80738237000,1257677
2026/03/31 00:00:00,32,KARNATAKA,,,,9914,3833668,2372251914000,112760071,5552041101000,17734609,12981077390000,134328348
2024/03/31 00:00:00,21,NORTHERN REGION,,,,25635,37019594,3999796225000,391781700,12401247490000,51316378,26428577529000,480117672
2024/03/31 00:00:00,37,TELANGANA,,,,5107,3244040,847562000000,61216129,2390333249000,6987696,4394399794000,71447865
2026/06/30 00:00:00,41,DADRA AND NAGAR HAVELI AND DAMAN AND DIU,,,,116,54620,16658730000,1582455,73256366000,227358,93900319000,1864433
2025/12/31 00:00:00,19,NAGALAND,,,,223,76642,31100378000,1771789,79271266000,128805,61682221000,1977236
2024/03/31 00:00:00,20,TRIPURA,,,,483,499501,22797332000,3355981,126366328000,462389,133951236000,4317871
2023/03/31 00:00:00,6,EASTERN REGION,,,,22121,26535911,1564208206000,343365486,9103023286000,40344327,11525243241000,
2025/03/31 00:00:00,31,ANDHRA PRADESH,,,,6720,2069286,423602225000,78416444,1764302496000,7625346,2580000401000,88111076
2026/03/31 00:00:00,33,KERALA,,,,6899,2032287,545365400000,70051370,2684859497000,12603447,6464590704000,84687104
2023/03/31 00:00:00,14,ARUNACHAL PRADESH,,,,154,94874,54713851000,1413864,120416029000,178933,78881181000,
2024/09/30 00:00:00,24,HIMACHAL PRADESH,,,,1524,839589,54152406000,10063603,510737043000,3366377,931092808000,14269569
2023/09/30 00:00:00,3,MADHYA PRADESH,,,,6255,6685629,360831904000,99719256,2285995015000,10408343,2967512731000,116813228
2025/03/31 00:00:00,9,JHARKHAND,,,,3059,1471658,242518089000,44464078,1407389636000,5068994,1908012290000,51004730
2026/06/30 00:00:00,15,ASSAM,,,,2823,983550,171370181000,43235013,1021999410000,3971761,1169874958000,48190324
2024/09/30 00:00:00,6,EASTERN REGION,,,,23107,23834520,1626382487000,347197763,9629678325000,43148498,13819840115000,414180781
2025/09/30 00:00:00,7,ANDAMAN & NICOBAR ISLANDS,,,,77,31485,4902323000,539080,43722449000,136724,42087295000,707289
2024/12/31 00:00:00,36,TAMIL NADU,,,,12386,5308429,1350459056000,145039692,4188522179000,17210143,8385925029000,167558264
2025/09/30 00:00:00,13,NORTH EASTERN REGION,,,,4380,1541810,325118651000,55427519,1636166181000,5314773,1715626381000,62284102
2024/12/31 00:00:00,9,JHARKHAND,,,,3014,1447029,209089451000,43928469,1366681663000,4959701,1848381867000,50335199
2024/06/30 00:00:00,10,ODISHA,,,,4763,2793416,279637369000,58846044,1802097405000,7724190,2917693334000,69363650
2025/03/31 00:00:00,28,PUNJAB,,,,6487,2175249,279952739000,55091758,2261589555000,10286092,3995982604000,67553099
2025/12/31 00:00:00,14,ARUNACHAL PRADESH,,,,206,87349,46618296000,1607378,130980944000,215307,112667495000,1910034
2024/09/30 00:00:00,41,DADRA AND NAGAR HAVELI AND DAMAN AND DIU,,,,109,65624,14382545000,1562258,70092386000,209787,77216257000,1837669
2024/06/30 00:00:00,29,RAJASTHAN,,,,6989,4806335,435450078000,81707422,2482072636000,10587627,3402449272000,97101384
2025/12/31 00:00:00,37,TELANGANA,,,,5483,2652288,981928511000,66025701,2742754888000,7533176,5312574544000,76211165
2023/09/30 00:00:00,8,BIHAR,,,,5782,9195064,266057871000,113125645,2542511697000,7582750,1653470263000,129903459
2024/12/31 00:00:00,23,HARYANA,,,,4913,2092191,732272865000,105194370,2455247413000,8832679,5123256754000,116119240
2024/12/31 00:00:00,45,ALL-INDIA,,,,143683,82313221,19377259916000,2033533276,64068173187000,263572781,134210525600000,2379419278
2026/03/31 00:00:00,20,TRIPURA,,,,499,99137,27166553000,3727000,137256605000,498846,174945733000,4324983
2026/06/30 00:00:00,8,BIHAR,,,,6357,3557815,319602744000,125234096,3051090403000,8004279,2340615595000,136796190
2025/09/30 00:00:00,44,MAHARASHTRA,,,,14220,22639270,7029242780000,205257295,9267884179000,38733597,37102523430000,266630162
2025/12/31 00:00:00,4,UTTARAKHAND,,,,2086,595668,120964496000,17180156,950770192000,4121808,1450650063000,21897632
2026/03/31 00:00:00,25,JAMMU & KASHMIR,,,,1686,3019608,179936717000,16231285,732604446000,3576766,1120602701000,22827659
2025/06/30 00:00:00,18,MIZORAM,,,,133,29717,8572659000,647669,59762525000,63168,53394568000,740554
2024/12/31 00:00:00,13,NORTH EASTERN REGION,,,,4310,1471400,275463638000,53908251,1565183866000,4949029,1534765322000,60328680
2024/12/31 00:00:00,25,JAMMU & KASHMIR,,,,1636,2695592,149106690000,16695684,680788714000,3388761,963944110000,22780037
2025/03/31 00:00:00,5,UTTAR PRADESH,,,,15063,7267561,1172591458000,258177838,7722376502000,26172809,8861445572000,291618208
2024/09/30 00:00:00,5,UTTAR PRADESH,,,,14757,14195950,1085183115000,247815025,7244151363000,25599509,8517004679000,287610484
2026/03/31 00:00:00,8,BIHAR,,,,6308,3521083,324654132000,123459404,3106995852000,7888893,2284721776000,134869380
2026/06/30 00:00:00,14,ARUNACHAL PRADESH,,,,208,79520,53897059000,1605628,133648763000,223676,125321353000,1908824
2023/09/30 00:00:00,1,CENTRAL REGION,,,,24900,31564824,1599558494000,398772040,10912876328000,42157031,12441293404000,472493895
2025/06/30 00:00:00,14,ARUNACHAL PRADESH,,,,198,83302,53633295000,1589961,140938855000,211723,105997024000,1884986
2023/09/30 00:00:00,5,UTTAR PRADESH,,,,14270,19996965,970868329000,252828133,6815960373000,24599512,7372053797000,297424610
2025/03/31 00:00:00,34,LAKSHADWEEP,,,,17,4435,3018571000,90889,10589037000,4636,1794878000,99960
2025/06/30 00:00:00,4,UTTARAKHAND,,,,2074,571093,109630814000,16943786,917841121000,4074928,1386469448000,21589807
2023/03/31 00:00:00,23,HARYANA,,,,4633,5577187,711090731000,46341158,2254481467000,7806561,3852496874000,
2023/03/31 00:00:00,29,RAJASTHAN,,,,6686,5811012,427257622000,82715996,2296211305000,9696057,2799394932000,
2023/06/30 00:00:00,13,NORTH EASTERN REGION,,,,4067,4293775,258428505000,51531216,1570901800000,4729894,1255467663000,
2023/06/30 00:00:00,11,SIKKIM,,,,174,55839,7705384000,1035747,46591553000,131826,80705610000,
2025/03/31 00:00:00,3,MADHYA PRADESH,,,,6606,4439478,424389130000,102690317,2456294523000,11106152,3538175363000,118235947
2025/12/31 00:00:00,7,ANDAMAN & NICOBAR ISLANDS,,,,76,32141,5658344000,540832,41384383000,140202,45731183000,713175
2025/03/31 00:00:00,44,MAHARASHTRA,,,,14061,21814376,7462877256000,207933579,9020829499000,37450317,35646982393000,267198272
2024/09/30 00:00:00,21,NORTHERN REGION,,,,26014,22879306,3659416416000,407885722,12718686233000,53130581,28414766061000,483895609
2023/03/31 00:00:00,34,LAKSHADWEEP,,,,22,4146,1959690000,86341,10412219000,4317,1753181000,
2025/12/31 00:00:00,16,MANIPUR,,,,237,90787,19554190000,2957238,95857801000,112419,46924090000,3160444
2025/06/30 00:00:00,35,PUDUCHERRY,,,,244,104019,20040912000,2711348,105755048000,391194,199272957000,3206561
2024/06/30 00:00:00,25,JAMMU & KASHMIR,,,,1618,2625702,144438978000,16457353,666833378000,3292263,897142142000,22375318
2026/03/31 00:00:00,38,WESTERN REGION,,,,24448,26638179,9672250351000,297295717,14688871321000,59592378,49364311192000,383526274
2023/06/30 00:00:00,26,LADAKH,,,,88,73022,13263685000,475240,39021799000,72338,28743276000,
2023/09/30 00:00:00,16,MANIPUR,,,,218,371587,20013567000,2721048,91232831000,92190,31722560000,3184825
2023/12/31 00:00:00,36,TAMIL NADU,,,,12021,7403408,1241803066000,144299368,4028257236000,16705560,7416175671000,168408336
2026/03/31 00:00:00,11,SIKKIM,,,,187,34753,11283535000,1122242,48115986000,145531,117700192000,1302526
2025/06/30 00:00:00,27,NCT OF DELHI,,,,4023,3296328,1855630870000,164105750,4149384828000,14944727,14184227136000,182346805
2023/09/30 00:00:00,37,TELANGANA,,,,4996,3208698,772146155000,61638969,2359374584000,6835173,4024577258000,71682840
2025/06/30 00:00:00,6,EASTERN REGION,,,,23707,12995169,1634850104000,368865876,9949546870000,44529210,15004877243000,426390255
2024/06/30 00:00:00,24,HIMACHAL PRADESH,,,,1508,787286,47802952000,10031814,493566808000,3310428,904110699000,14129528
2026/06/30 00:00:00,28,PUNJAB,,,,6621,1928205,308162835000,54381612,2559519210000,10759524,4591220896000,67069341
2023/12/31 00:00:00,15,ASSAM,,,,2690,4934140,150172302000,39619066,987579643000,3585282,873562830000,48138488
2026/06/30 00:00:00,27,NCT OF DELHI,,,,4090,3090996,2102628886000,178065840,4510583609000,15071341,16037513206000,196228177
2024/06/30 00:00:00,33,KERALA,,,,6520,2301652,373914969000,71997581,2254300052000,11270029,5284420509000,85569262
2025/09/30 00:00:00,31,ANDHRA PRADESH,,,,6781,2622237,373285927000,79295166,1857987896000,7340944,2766374751000,89258347
2023/03/31 00:00:00,45,ALL-INDIA,,,,136321,141862412,18557364875000,1847531674,59709396941000,242375917,103185617914000,
2025/12/31 00:00:00,25,JAMMU & KASHMIR,,,,1677,2997290,160301698000,16239305,695127963000,3562583,1080240481000,22799178
2025/03/31 00:00:00,36,TAMIL NADU,,,,12515,5330281,1467863196000,141872998,4267763169000,17469895,8662295362000,164673174
2024/06/30 00:00:00,22,CHANDIGARH,,,,466,274985,72262268000,3204158,348789281000,1253066,715941090000,4732209
2023/06/30 00:00:00,12,WEST BENGAL,,,,8813,13423592,741127344000,132327127,3540358416000,20974959,6075598050000,
2024/12/31 00:00:00,18,MIZORAM,,,,132,27779,8899272000,633736,53653764000,58412,47921301000,719927
2024/12/31 00:00:00,30,SOUTHERN REGION,,,,40743,15750291,4805837816000,470040157,15368677663000,61464525,32362622795000,547254973
2026/06/30 00:00:00,20,TRIPURA,,,,503,100846,22865418000,3774193,135255583000,507986,180905249000,4383025
2025/09/30 00:00:00,32,KARNATAKA,,,,9753,4096660,2130037843000,111037337,4977992274000,18081620,11931977266000,133215617
2025/03/31 00:00:00,27,NCT OF DELHI,,,,3981,3272377,2589008767000,159394462,4089851927000,14918998,14031272182000,177585837
2024/06/30 00:00:00,26,LADAKH,,,,96,73572,14973558000,485145,39250365000,79790,34133997000,638507
2026/06/30 00:00:00,30,SOUTHERN REGION,,,,42704,15868089,6003435935000,479495686,18570203543000,64382861,38851099686000,559746636
2024/12/31 00:00:00,15,ASSAM,,,,2753,1014121,140518025000,41196365,953145614000,3692045,1010221011000,45902531
2023/09/30 00:00:00,23,HARYANA,,,,4711,6659591,625052245000,46069099,2274890669000,8347522,4318461505000,61076212
2023/09/30 00:00:00,21,NORTHERN REGION,,,,25204,34910351,3255217769000,330727792,12004417213000,50164972,25433972453000,415803115
2025/12/31 00:00:00,24,HIMACHAL PRADESH,,,,1556,333981,53792762000,10900319,512103714000,3490478,1074772776000,14724778
2025/06/30 00:00:00,37,TELANGANA,,,,5397,2546629,1064750026000,63702105,2579366819000,7449183,5077240754000,73697917
2024/06/30 00:00:00,8,BIHAR,,,,5928,6906989,273669580000,110507639,2635754476000,7769807,1823946831000,125184435
2025/09/30 00:00:00,30,SOUTHERN REGION,,,,41635,17230023,5470595089000,473269546,16551408111000,63524906,35453259578000,554024475
2026/06/30 00:00:00,22,CHANDIGARH,,,,467,165344,68797083000,3128037,357832488000,1301952,931285893000,4595333
2025/06/30 00:00:00,32,KARNATAKA,,,,9828,4046493,1850156653000,109299184,4851470130000,18129941,11609816972000,131475618
2025/03/31 00:00:00,35,PUDUCHERRY,,,,241,102375,19727443000,2694383,103238806000,388522,193430036000,3185280
2025/03/31 00:00:00,29,RAJASTHAN,,,,7171,2857606,499436723000,85728395,2575896896000,11008600,3811328237000,99594601
2023/09/30 00:00:00,18,MIZORAM,,,,127,40424,6867111000,590157,53570624000,55283,38174559000,685864
2023/03/31 00:00:00,8,BIHAR,,,,5709,8621703,262342354000,110611275,2578861773000,7333502,1530044749000,
2025/03/31 00:00:00,45,ALL-INDIA,,,,145325,83688107,22705515281000,2038170891,65889396327000,268403255,139019328539000,2390262253
2024/12/31 00:00:00,41,DADRA AND NAGAR HAVELI AND DAMAN AND DIU,,,,111,55954,17363999000,1596885,68873195000,211055,80714536000,1863894
2025/12/31 00:00:00,32,KARNATAKA,,,,9834,4143943,2073808073000,112437338,5088370292000,17921546,12305815795000,134502827
2023/03/31 00:00:00,18,MIZORAM,,,,123,30483,8538171000,577386,53003465000,51922,35578113000,
2024/09/30 00:00:00,38,WESTERN REGION,,,,23238,25940715,7706043583000,301796894,13001038812000,57064945,41769672692000,384802554
2023/09/30 00:00:00,32,KARNATAKA,,,,9375,4942082,1624041992000,104472012,4342514220000,16497191,9079375052000,125911285
2026/03/31 00:00:00,13,NORTH EASTERN REGION,,,,4428,1399724,425061352000,55743200,1703211432000,5241111,1757997185000,62384035
2025/03/31 00:00:00,14,ARUNACHAL PRADESH,,,,195,81305,76645710000,1569575,140917252000,204318,98457423000,1855198
2026/03/31 00:00:00,6,EASTERN REGION,,,,24170,12259160,1928770251000,376480943,10701975672000,43616403,16252675841000,432356506
2026/03/31 00:00:00,44,MAHARASHTRA,,,,14567,22710114,8193271317000,197299963,10029084722000,38287458,40370740962000,258297535
2023/12/31 00:00:00,10,ODISHA,,,,4665,4054166,268101714000,59848434,1758096389000,7551031,2685289732000,71453631
2025/09/30 00:00:00,18,MIZORAM,,,,136,30583,8182541000,657896,62925314000,65250,55065234000,753729
2023/06/30 00:00:00,23,HARYANA,,,,4656,6403766,612792650000,45585374,2280261140000,8095006,4049086072000,
2024/06/30 00:00:00,17,MEGHALAYA,,,,294,117457,31814165000,2213254,137746352000,315266,134320381000,2645977
2024/06/30 00:00:00,36,TAMIL NADU,,,,12244,5764456,1297674905000,142694849,4152935412000,16947656,7912526187000,165406961
2024/06/30 00:00:00,18,MIZORAM,,,,128,34847,7071145000,606937,52097949000,59052,44312164000,700836
2023/12/31 00:00:00,43,GUJARAT,,,,8345,4973909,961983911000,90033868,3598288413000,18120526,6605712629000,113128303
2026/06/30 00:00:00,36,TAMIL NADU,,,,12971,5294047,1576016862000,145478853,4887818649000,17978629,10031149005000,168751529
2026/03/31 00:00:00,24,HIMACHAL PRADESH,,,,1556,294506,52575699000,10871328,523389734000,3495355,1092446445000,14661189
2023/03/31 00:00:00,22,CHANDIGARH,,,,449,410106,63924267000,5031148,347887553000,1192565,587370093000,
2025/03/31 00:00:00,2,CHHATTISGARH,,,,2558,1598536,185647966000,32535507,1107807652000,3710726,1209584331000,37844769
2024/06/30 00:00:00,38,WESTERN REGION,,,,23071,25488598,7317141965000,296657268,12609030903000,56669753,39915110059000,378815619
2024/06/30 00:00:00,6,EASTERN REGION,,,,22921,23205987,1527333988000,343065507,9421137116000,42718262,13375062379000,408989756
2025/09/30 00:00:00,14,ARUNACHAL PRADESH,,,,202,85291,46166541000,1609368,136346303000,214384,110276961000,1909043
2025/09/30 00:00:00,41,DADRA AND NAGAR HAVELI AND DAMAN AND DIU,,,,113,57956,15118117000,1594295,71191846000,224230,85570477000,1876481
2025/12/31 00:00:00,34,LAKSHADWEEP,,,,18,4737,2785485000,93724,11782090000,4932,2026005000,103393
2025/12/31 00:00:00,44,MAHARASHTRA,,,,14389,22934596,6916581989000,199357722,9412926017000,38880412,37819943607000,261172730
2026/03/31 00:00:00,15,ASSAM,,,,2805,966261,181866953000,42710986,1030409585000,3918738,1131113001000,47595985
2024/12/31 00:00:00,38,WESTERN REGION,,,,23391,25133256,7533091808000,306802777,12747752289000,57431315,42771310650000,389367348
2026/06/30 00:00:00,7,ANDAMAN & NICOBAR ISLANDS,,,,75,30525,5982155000,537426,42555336000,145929,50197822000,713880
2023/03/31 00:00:00,24,HIMACHAL PRADESH,,,,1458,1252215,45839777000,10655476,482773506000,3079762,757736983000,
2025/09/30 00:00:00,25,JAMMU & KASHMIR,,,,1668,2970838,156510899000,16269627,711010775000,3547625,1055921046000,22788090
2023/12/31 00:00:00,31,ANDHRA PRADESH,,,,6488,2620737,305354390000,77076994,1735090926000,7310361,2178938187000,87008092
2023/09/30 00:00:00,31,ANDHRA PRADESH,,,,6444,2481437,302316353000,73774480,1735046382000,7230013,2094800044000,83485930
2026/03/31 00:00:00,10,ODISHA,,,,5101,1815111,356034240000,63283914,2105951791000,8086086,3667048356000,73185111
2023/03/31 00:00:00,15,ASSAM,,,,2607,3048494,150442370000,39470824,1021529965000,3534748,777266411000,
2025/09/30 00:00:00,23,HARYANA,,,,5083,2205071,788337663000,95117978,2615476884000,9378857,5744976131000,106701906
2023/09/30 00:00:00,14,ARUNACHAL PRADESH,,,,160,96325,28044172000,1459184,115753719000,184643,85428481000,1740152
2025/06/30 00:00:00,36,TAMIL NADU,,,,12648,5417156,1461594171000,142668739,4317147424000,17789475,8897863473000,165875370
2026/06/30 00:00:00,43,GUJARAT,,,,9140,3741505,1273323699000,94578981,4168524509000,19420659,8297734957000,117741145
2023/09/30 00:00:00,34,LAKSHADWEEP,,,,22,4205,2095528000,86718,10566685000,4296,1613477000,95219
2025/06/30 00:00:00,38,WESTERN REGION,,,,23805,26127791,9091581950000,308898042,13317307591000,59760462,45172243654000,394786295
2023/03/31 00:00:00,21,NORTHERN REGION,,,,24799,29855930,3589945588000,319200824,11874467424000,47695701,22874340388000,
2026/03/31 00:00:00,21,NORTHERN REGION,,,,27091,13469116,4566875585000,451717240,14177196448000,54420006,33376235889000,519606362
2025/06/30 00:00:00,2,CHHATTISGARH,,,,2571,1618579,171582546000,32694166,1103522019000,3739154,1215707120000,38051899
2026/06/30 00:00:00,13,NORTH EASTERN REGION,,,,4463,1424816,348915096000,56418994,1670662279000,5332096,1821410293000,63175906
2023/06/30 00:00:00,16,MANIPUR,,,,216,318159,19717454000,2777917,90408587000,90892,30524421000,
2025/09/30 00:00:00,16,MANIPUR,,,,234,89008,17488457000,2959506,97045480000,112712,46307594000,3161226
2024/06/30 00:00:00,14,ARUNACHAL PRADESH,,,,180,84677,35955134000,1508287,127021213000,195198,91019359000,1788162
2026/06/30 00:00:00,42,GOA,,,,711,203078,66245032000,4454212,362190418000,1969308,877434087000,6626598
2024/09/30 00:00:00,37,TELANGANA,,,,5215,2711588,832509757000,61931129,2431821508000,7118789,4673906867000,71761506
2025/03/31 00:00:00,7,ANDAMAN & NICOBAR ISLANDS,,,,76,30600,5564900000,528547,40960092000,127339,38965540000,686486
2025/03/31 00:00:00,22,CHANDIGARH,,,,461,176896,71637666000,3214707,388899400000,1268194,805420488000,4659797
2023/12/31 00:00:00,33,KERALA,,,,6413,2876397,408298854000,71926052,2195344718000,10848948,4940018910000,85651397
2023/06/30 00:00:00,4,UTTARAKHAND,,,,1932,2046090,94660511000,15543976,804393200000,3598110,1070297838000,
2024/03/31 00:00:00,31,ANDHRA PRADESH,,,,6541,2605908,326467162000,77200374,1762145776000,7336649,2241941089000,87142931
2024/12/31 00:00:00,35,PUDUCHERRY,,,,242,101617,19155735000,2777552,101895628000,379639,185833504000,3258808
2025/03/31 00:00:00,19,NAGALAND,,,,217,73170,44033620000,1739278,85031312000,123848,57155235000,1936296
2024/09/30 00:00:00,27,NCT OF DELHI,,,,3929,4758593,1935833637000,143865789,3929855426000,15366524,13405298899000,163990906
2025/06/30 00:00:00,22,CHANDIGARH,,,,465,179412,86696712000,3223718,389058593000,1294344,801297049000,4697474
2025/12/31 00:00:00,5,UTTAR PRADESH,,,,15367,7574944,1197081146000,263216877,7978702687000,26864138,9651983716000,297655959
2024/06/30 00:00:00,12,WEST BENGAL,,,,9006,11200366,758041993000,130349284,3578913455000,22114732,6768700478000,163664382
2024/12/31 00:00:00,16,MANIPUR,,,,230,83597,16870023000,2893934,89524786000,98745,38730680000,3076276
2024/09/30 00:00:00,20,TRIPURA,,,,492,271687,21169480000,3392821,129768384000,473786,141718263000,4138294
2026/06/30 00:00:00,5,UTTAR PRADESH,,,,15632,6210123,1246415124000,235574958,8445584334000,27227613,10376369455000,269012694
2024/12/31 00:00:00,29,RAJASTHAN,,,,7081,2823691,447711533000,85368104,2545121820000,10779602,3637927773000,98971397
2025/03/31 00:00:00,43,GUJARAT,,,,8753,3838092,1194529322000,93253595,3871559235000,18798606,7414254837000,115890293
2024/06/30 00:00:00,4,UTTARAKHAND,,,,2001,1156527,101292105000,15731196,860824057000,3805237,1223092210000,20692960
2024/12/31 00:00:00,6,EASTERN REGION,,,,23230,12590844,1556233895000,362779717,9686005552000,43152405,14240701341000,418522966
2025/09/30 00:00:00,28,PUNJAB,,,,6541,2225885,268850546000,55613709,2347828769000,10669516,4252987314000,68509110
2023/12/31 00:00:00,26,LADAKH,,,,91,77982,15291609000,482832,35279802000,74059,31654059000,634873
2023/06/30 00:00:00,31,ANDHRA PRADESH,,,,6364,2445583,293867301000,73060903,1734223219000,7111756,1969486880000,
2024/09/30 00:00:00,3,MADHYA PRADESH,,,,6448,5606900,385645395000,100077544,2363157054000,10830451,3355365106000,116514895
2023/03/31 00:00:00,32,KARNATAKA,,,,9278,4977627,1746364155000,101924108,4414775871000,16072454,8172716557000,
2024/09/30 00:00:00,15,ASSAM,,,,2765,3231446,154751294000,38569268,953442297000,3639961,965550307000,45440675
2026/06/30 00:00:00,2,CHHATTISGARH,,,,2652,1565993,196249576000,33633433,1156328064000,3741169,1571513300000,38940595
2025/06/30 00:00:00,13,NORTH EASTERN REGION,,,,4366,1524027,317926935000,54755881,1620759135000,5214566,1660541711000,61494474
2024/12/31 00:00:00,7,ANDAMAN & NICOBAR ISLANDS,,,,76,30515,5105623000,527612,40937964000,125021,36529453000,683148
2024/06/30 00:00:00,9,JHARKHAND,,,,2972,2224922,203311111000,41761746,1314734926000,4852306,1742990598000,48838974
2024/03/31 00:00:00,43,GUJARAT,,,,8430,4932737,1164653316000,89825319,3712345699000,18129861,6850646481000,112887917
2024/03/31 00:00:00,7,ANDAMAN & NICOBAR ISLANDS,,,,74,39693,6074791000,511388,38480538000,119661,32901469000,670742
2023/06/30 00:00:00,10,ODISHA,,,,4594,3407423,241729397000,58618357,1665743545000,7162561,2533726142000,
2026/06/30 00:00:00,38,WESTERN REGION,,,,24695,27815378,8707846054000,300926973,14825621950000,60474139,50515825605000,389216490
2024/12/31 00:00:00,28,PUNJAB,,,,6448,2220799,268450424000,55245510,2316872338000,10188392,3890485267000,67654701
2023/12/31 00:00:00,22,CHANDIGARH,,,,457,476883,69893449000,4913354,350531209000,1241488,663368316000,6631725
2025/12/31 00:00:00,30,SOUTHERN REGION,,,,42010,17494103,5486484216000,475137303,17026810689000,63740933,36305205412000,556372339
2023/12/31 00:00:00,37,TELANGANA,,,,5041,3274780,753744792000,63594569,2393539522000,6916224,4255306867000,73785573
2023/09/30 00:00:00,44,MAHARASHTRA,,,,13437,20422954,5650171094000,198405540,8189551130000,37390929,28505623575000,256219423
2025/09/30 00:00:00,4,UTTARAKHAND,,,,2070,583271,117074088000,17117605,948345082000,4133487,1428788660000,21834363
2026/06/30 00:00:00,11,SIKKIM,,,,190,35370,8857560000,1140099,48707245000,153677,117709179000,1329146
2025/06/30 00:00:00,34,LAKSHADWEEP,,,,26,4625,2737763000,91244,10614081000,4854,1885535000,100723
2023/03/31 00:00:00,3,MADHYA PRADESH,,,,6198,7225697,353729579000,96436359,2158450851000,9914888,2682418669000,
2023/06/30 00:00:00,15,ASSAM,,,,2637,3210352,134307889000,39709935,996184531000,3542891,814829449000,
2026/06/30 00:00:00,21,NORTHERN REGION,,,,27263,13777640,4125857505000,451764874,14375496890000,55429398,34563304462000,520971912
2024/12/31 00:00:00,44,MAHARASHTRA,,,,13930,21100727,6457731539000,207767887,8546050867000,36841155,34707376287000,265709769
2025/09/30 00:00:00,5,UTTAR PRADESH,,,,15219,7524204,1123620993000,262237496,7860244222000,26780312,9408713337000,296542012
2025/09/30 00:00:00,12,WEST BENGAL,,,,9255,5883488,812481060000,141892752,3761040905000,22879731,7665409824000,170655971
2024/06/30 00:00:00,45,ALL-INDIA,,,,141965,114624515,18783502011000,1940977490,62939294570000,259493758,125962441144000,2315095763
2025/03/31 00:00:00,24,HIMACHAL PRADESH,,,,1540,315602,51705886000,10705886,506206802000,3365287,974515036000,14386775
2026/06/30 00:00:00,35,PUDUCHERRY,,,,241,98901,23081147000,2681447,116729017000,398665,215611926000,3179013
2024/12/31 00:00:00,12,WEST BENGAL,,,,9107,5685940,761747167000,139062422,3647080793000,22321717,7143150199000,167070079
2024/09/30 00:00:00,2,CHHATTISGARH,,,,2506,2498842,196070683000,31183543,1037317529000,3632627,1075450026000,37315012
2023/03/31 00:00:00,28,PUNJAB,,,,6169,7457513,247023468000,50937219,2126338692000,9216778,3105164464000,
2025/03/31 00:00:00,1,CENTRAL REGION,,,,26277,13858584,1897532288000,410220919,12189934855000,44962372,14965897243000,469041875
2023/09/30 00:00:00,2,CHHATTISGARH,,,,2419,2733022,172090171000,30552433,973193435000,3435435,971619521000,36720890
2026/06/30 00:00:00,6,EASTERN REGION,,,,24409,12409842,1795063895000,380954138,10617677922000,44032550,16646781356000,437396530
2023/03/31 00:00:00,36,TAMIL NADU,,,,11741,13330025,1273568986000,143088318,4073285097000,15760090,6567896278000,
2023/09/30 00:00:00,27,NCT OF DELHI,,,,3846,7263363,1697450726000,117077819,3745339740000,14173911,12310909392000,138515093
