Return Sk,Currency Sk,Stored Unit Sk,Quarter Date,Sequence No,Dimension 1,Dimension 2,Dimension 3,Dimension 4,Measure 1,Measure 2,Measure 3,Measure 4,Measure 5,Measure 6,Measure 7,Measure 8,Measure 9,Measure 10,Measure 11,Measure 12,Measure 13,Measure 14,Measure 15,St Flag,Created By,Created Date,Src Name,Report As On Date Sk
258,55,1,2022/03/31 00:00:00,43,GUJARAT,,,,8599,4129596,891977932000,87120982,3278368741000,17271485,5114329911000,,,,,,,,,ST2.3,One Time Migration,2023/09/01 11:11:07,EXISTING EDW,45650
258,55,1,2024/03/31 00:00:00,35,PUDUCHERRY,,,,285,142003,18631376000,3019187,104500882000,406167,179127813000,3567357,302260071000,,,,,,,ST2.3,REGULAR LOAD,2024/05/27 15:52:55,SADP,46381
258,55,1,2023/03/31 00:00:00,35,PUDUCHERRY,,,,272,206982,16277775000,2938894,97345176000,372170,151062388000,,,,,,,,,ST2.3,One Time Migration,2023/09/01 11:11:07,EXISTING EDW,46015
258,55,1,2025/03/31 00:00:00,7,ANDAMAN & NICOBAR ISLANDS,,,,76,30600,5564900000,528547,40960092000,127339,38965540000,686486,85490532000,,,,,,,ST2.3,REGULAR LOAD,2025/05/21 17:19:40,SADP,46746
258,55,1,2023/03/31 00:00:00,10,ODISHA,,,,5548,3168982,262134067000,68290451,1814083017000,8118601,2556964215000,,,,,,,,,ST2.3,One Time Migration,2023/09/01 11:11:07,EXISTING EDW,46015
258,55,1,2025/03/31 00:00:00,13,NORTH EASTERN REGION,,,,5238,1585161,410673704000,69024786,1859792551000,5611153,1731124531000,76221100,4001590786000,,,,,,,ST2.3,REGULAR LOAD,2025/05/21 17:19:40,SADP,46746
258,55,1,2020/03/31 00:00:00,33,KERALA,,,,6801,2523021,232493069000,63825873,1648334841000,10022816,3569410123000,76371710,5450238033000,,,,,,,ST2.3,One Time Migration,2023/09/01 11:11:07,EXISTING EDW,44920
258,55,1,2022/03/31 00:00:00,38,WESTERN REGION,,,,22954,21789213,6244192699000,276484509,11415172220000,51081971,27606284463000,,,,,,,,,ST2.3,One Time Migration,2023/09/01 11:11:07,EXISTING EDW,45650
258,55,1,2021/03/31 00:00:00,13,NORTH EASTERN REGION,,,,4735,2664603,281279331000,56975088,1396679904000,5177658,1158662411000,,,,,,,,,ST2.3,One Time Migration,2023/09/01 11:11:07,EXISTING EDW,45285
258,55,1,2022/03/31 00:00:00,24,HIMACHAL PRADESH,,,,1674,1201901,43883037000,10883052,474833118000,3234470,718001754000,,,,,,,,,ST2.3,One Time Migration,2023/09/01 11:11:07,EXISTING EDW,45650
258,55,1,2025/03/31 00:00:00,37,TELANGANA,,,,6269,2496628,941298162000,72298328,2613046363000,7895287,5121363866000,82690243,8675708391000,,,,,,,ST2.3,REGULAR LOAD,2025/05/21 17:19:40,SADP,46746
258,55,1,2019/03/31 00:00:00,35,PUDUCHERRY,,,,253,95217,8758770000,2384930,62761436000,350604,106658407000,2830751,178178613000,,,,,,,ST2.3,One Time Migration,2023/09/01 11:11:07,EXISTING EDW,44554
258,55,1,2024/03/31 00:00:00,15,ASSAM,,,,3190,5060511,183295201000,48765143,1086440507000,3915745,935007271000,57741399,2204742979000,,,,,,,ST2.3,REGULAR LOAD,2024/05/27 15:52:55,SADP,46381
258,55,1,2020/03/31 00:00:00,28,PUNJAB,,,,6735,4712484,172626690000,48143354,1515081413000,9223769,2422162028000,62079607,4109870131000,,,,,,,ST2.3,One Time Migration,2023/09/01 11:11:07,EXISTING EDW,44920
258,55,1,2021/03/31 00:00:00,34,LAKSHADWEEP,,,,21,3856,454501000,80189,10035976000,3502,1896139000,,,,,,,,,ST2.3,One Time Migration,2023/09/01 11:11:07,EXISTING EDW,45285
258,55,1,2019/03/31 00:00:00,30,SOUTHERN REGION,,,,40693,17884676,2648777734000,425192574,9771447511000,59271058,17647872345000,502348308,30068097590000,,,,,,,ST2.3,One Time Migration,2023/09/01 11:11:07,EXISTING EDW,44554
258,55,1,2019/03/31 00:00:00,29,RAJASTHAN,,,,7391,3576296,265163802000,78614327,1591648973000,9245630,1933266283000,91436253,3790079058000,,,,,,,ST2.3,One Time Migration,2023/09/01 11:11:07,EXISTING EDW,44554
258,55,1,2021/03/31 00:00:00,25,JAMMU & KASHMIR,,,,1800,2013567,137678038000,16863214,616637623000,3207481,674652563000,,,,,,,,,ST2.3,One Time Migration,2023/09/01 11:11:07,EXISTING EDW,45285
258,55,1,2024/03/31 00:00:00,37,TELANGANA,,,,6047,3276405,849796767000,69987191,2503128835000,7545086,4527981923000,80808682,7880907525000,,,,,,,ST2.3,REGULAR LOAD,2024/05/27 15:52:55,SADP,46381
258,55,1,2026/03/31 00:00:00,9,JHARKHAND,,,,3631,1496692,276913286000,53013677,1604343567000,5472671,2144329154000,59983040,4025586007000,,,,,,,ST2.3,REGULAR LOAD,2026/05/22 20:26:04,SADP,47111
258,55,1,2020/03/31 00:00:00,44,MAHARASHTRA,,,,13578,11706603,4106098047000,170244720,5753238057000,29233528,18218174140000,211184851,28077510244000,,,,,,,ST2.3,One Time Migration,2023/09/01 11:11:07,EXISTING EDW,44920
258,55,1,2023/03/31 00:00:00,6,EASTERN REGION,,,,26677,27076975,1584095119000,406623315,9758134268000,43657973,11886105808000,,,,,,,,,ST2.3,One Time Migration,2023/09/01 11:11:07,EXISTING EDW,46015
258,55,1,2025/03/31 00:00:00,1,CENTRAL REGION,,,,32915,14561560,1925014286000,508635712,13460333975000,48677343,15589966262000,571874615,30975314523000,,,,,,,ST2.3,REGULAR LOAD,2025/05/21 17:19:40,SADP,46746
258,55,1,2025/03/31 00:00:00,11,SIKKIM,,,,185,40505,11449063000,1132828,50013810000,144351,101440108000,1317684,162902981000,,,,,,,ST2.3,REGULAR LOAD,2025/05/21 17:19:40,SADP,46746
258,55,1,2019/03/31 00:00:00,11,SIKKIM,,,,143,27868,7582859000,885346,34240149000,117555,54498528000,1030769,96321536000,,,,,,,ST2.3,One Time Migration,2023/09/01 11:11:07,EXISTING EDW,44554
258,55,1,2020/03/31 00:00:00,3,MADHYA PRADESH,,,,7234,4208898,262781835000,94642428,1576414809000,11732115,2128592704000,110583441,3967789348000,,,,,,,ST2.3,One Time Migration,2023/09/01 11:11:07,EXISTING EDW,44920
258,55,1,2024/03/31 00:00:00,26,LADAKH,,,,100,80685,16615579000,485918,38034720000,78629,33827395000,645232,88477694000,,,,,,,ST2.3,REGULAR LOAD,2024/05/27 15:52:55,SADP,46381
258,55,1,2026/03/31 00:00:00,25,JAMMU & KASHMIR,,,,2017,3078307,183871067000,18037609,765218150000,3796226,1166844217000,24912142,2115933434000,,,,,,,ST2.3,REGULAR LOAD,2026/05/22 20:26:04,SADP,47111
258,55,1,2020/03/31 00:00:00,1,CENTRAL REGION,,,,30292,17792027,1155866236000,390670105,8469245556000,44523616,8892612325000,452985748,18517724117000,,,,,,,ST2.3,One Time Migration,2023/09/01 11:11:07,EXISTING EDW,44920
258,55,1,2026/03/31 00:00:00,19,NAGALAND,,,,245,66089,48381129000,1806496,82258529000,128714,65789482000,2001299,196429140000,,,,,,,ST2.3,REGULAR LOAD,2026/05/22 20:26:04,SADP,47111
258,55,1,2025/03/31 00:00:00,6,EASTERN REGION,,,,28084,13631688,1813569942000,431329974,10735955025000,47175719,15151847869000,492137381,27701372836000,,,,,,,ST2.3,REGULAR LOAD,2025/05/21 17:19:40,SADP,46746
258,55,1,2025/03/31 00:00:00,15,ASSAM,,,,3236,1071680,176089664000,51516086,1070819834000,4134967,1093790524000,56722733,2340700022000,,,,,,,ST2.3,REGULAR LOAD,2025/05/21 17:19:40,SADP,46746
258,55,1,2026/03/31 00:00:00,11,SIKKIM,,,,187,34753,11283535000,1122242,48115986000,145531,117700192000,1302526,177099713000,,,,,,,ST2.3,REGULAR LOAD,2026/05/22 20:26:04,SADP,47111
258,55,1,2025/03/31 00:00:00,38,WESTERN REGION,,,,25148,26012157,8741757883000,324440051,13523186497000,59528939,44181709546000,409981147,66446653926000,,,,,,,ST2.3,REGULAR LOAD,2025/05/21 17:19:40,SADP,46746
258,55,1,2022/03/31 00:00:00,8,BIHAR,,,,7640,7797821,265270208000,135401692,2675928181000,10726981,1482970881000,,,,,,,,,ST2.3,One Time Migration,2023/09/01 11:11:07,EXISTING EDW,45650
258,55,1,2021/03/31 00:00:00,4,UTTARAKHAND,,,,2220,916183,89081570000,15586369,667108349000,3577625,897137312000,,,,,,,,,ST2.3,One Time Migration,2023/09/01 11:11:07,EXISTING EDW,45285
258,55,1,2019/03/31 00:00:00,17,MEGHALAYA,,,,346,92440,37300926000,2455044,97597000000,293333,105736057000,2840817,240633983000,,,,,,,ST2.3,One Time Migration,2023/09/01 11:11:07,EXISTING EDW,44554
258,55,1,2020/03/31 00:00:00,34,LAKSHADWEEP,,,,13,4480,451601000,94093,8624284000,3769,2070324000,102342,11146209000,,,,,,,ST2.3,One Time Migration,2023/09/01 11:11:07,EXISTING EDW,44920
258,55,1,2021/03/31 00:00:00,44,MAHARASHTRA,,,,13648,14587412,4746503959000,174112206,7316074558000,31373952,19568498624000,,,,,,,,,ST2.3,One Time Migration,2023/09/01 11:11:07,EXISTING EDW,45285
258,55,1,2019/03/31 00:00:00,3,MADHYA PRADESH,,,,6747,3928979,256712332000,89354890,1498996903000,12248321,1933802233000,105532190,3689511468000,,,,,,,ST2.3,One Time Migration,2023/09/01 11:11:07,EXISTING EDW,44554
258,55,1,2020/03/31 00:00:00,17,MEGHALAYA,,,,364,91948,31538375000,2601672,111758516000,301445,94262882000,2995065,237559773000,,,,,,,ST2.3,One Time Migration,2023/09/01 11:11:07,EXISTING EDW,44920
258,55,1,2022/03/31 00:00:00,30,SOUTHERN REGION,,,,43025,19976862,4191047639000,472984155,14738918754000,58670068,23278693301000,,,,,,,,,ST2.3,One Time Migration,2023/09/01 11:11:07,EXISTING EDW,45650
258,55,1,2020/03/31 00:00:00,4,UTTARAKHAND,,,,2194,1132054,74209012000,15610098,587866731000,3510555,833417468000,20252707,1495493211000,,,,,,,ST2.3,One Time Migration,2023/09/01 11:11:07,EXISTING EDW,44920
258,55,1,2020/03/31 00:00:00,36,TAMIL NADU,,,,11829,5792686,844733071000,126871147,2875152872000,17360414,5270489367000,150024247,8990375310000,,,,,,,ST2.3,One Time Migration,2023/09/01 11:11:07,EXISTING EDW,44920
258,55,1,2026/03/31 00:00:00,29,RAJASTHAN,,,,9049,2948099,542815908000,108758222,3084400500000,12503329,4501659336000,124209650,8128875744000,,,,,,,ST2.3,REGULAR LOAD,2026/05/22 20:26:04,SADP,47111
258,55,1,2021/03/31 00:00:00,29,RAJASTHAN,,,,7871,3714332,336050409000,85501869,1998437768000,10209265,2409890790000,,,,,,,,,ST2.3,One Time Migration,2023/09/01 11:11:07,EXISTING EDW,45285
258,55,1,2024/03/31 00:00:00,43,GUJARAT,,,,9191,4990394,1168413423000,96926338,3817760963000,18789987,6967475721000,120706719,11953650107000,,,,,,,ST2.3,REGULAR LOAD,2024/05/27 15:52:55,SADP,46381
258,55,1,2024/03/31 00:00:00,13,NORTH EASTERN REGION,,,,5112,6518953,371340443000,65224680,1829373950000,5325043,1496062208000,77068676,3696776601000,,,,,,,ST2.3,REGULAR LOAD,2024/05/27 15:52:55,SADP,46381
258,55,1,2020/03/31 00:00:00,25,JAMMU & KASHMIR,,,,1767,1939713,126630759000,16547153,531999944000,3131143,621624335000,21618009,1280255038000,,,,,,,ST2.3,One Time Migration,2023/09/01 11:11:07,EXISTING EDW,44920
258,55,1,2021/03/31 00:00:00,23,HARYANA,,,,5225,3171211,485388007000,43958508,1984564210000,7661715,2915695360000,,,,,,,,,ST2.3,One Time Migration,2023/09/01 11:11:07,EXISTING EDW,45285
258,55,1,2020/03/31 00:00:00,20,TRIPURA,,,,565,83138,18331002000,4894259,117314476000,586245,129220872000,5563642,264866350000,,,,,,,ST2.3,One Time Migration,2023/09/01 11:11:07,EXISTING EDW,44920
258,55,1,2021/03/31 00:00:00,16,MANIPUR,,,,210,191207,26477657000,2791140,69758570000,87152,26990292000,,,,,,,,,ST2.3,One Time Migration,2023/09/01 11:11:07,EXISTING EDW,45285
258,55,1,2023/03/31 00:00:00,7,ANDAMAN & NICOBAR ISLANDS,,,,70,34383,6090350000,500160,38594011000,108529,26532333000,,,,,,,,,ST2.3,One Time Migration,2023/09/01 11:11:07,EXISTING EDW,46015
258,55,1,2020/03/31 00:00:00,18,MIZORAM,,,,203,22104,13010195000,1408248,58933349000,60492,41378440000,1490844,113321984000,,,,,,,ST2.3,One Time Migration,2023/09/01 11:11:07,EXISTING EDW,44920
258,55,1,2024/03/31 00:00:00,6,EASTERN REGION,,,,27288,36101690,1751828294000,405918618,10278869625000,45650148,13464045618000,487670456,25494743537000,,,,,,,ST2.3,REGULAR LOAD,2024/05/27 15:52:55,SADP,46381
258,55,1,2024/03/31 00:00:00,38,WESTERN REGION,,,,24389,27288446,7800218446000,311601863,12915824861000,57652278,39192833321000,396542587,59908876628000,,,,,,,ST2.3,REGULAR LOAD,2024/05/27 15:52:55,SADP,46381
258,55,1,2023/03/31 00:00:00,8,BIHAR,,,,7832,9010212,271424776000,141164810,2873860977000,8456044,1639005410000,,,,,,,,,ST2.3,One Time Migration,2023/09/01 11:11:07,EXISTING EDW,46015
258,55,1,2023/03/31 00:00:00,19,NAGALAND,,,,192,86991,29386182000,1632154,81435272000,113656,44973003000,,,,,,,,,ST2.3,One Time Migration,2023/09/01 11:11:07,EXISTING EDW,46015
258,55,1,2026/03/31 00:00:00,17,MEGHALAYA,,,,391,95070,47456353000,3462523,170761320000,347395,170353283000,3904988,388570956000,,,,,,,ST2.3,REGULAR LOAD,2026/05/22 20:26:04,SADP,47111
258,55,1,2026/03/31 00:00:00,22,CHANDIGARH,,,,463,163151,73713585000,3190944,361481916000,1284374,893710747000,4638469,1328906248000,,,,,,,ST2.3,REGULAR LOAD,2026/05/22 20:26:04,SADP,47111
258,55,1,2025/03/31 00:00:00,45,ALL-INDIA,,,,167806,87137998,22809124696000,2321439591,69571065228000,284716551,142138193879000,2693294140,234518383803000,,,,,,,ST2.3,REGULAR LOAD,2025/05/21 17:19:40,SADP,46746
258,55,1,2024/03/31 00:00:00,21,NORTHERN REGION,,,,29018,38604619,4017773237000,423021327,12876820441000,53643245,26926447034000,515269191,43821040712000,,,,,,,ST2.3,REGULAR LOAD,2024/05/27 15:52:55,SADP,46381
258,55,1,2026/03/31 00:00:00,44,MAHARASHTRA,,,,15341,22803186,8206951714000,206398489,10192293970000,38778120,40484914888000,267979795,58884160572000,,,,,,,ST2.3,REGULAR LOAD,2026/05/22 20:26:04,SADP,47111
258,55,1,2025/03/31 00:00:00,32,KARNATAKA,,,,11395,4107844,2056658380000,127398402,5037682981000,19616124,11792735889000,151122370,18887077250000,,,,,,,ST2.3,REGULAR LOAD,2025/05/21 17:19:40,SADP,46746
258,55,1,2022/03/31 00:00:00,41,DADRA AND NAGAR HAVELI AND DAMAN AND DIU,,,,102,68272,13018467000,1375544,59509156000,187640,59572943000,,,,,,,,,ST2.3,One Time Migration,2023/09/01 11:11:07,EXISTING EDW,45650
258,55,1,2024/03/31 00:00:00,27,NCT OF DELHI,,,,3894,7323838,2181746232000,130883019,3888772071000,14608453,12485576194000,152815310,18556094497000,,,,,,,ST2.3,REGULAR LOAD,2024/05/27 15:52:55,SADP,46381
258,55,1,2021/03/31 00:00:00,28,PUNJAB,,,,6700,4072391,203530687000,47560850,1734473829000,9334843,2652270424000,,,,,,,,,ST2.3,One Time Migration,2023/09/01 11:11:07,EXISTING EDW,45285
258,55,1,2021/03/31 00:00:00,20,TRIPURA,,,,579,231210,17946280000,4981253,132245738000,583025,133808268000,,,,,,,,,ST2.3,One Time Migration,2023/09/01 11:11:07,EXISTING EDW,45285
258,55,1,2024/03/31 00:00:00,32,KARNATAKA,,,,11236,5153152,1841474733000,123924416,4862837098000,19025868,10119798037000,148103436,16824109868000,,,,,,,ST2.3,REGULAR LOAD,2024/05/27 15:52:55,SADP,46381
258,55,1,2019/03/31 00:00:00,1,CENTRAL REGION,,,,28969,16963227,1146292027000,373334808,7826073670000,44603211,7929172686000,434901246,16901538383000,,,,,,,ST2.3,One Time Migration,2023/09/01 11:11:07,EXISTING EDW,44554
258,55,1,2019/03/31 00:00:00,27,NCT OF DELHI,,,,3716,4033164,1268693138000,34555974,2480430410000,12261176,8351960020000,50850314,12101083568000,,,,,,,ST2.3,One Time Migration,2023/09/01 11:11:07,EXISTING EDW,44554
258,55,1,2020/03/31 00:00:00,29,RAJASTHAN,,,,7775,3652689,270243439000,82938599,1726335402000,9883100,2204918036000,96474388,4201496877000,,,,,,,ST2.3,One Time Migration,2023/09/01 11:11:07,EXISTING EDW,44920
258,55,1,2023/03/31 00:00:00,20,TRIPURA,,,,613,356072,22380205000,6131210,165594185000,613048,152678730000,,,,,,,,,ST2.3,One Time Migration,2023/09/01 11:11:07,EXISTING EDW,46015
258,55,1,2024/03/31 00:00:00,1,CENTRAL REGION,,,,31958,35244142,1874660290000,491604890,12614112837000,46755518,13815336125000,573604550,28304109252000,,,,,,,ST2.3,REGULAR LOAD,2024/05/27 15:52:55,SADP,46381
258,55,1,2024/03/31 00:00:00,45,ALL-INDIA,,,,163216,166451129,20607889559000,2211709747,66481510224000,274212576,125444180898000,2652373452,212533580681000,,,,,,,ST2.3,REGULAR LOAD,2024/05/27 15:52:55,SADP,46381
258,55,1,2020/03/31 00:00:00,26,LADAKH,,,,68,40226,6237918000,438763,24299054000,61552,19011403000,540541,49548375000,,,,,,,ST2.3,One Time Migration,2023/09/01 11:11:07,EXISTING EDW,44920
258,55,1,2025/03/31 00:00:00,42,GOA,,,,690,195278,63090898000,4418920,324000285000,1926565,819532428000,6540763,1206623611000,,,,,,,ST2.3,REGULAR LOAD,2025/05/21 17:19:40,SADP,46746
258,55,1,2020/03/31 00:00:00,39,DADRA & NAGAR HAVELI,,,,,,,,,,,,,,,,,,,ST2.3,One Time Migration,2023/09/01 11:11:07,EXISTING EDW,44920
258,55,1,2024/03/31 00:00:00,36,TAMIL NADU,,,,12832,7476928,1349383729000,148631234,4223758291000,17439940,7872391008000,173548102,13445533028000,,,,,,,ST2.3,REGULAR LOAD,2024/05/27 15:52:55,SADP,46381
258,55,1,2021/03/31 00:00:00,31,ANDHRA PRADESH,,,,7431,2322352,243701216000,84917438,1483752667000,8678056,1870246579000,,,,,,,,,ST2.3,One Time Migration,2023/09/01 11:11:07,EXISTING EDW,45285
258,55,1,2022/03/31 00:00:00,34,LAKSHADWEEP,,,,21,4328,678759000,82784,9893319000,4454,1732113000,,,,,,,,,ST2.3,One Time Migration,2023/09/01 11:11:07,EXISTING EDW,45650
258,55,1,2020/03/31 00:00:00,13,NORTH EASTERN REGION,,,,4632,1536696,275062018000,53749429,1291901169000,5098552,1089589081000,60384677,2656552268000,,,,,,,ST2.3,One Time Migration,2023/09/01 11:11:07,EXISTING EDW,44920
258,55,1,2022/03/31 00:00:00,26,LADAKH,,,,81,57339,12027671000,459614,36948894000,68636,25571740000,,,,,,,,,ST2.3,One Time Migration,2023/09/01 11:11:07,EXISTING EDW,45650
258,55,1,2025/03/31 00:00:00,14,ARUNACHAL PRADESH,,,,229,88470,79545825000,1982127,149009859000,220606,102579671000,2291203,331135355000,,,,,,,ST2.3,REGULAR LOAD,2025/05/21 17:19:40,SADP,46746
258,55,1,2021/03/31 00:00:00,1,CENTRAL REGION,,,,30437,17538405,1323104169000,396867738,9683669344000,44646327,9691220247000,,,,,,,,,ST2.3,One Time Migration,2023/09/01 11:11:07,EXISTING EDW,45285
258,55,1,2019/03/31 00:00:00,15,ASSAM,,,,2404,1102739,126017079000,36144090,723617276000,3758522,621276894000,41005351,1470911249000,,,,,,,ST2.3,One Time Migration,2023/09/01 11:11:07,EXISTING EDW,44554
258,55,1,2026/03/31 00:00:00,16,MANIPUR,,,,276,82010,26301144000,3375466,108317764000,117703,51021519000,3575179,185640427000,,,,,,,ST2.3,REGULAR LOAD,2026/05/22 20:26:04,SADP,47111
258,55,1,2026/03/31 00:00:00,14,ARUNACHAL PRADESH,,,,243,85761,87235053000,2014006,150430374000,232623,123706119000,2332390,361371546000,,,,,,,ST2.3,REGULAR LOAD,2026/05/22 20:26:04,SADP,47111
258,55,1,2022/03/31 00:00:00,36,TAMIL NADU,,,,12094,6618477,1129479611000,135371928,3928831098000,16095086,6115807340000,,,,,,,,,ST2.3,One Time Migration,2023/09/01 11:11:07,EXISTING EDW,45650
258,55,1,2021/03/31 00:00:00,17,MEGHALAYA,,,,367,103729,33879534000,2756221,119342274000,315702,104992683000,,,,,,,,,ST2.3,One Time Migration,2023/09/01 11:11:07,EXISTING EDW,45285
258,55,1,2025/03/31 00:00:00,16,MANIPUR,,,,261,90323,22095107000,3345246,104593688000,111453,41368461000,3547022,168057256000,,,,,,,ST2.3,REGULAR LOAD,2025/05/21 17:19:40,SADP,46746
258,55,1,2026/03/31 00:00:00,43,GUJARAT,,,,9819,3745070,1399302551000,101870567,4359741636000,19821007,8178667299000,125436644,13937711486000,,,,,,,ST2.3,REGULAR LOAD,2026/05/22 20:26:04,SADP,47111
258,55,1,2026/03/31 00:00:00,12,WEST BENGAL,,,,10322,5731988,965683006000,161967111,4091865716000,23097462,8163853292000,190796561,13221402014000,,,,,,,ST2.3,REGULAR LOAD,2026/05/22 20:26:04,SADP,47111
258,55,1,2019/03/31 00:00:00,34,LAKSHADWEEP,,,,13,4513,602822000,92234,8252454000,3859,2100522000,100606,10955798000,,,,,,,ST2.3,One Time Migration,2023/09/01 11:11:07,EXISTING EDW,44554
258,55,1,2026/03/31 00:00:00,35,PUDUCHERRY,,,,288,98353,22907760000,2986824,118504361000,446550,223457646000,3531727,364869767000,,,,,,,ST2.3,REGULAR LOAD,2026/05/22 20:26:04,SADP,47111
258,55,1,2023/03/31 00:00:00,38,WESTERN REGION,,,,23605,25461075,6949751421000,302197428,11949280612000,54659200,31766833204000,,,,,,,,,ST2.3,One Time Migration,2023/09/01 11:11:07,EXISTING EDW,46015
258,55,1,2020/03/31 00:00:00,16,MANIPUR,,,,203,75190,20803584000,2740398,57874957000,80592,25009783000,2896180,103688324000,,,,,,,ST2.3,One Time Migration,2023/09/01 11:11:07,EXISTING EDW,44920
258,55,1,2023/03/31 00:00:00,18,MIZORAM,,,,227,34203,9646408000,1555838,81757811000,74631,55414270000,,,,,,,,,ST2.3,One Time Migration,2023/09/01 11:11:07,EXISTING EDW,46015
258,55,1,2022/03/31 00:00:00,17,MEGHALAYA,,,,368,132788,34327278000,2884462,145387602000,321192,114692082000,,,,,,,,,ST2.3,One Time Migration,2023/09/01 11:11:07,EXISTING EDW,45650
258,55,1,2020/03/31 00:00:00,40,DAMAN & DIU,,,,,,,,,,,,,,,,,,,ST2.3,One Time Migration,2023/09/01 11:11:07,EXISTING EDW,44920
258,55,1,2024/03/31 00:00:00,22,CHANDIGARH,,,,466,480367,73641967000,3251899,363841233000,1247409,703402630000,4979675,1140885830000,,,,,,,ST2.3,REGULAR LOAD,2024/05/27 15:52:55,SADP,46381
258,55,1,2019/03/31 00:00:00,4,UTTARAKHAND,,,,2126,1110379,72956781000,14941695,535852087000,3405796,761594745000,19457870,1370403613000,,,,,,,ST2.3,One Time Migration,2023/09/01 11:11:07,EXISTING EDW,44554
258,55,1,2023/03/31 00:00:00,11,SIKKIM,,,,168,79943,9236241000,1012451,48032585000,140506,78270759000,,,,,,,,,ST2.3,One Time Migration,2023/09/01 11:11:07,EXISTING EDW,46015
258,55,1,2025/03/31 00:00:00,25,JAMMU & KASHMIR,,,,1996,2904453,172436543000,18401621,708600114000,3652285,1038781574000,24958359,1919818231000,,,,,,,ST2.3,REGULAR LOAD,2025/05/21 17:19:40,SADP,46746
258,55,1,2021/03/31 00:00:00,21,NORTHERN REGION,,,,27543,17871558,3031927072000,242596753,10228063195000,47993230,18896179351000,,,,,,,,,ST2.3,One Time Migration,2023/09/01 11:11:07,EXISTING EDW,45285
258,55,1,2026/03/31 00:00:00,4,UTTARAKHAND,,,,2399,552129,128996963000,19264107,1022888563000,4404756,1532420602000,24220992,2684306128000,,,,,,,ST2.3,REGULAR LOAD,2026/05/22 20:26:04,SADP,47111
258,55,1,2026/03/31 00:00:00,10,ODISHA,,,,6099,1848911,358522143000,73883594,2285497089000,8996912,3797182923000,84729417,6441202155000,,,,,,,ST2.3,REGULAR LOAD,2026/05/22 20:26:04,SADP,47111
258,55,1,2025/03/31 00:00:00,10,ODISHA,,,,5920,1926430,347638717000,72007629,2101225075000,9076249,3390387333000,83010308,5839251125000,,,,,,,ST2.3,REGULAR LOAD,2025/05/21 17:19:40,SADP,46746
258,55,1,2022/03/31 00:00:00,44,MAHARASHTRA,,,,13590,17355441,5295544987000,183983059,7804919236000,31850307,21819412717000,,,,,,,,,ST2.3,One Time Migration,2023/09/01 11:11:07,EXISTING EDW,45650
258,55,1,2020/03/31 00:00:00,23,HARYANA,,,,5224,3466792,426213859000,43306915,1753539205000,7387730,2573763210000,54161437,4753516274000,,,,,,,ST2.3,One Time Migration,2023/09/01 11:11:07,EXISTING EDW,44920
258,55,1,2022/03/31 00:00:00,29,RAJASTHAN,,,,7969,5278087,382953983000,92330380,2342869576000,10307968,2580515373000,,,,,,,,,ST2.3,One Time Migration,2023/09/01 11:11:07,EXISTING EDW,45650
258,55,1,2021/03/31 00:00:00,18,MIZORAM,,,,210,24328,10201420000,1468298,64299271000,65932,45497764000,,,,,,,,,ST2.3,One Time Migration,2023/09/01 11:11:07,EXISTING EDW,45285
258,55,1,2025/03/31 00:00:00,43,GUJARAT,,,,9513,3899696,1199106048000,100590452,3986570829000,19463477,7545042097000,123953625,12730718974000,,,,,,,ST2.3,REGULAR LOAD,2025/05/21 17:19:40,SADP,46746
258,55,1,2020/03/31 00:00:00,21,NORTHERN REGION,,,,27500,19402101,2432385871000,240260887,8918678857000,46810355,17187032872000,306473343,28538097600000,,,,,,,ST2.3,One Time Migration,2023/09/01 11:11:07,EXISTING EDW,44920
258,55,1,2021/03/31 00:00:00,33,KERALA,,,,6869,2501446,324975050000,64349608,1945137630000,9778726,3806378156000,,,,,,,,,ST2.3,One Time Migration,2023/09/01 11:11:07,EXISTING EDW,45285
258,55,1,2026/03/31 00:00:00,13,NORTH EASTERN REGION,,,,5338,1494858,438075316000,71127756,1923156440000,5846318,1901377873000,78468932,4262609629000,,,,,,,ST2.3,REGULAR LOAD,2026/05/22 20:26:04,SADP,47111
258,55,1,2025/03/31 00:00:00,33,KERALA,,,,7380,3048823,487176004000,79412160,2450009164000,12739862,6011362457000,95200845,8948547625000,,,,,,,ST2.3,REGULAR LOAD,2025/05/21 17:19:40,SADP,46746
258,55,1,2021/03/31 00:00:00,8,BIHAR,,,,7584,5331490,226101643000,126181822,2315107077000,10650455,1433708111000,,,,,,,,,ST2.3,One Time Migration,2023/09/01 11:11:07,EXISTING EDW,45285
258,55,1,2026/03/31 00:00:00,42,GOA,,,,707,198147,67242516000,4405468,351934973000,1949958,869437728000,6553573,1288615217000,,,,,,,ST2.3,REGULAR LOAD,2026/05/22 20:26:04,SADP,47111
258,55,1,2026/03/31 00:00:00,34,LAKSHADWEEP,,,,18,4794,3286959000,94256,11484420000,5052,4105647000,104102,18877026000,,,,,,,ST2.3,REGULAR LOAD,2026/05/22 20:26:04,SADP,47111
258,55,1,2021/03/31 00:00:00,22,CHANDIGARH,,,,442,237346,54602886000,2838565,259776492000,1199417,498822548000,,,,,,,,,ST2.3,One Time Migration,2023/09/01 11:11:07,EXISTING EDW,45285
258,55,1,2023/03/31 00:00:00,30,SOUTHERN REGION,,,,44138,28761773,4554341520000,507877280,15304136073000,61133872,25862984325000,,,,,,,,,ST2.3,One Time Migration,2023/09/01 11:11:07,EXISTING EDW,46015
258,55,1,2022/03/31 00:00:00,6,EASTERN REGION,,,,26066,23887704,1574782262000,383657065,9183614867000,47355837,10683474982000,,,,,,,,,ST2.3,One Time Migration,2023/09/01 11:11:07,EXISTING EDW,45650
258,55,1,2022/03/31 00:00:00,9,JHARKHAND,,,,3206,2284644,211564598000,45175038,1202038405000,5528347,1416288431000,,,,,,,,,ST2.3,One Time Migration,2023/09/01 11:11:07,EXISTING EDW,45650
258,55,1,2021/03/31 00:00:00,37,TELANGANA,,,,5579,2323271,1078291084000,62027273,1934095297000,6974200,3042292116000,,,,,,,,,ST2.3,One Time Migration,2023/09/01 11:11:07,EXISTING EDW,45285
258,55,1,2026/03/31 00:00:00,41,DADRA AND NAGAR HAVELI AND DAMAN AND DIU,,,,116,54066,16791680000,1570842,74029485000,222750,90456702000,1847658,181277867000,,,,,,,ST2.3,REGULAR LOAD,2026/05/22 20:26:04,SADP,47111
258,55,1,2020/03/31 00:00:00,8,BIHAR,,,,7463,5418168,207567150000,119802966,2192118909000,9745074,1357380976000,134966208,3757067035000,,,,,,,ST2.3,One Time Migration,2023/09/01 11:11:07,EXISTING EDW,44920
258,55,1,2023/03/31 00:00:00,17,MEGHALAYA,,,,374,145078,32087879000,3027639,156216658000,333784,124441301000,,,,,,,,,ST2.3,One Time Migration,2023/09/01 11:11:07,EXISTING EDW,46015
258,55,1,2023/03/31 00:00:00,12,WEST BENGAL,,,,9761,12244331,848110104000,148302784,3690026645000,21936276,6025529523000,,,,,,,,,ST2.3,One Time Migration,2023/09/01 11:11:07,EXISTING EDW,46015
258,55,1,2023/03/31 00:00:00,13,NORTH EASTERN REGION,,,,4918,4118816,327140156000,67249392,1816848988000,5310602,1300214754000,,,,,,,,,ST2.3,One Time Migration,2023/09/01 11:11:07,EXISTING EDW,46015
258,55,1,2026/03/31 00:00:00,3,MADHYA PRADESH,,,,8128,4451403,477649036000,121197953,2817703262000,11883524,4294547165000,137532880,7589899463000,,,,,,,ST2.3,REGULAR LOAD,2026/05/22 20:26:04,SADP,47111
258,55,1,2019/03/31 00:00:00,44,MAHARASHTRA,,,,12943,9126231,3773779025000,161453492,5057385656000,27307702,17247284363000,197887425,26078449044000,,,,,,,ST2.3,One Time Migration,2023/09/01 11:11:07,EXISTING EDW,44554
258,55,1,2023/03/31 00:00:00,16,MANIPUR,,,,240,303752,22923370000,3193640,95270796000,101090,30311660000,,,,,,,,,ST2.3,One Time Migration,2023/09/01 11:11:07,EXISTING EDW,46015
258,55,1,2020/03/31 00:00:00,24,HIMACHAL PRADESH,,,,1652,1026438,33342283000,9887615,369974091000,3181259,632129719000,14095312,1035446093000,,,,,,,ST2.3,One Time Migration,2023/09/01 11:11:07,EXISTING EDW,44920
258,55,1,2019/03/31 00:00:00,43,GUJARAT,,,,8150,3389983,591143479000,77620772,2227665907000,17758117,3930406249000,98768872,6749215635000,,,,,,,ST2.3,One Time Migration,2023/09/01 11:11:07,EXISTING EDW,44554
258,55,1,2021/03/31 00:00:00,19,NAGALAND,,,,180,54406,27397648000,1480796,54475429000,104141,43921259000,,,,,,,,,ST2.3,One Time Migration,2023/09/01 11:11:07,EXISTING EDW,45285
258,55,1,2026/03/31 00:00:00,31,ANDHRA PRADESH,,,,8270,2326670,495576221000,92865926,2254533165000,9055971,3280825132000,104248567,6030934518000,,,,,,,ST2.3,REGULAR LOAD,2026/05/22 20:26:04,SADP,47111
258,55,1,2024/03/31 00:00:00,42,GOA,,,,680,269805,48821819000,4316834,304856132000,1895799,766535609000,6482438,1120213560000,,,,,,,ST2.3,REGULAR LOAD,2024/05/27 15:52:55,SADP,46381
258,55,1,2022/03/31 00:00:00,33,KERALA,,,,6814,3112486,373512786000,70066910,2303825097000,9993309,4025556814000,,,,,,,,,ST2.3,One Time Migration,2023/09/01 11:11:07,EXISTING EDW,45650
258,55,1,2023/03/31 00:00:00,23,HARYANA,,,,5326,5604614,712613734000,52612420,2365863672000,8134720,3945223203000,,,,,,,,,ST2.3,One Time Migration,2023/09/01 11:11:07,EXISTING EDW,46015
258,55,1,2022/03/31 00:00:00,42,GOA,,,,663,235904,43651313000,4004924,272375087000,1772539,612968892000,,,,,,,,,ST2.3,One Time Migration,2023/09/01 11:11:07,EXISTING EDW,45650
258,55,1,2022/03/31 00:00:00,35,PUDUCHERRY,,,,265,111431,15307677000,2774097,93323973000,359673,136892406000,,,,,,,,,ST2.3,One Time Migration,2023/09/01 11:11:07,EXISTING EDW,45650
258,55,1,2019/03/31 00:00:00,31,ANDHRA PRADESH,,,,7087,2960247,218770677000,80446858,1201359753000,8263569,1584387694000,91670674,3004518124000,,,,,,,ST2.3,One Time Migration,2023/09/01 11:11:07,EXISTING EDW,44554
258,55,1,2023/03/31 00:00:00,29,RAJASTHAN,,,,8304,5936123,435032838000,101037164,2511831146000,10809644,2997394093000,,,,,,,,,ST2.3,One Time Migration,2023/09/01 11:11:07,EXISTING EDW,46015
258,55,1,2023/03/31 00:00:00,28,PUNJAB,,,,6612,8034999,249947829000,53811131,2182367032000,9474530,3170438213000,,,,,,,,,ST2.3,One Time Migration,2023/09/01 11:11:07,EXISTING EDW,46015
258,55,1,2019/03/31 00:00:00,37,TELANGANA,,,,5227,2141791,560315984000,58826786,1531468580000,7091492,2494023033000,68060069,4585807597000,,,,,,,ST2.3,One Time Migration,2023/09/01 11:11:07,EXISTING EDW,44554
258,55,1,2026/03/31 00:00:00,6,EASTERN REGION,,,,28722,12795004,1951978355000,448462726,11540096809000,46629815,16689374659000,507887545,30181449823000,,,,,,,ST2.3,REGULAR LOAD,2026/05/22 20:26:04,SADP,47111
258,55,1,2026/03/31 00:00:00,21,NORTHERN REGION,,,,30538,13774707,4584790495000,486697799,14714309624000,56839374,33986331462000,557311880,53285431581000,,,,,,,ST2.3,REGULAR LOAD,2026/05/22 20:26:04,SADP,47111
258,55,1,2021/03/31 00:00:00,2,CHHATTISGARH,,,,2844,1798420,142373909000,36833994,808791790000,3747668,781001407000,,,,,,,,,ST2.3,One Time Migration,2023/09/01 11:11:07,EXISTING EDW,45285
258,55,1,2026/03/31 00:00:00,36,TAMIL NADU,,,,13584,5408865,1689699406000,148792875,4885677093000,18493070,10002354622000,172694810,16577731121000,,,,,,,ST2.3,REGULAR LOAD,2026/05/22 20:26:04,SADP,47111
258,55,1,2022/03/31 00:00:00,28,PUNJAB,,,,6550,7204355,228658505000,51272423,2055946576000,9291383,2816774658000,,,,,,,,,ST2.3,One Time Migration,2023/09/01 11:11:07,EXISTING EDW,45650
258,55,1,2019/03/31 00:00:00,36,TAMIL NADU,,,,11206,5781997,745967068000,118512991,2610601132000,16778301,4630816002000,141073289,7987384202000,,,,,,,ST2.3,One Time Migration,2023/09/01 11:11:07,EXISTING EDW,44554
258,55,1,2020/03/31 00:00:00,31,ANDHRA PRADESH,,,,7252,2795646,229513634000,81164405,1282500837000,8269289,1736712655000,92229340,3248727126000,,,,,,,ST2.3,One Time Migration,2023/09/01 11:11:07,EXISTING EDW,44920
258,55,1,2022/03/31 00:00:00,20,TRIPURA,,,,589,309273,22256364000,5236790,150371597000,553893,140414520000,,,,,,,,,ST2.3,One Time Migration,2023/09/01 11:11:07,EXISTING EDW,45650
258,55,1,2023/03/31 00:00:00,36,TAMIL NADU,,,,12407,13352063,1274489805000,148651070,4111058859000,16250309,6728389972000,,,,,,,,,ST2.3,One Time Migration,2023/09/01 11:11:07,EXISTING EDW,46015
258,55,1,2019/03/31 00:00:00,2,CHHATTISGARH,,,,2634,1370336,110802939000,34290317,650137107000,4011180,665616731000,39671833,1426556777000,,,,,,,ST2.3,One Time Migration,2023/09/01 11:11:07,EXISTING EDW,44554
258,55,1,2026/03/31 00:00:00,5,UTTAR PRADESH,,,,19819,7565391,1364899504000,336686782,9428474589000,29152756,10433765090000,373404929,21227139183000,,,,,,,ST2.3,REGULAR LOAD,2026/05/22 20:26:04,SADP,47111
258,55,1,2019/03/31 00:00:00,7,ANDAMAN & NICOBAR ISLANDS,,,,69,25862,5444011000,495703,24283393000,94116,22130868000,615681,51858272000,,,,,,,ST2.3,One Time Migration,2023/09/01 11:11:07,EXISTING EDW,44554
258,55,1,2019/03/31 00:00:00,5,UTTAR PRADESH,,,,17462,10553533,705819975000,234747906,5141087573000,24937914,4568158977000,270239353,10415066525000,,,,,,,ST2.3,One Time Migration,2023/09/01 11:11:07,EXISTING EDW,44554
258,55,1,2023/03/31 00:00:00,44,MAHARASHTRA,,,,13972,20209405,5914946131000,203365544,8072983569000,34937174,25241148627000,,,,,,,,,ST2.3,One Time Migration,2023/09/01 11:11:07,EXISTING EDW,46015
258,55,1,2021/03/31 00:00:00,3,MADHYA PRADESH,,,,7248,4509674,283579605000,96708084,1902926622000,11374885,2347213756000,,,,,,,,,ST2.3,One Time Migration,2023/09/01 11:11:07,EXISTING EDW,45285
258,55,1,2021/03/31 00:00:00,5,UTTAR PRADESH,,,,18125,10314128,808069085000,247739291,6304842583000,25946149,5665867772000,,,,,,,,,ST2.3,One Time Migration,2023/09/01 11:11:07,EXISTING EDW,45285
258,55,1,2019/03/31 00:00:00,8,BIHAR,,,,6917,4953537,208793490000,111066691,2071705241000,9846252,1251189417000,125866480,3531688148000,,,,,,,ST2.3,One Time Migration,2023/09/01 11:11:07,EXISTING EDW,44554
258,55,1,2020/03/31 00:00:00,19,NAGALAND,,,,176,44845,26936882000,1425419,54098226000,101003,41387305000,1571267,122422413000,,,,,,,ST2.3,One Time Migration,2023/09/01 11:11:07,EXISTING EDW,44920
258,55,1,2024/03/31 00:00:00,20,TRIPURA,,,,634,508559,25367762000,5020485,170352080000,558396,175370439000,6087440,371090281000,,,,,,,ST2.3,REGULAR LOAD,2024/05/27 15:52:55,SADP,46381
258,55,1,2023/03/31 00:00:00,26,LADAKH,,,,90,69185,14151723000,473546,39789946000,70999,28545618000,,,,,,,,,ST2.3,One Time Migration,2023/09/01 11:11:07,EXISTING EDW,46015
258,55,1,2022/03/31 00:00:00,31,ANDHRA PRADESH,,,,7446,2517145,275807045000,87551348,1687387263000,8438727,1895615693000,,,,,,,,,ST2.3,One Time Migration,2023/09/01 11:11:07,EXISTING EDW,45650
258,55,1,2025/03/31 00:00:00,8,BIHAR,,,,8226,4002717,315092129000,149758549,3219869193000,8964896,2152300266000,162726162,5687261588000,,,,,,,ST2.3,REGULAR LOAD,2025/05/21 17:19:40,SADP,46746
258,55,1,2024/03/31 00:00:00,5,UTTAR PRADESH,,,,18883,22280011,1160302011000,319463153,8073201183000,27372347,8224564284000,369115511,17458067478000,,,,,,,ST2.3,REGULAR LOAD,2024/05/27 15:52:55,SADP,46381
258,55,1,2024/03/31 00:00:00,24,HIMACHAL PRADESH,,,,1774,1726598,53763974000,11488652,510888183000,3576785,938692035000,16792035,1503344192000,,,,,,,ST2.3,REGULAR LOAD,2024/05/27 15:52:55,SADP,46381
258,55,1,2023/03/31 00:00:00,33,KERALA,,,,6921,3646501,377790130000,76450733,2292644251000,10745962,4569694018000,,,,,,,,,ST2.3,One Time Migration,2023/09/01 11:11:07,EXISTING EDW,46015
258,55,1,2021/03/31 00:00:00,7,ANDAMAN & NICOBAR ISLANDS,,,,72,24867,5958876000,468910,29621305000,89603,24852987000,,,,,,,,,ST2.3,One Time Migration,2023/09/01 11:11:07,EXISTING EDW,45285
258,55,1,2021/03/31 00:00:00,38,WESTERN REGION,,,,23021,18419509,5538967989000,262915694,10404575925000,51281329,24962717540000,,,,,,,,,ST2.3,One Time Migration,2023/09/01 11:11:07,EXISTING EDW,45285
258,55,1,2022/03/31 00:00:00,18,MIZORAM,,,,220,30530,11326785000,1489217,71338387000,67700,48351532000,,,,,,,,,ST2.3,One Time Migration,2023/09/01 11:11:07,EXISTING EDW,45650
258,55,1,2026/03/31 00:00:00,26,LADAKH,,,,104,92777,19539784000,503947,43013395000,94560,46949220000,691284,109502399000,,,,,,,ST2.3,REGULAR LOAD,2026/05/22 20:26:04,SADP,47111
258,55,1,2025/03/31 00:00:00,23,HARYANA,,,,5683,2141681,821047835000,109331085,2602142728000,9346286,5464525099000,120819052,8887715662000,,,,,,,ST2.3,REGULAR LOAD,2025/05/21 17:19:40,SADP,46746
258,55,1,2019/03/31 00:00:00,42,GOA,,,,697,182026,32356595000,3842982,189500388000,1757587,489496107000,5782595,711353090000,,,,,,,ST2.3,One Time Migration,2023/09/01 11:11:07,EXISTING EDW,44554
258,55,1,2021/03/31 00:00:00,26,LADAKH,,,,75,47514,10377144000,445680,28905695000,69535,22331502000,,,,,,,,,ST2.3,One Time Migration,2023/09/01 11:11:07,EXISTING EDW,45285
258,55,1,2024/03/31 00:00:00,8,BIHAR,,,,7979,10649861,322678128000,140369320,3031416256000,8746495,1888416121000,159765676,5242510505000,,,,,,,ST2.3,REGULAR LOAD,2024/05/27 15:52:55,SADP,46381
258,55,1,2022/03/31 00:00:00,4,UTTARAKHAND,,,,2176,1572259,95626247000,16712841,771480306000,3597522,940735298000,,,,,,,,,ST2.3,One Time Migration,2023/09/01 11:11:07,EXISTING EDW,45650
258,55,1,2023/03/31 00:00:00,4,UTTARAKHAND,,,,2202,1729953,103100810000,17576076,836725548000,3830803,1064420376000,,,,,,,,,ST2.3,One Time Migration,2023/09/01 11:11:07,EXISTING EDW,46015
258,55,1,2022/03/31 00:00:00,12,WEST BENGAL,,,,9616,10949129,805268282000,138735442,3556703090000,22733717,5419881435000,,,,,,,,,ST2.3,One Time Migration,2023/09/01 11:11:07,EXISTING EDW,45650
258,55,1,2023/03/31 00:00:00,41,DADRA AND NAGAR HAVELI AND DAMAN AND DIU,,,,103,78832,16772523000,1460260,63202697000,196747,61906501000,,,,,,,,,ST2.3,One Time Migration,2023/09/01 11:11:07,EXISTING EDW,46015
258,55,1,2020/03/31 00:00:00,43,GUJARAT,,,,8626,3504685,639790513000,81622849,2424356814000,18027776,4324975165000,103155310,7389122492000,,,,,,,ST2.3,One Time Migration,2023/09/01 11:11:07,EXISTING EDW,44920
258,55,1,2024/03/31 00:00:00,12,WEST BENGAL,,,,9948,17870606,874949787000,146185287,3808998452000,22889391,6750676971000,186945284,11434625210000,,,,,,,ST2.3,REGULAR LOAD,2024/05/27 15:52:55,SADP,46381
258,55,1,2025/03/31 00:00:00,35,PUDUCHERRY,,,,288,103705,20047144000,3000370,106043923000,423801,203183010000,3527876,329274077000,,,,,,,ST2.3,REGULAR LOAD,2025/05/21 17:19:40,SADP,46746
258,55,1,2021/03/31 00:00:00,45,ALL-INDIA,,,,154485,91686178,15410047215000,1768219892,52689124133000,256619777,86335928303000,,,,,,,,,ST2.3,One Time Migration,2023/09/01 11:11:07,EXISTING EDW,45285
258,55,1,2026/03/31 00:00:00,1,CENTRAL REGION,,,,33605,14187186,2192798817000,519246479,14536083096000,49461031,17780548472000,582894696,34509430385000,,,,,,,ST2.3,REGULAR LOAD,2026/05/22 20:26:04,SADP,47111
258,55,1,2021/03/31 00:00:00,15,ASSAM,,,,3020,1997509,135008374000,42127956,866859681000,3849811,728267618000,,,,,,,,,ST2.3,One Time Migration,2023/09/01 11:11:07,EXISTING EDW,45285
258,55,1,2023/03/31 00:00:00,9,JHARKHAND,,,,3298,2539124,187099581000,47352659,1293537033000,4898017,1559803568000,,,,,,,,,ST2.3,One Time Migration,2023/09/01 11:11:07,EXISTING EDW,46015
258,55,1,2019/03/31 00:00:00,13,NORTH EASTERN REGION,,,,3916,1487496,270300236000,49903891,1151531767000,5023862,1008750738000,56415249,2430582741000,,,,,,,ST2.3,One Time Migration,2023/09/01 11:11:07,EXISTING EDW,44554
258,55,1,2022/03/31 00:00:00,11,SIKKIM,,,,165,55734,10703953000,978559,49451877000,118463,63949900000,,,,,,,,,ST2.3,One Time Migration,2023/09/01 11:11:07,EXISTING EDW,45650
258,55,1,2024/03/31 00:00:00,2,CHHATTISGARH,,,,3092,3408950,198947111000,39655202,1143568732000,3825529,1097035848000,46889681,2439551691000,,,,,,,ST2.3,REGULAR LOAD,2024/05/27 15:52:55,SADP,46381
258,55,1,2020/03/31 00:00:00,35,PUDUCHERRY,,,,267,101384,10038740000,2562198,68871093000,371204,121516263000,3034786,200426096000,,,,,,,ST2.3,One Time Migration,2023/09/01 11:11:07,EXISTING EDW,44920
258,55,1,2023/03/31 00:00:00,21,NORTHERN REGION,,,,28167,30656057,3605467895000,349654996,12316058518000,49906535,23313453301000,,,,,,,,,ST2.3,One Time Migration,2023/09/01 11:11:07,EXISTING EDW,46015
258,55,1,2019/03/31 00:00:00,12,WEST BENGAL,,,,8170,4970303,607537757000,118291774,2629575950000,24113977,4555799085000,147376054,7792912792000,,,,,,,ST2.3,One Time Migration,2023/09/01 11:11:07,EXISTING EDW,44554
258,55,1,2024/03/31 00:00:00,4,UTTARAKHAND,,,,2280,2316502,112665547000,17899549,893067823000,4068949,1222614690000,24285000,2228348060000,,,,,,,ST2.3,REGULAR LOAD,2024/05/27 15:52:55,SADP,46381
258,55,1,2021/03/31 00:00:00,11,SIKKIM,,,,164,36722,7620962000,948694,38709200000,120268,59711603000,,,,,,,,,ST2.3,One Time Migration,2023/09/01 11:11:07,EXISTING EDW,45285
258,55,1,2022/03/31 00:00:00,19,NAGALAND,,,,182,67121,29212436000,1549713,72370140000,100960,44210403000,,,,,,,,,ST2.3,One Time Migration,2023/09/01 11:11:07,EXISTING EDW,45650
258,55,1,2024/03/31 00:00:00,7,ANDAMAN & NICOBAR ISLANDS,,,,74,39693,6074791000,511388,38480538000,119661,32901469000,670742,77456798000,,,,,,,ST2.3,REGULAR LOAD,2024/05/27 15:52:55,SADP,46381
258,55,1,2025/03/31 00:00:00,36,TAMIL NADU,,,,13204,5353982,1469004757000,148117939,4308100627000,18066958,8853158124000,171538879,14630263508000,,,,,,,ST2.3,REGULAR LOAD,2025/05/21 17:19:40,SADP,46746
258,55,1,2019/03/31 00:00:00,6,EASTERN REGION,,,,23264,13020428,1167702013000,321717441,6785123902000,47943899,8801339913000,382681768,16754165828000,,,,,,,ST2.3,One Time Migration,2023/09/01 11:11:07,EXISTING EDW,44554
258,55,1,2025/03/31 00:00:00,18,MIZORAM,,,,241,33856,10051674000,1644746,90187547000,88539,74383313000,1767141,174622534000,,,,,,,ST2.3,REGULAR LOAD,2025/05/21 17:19:40,SADP,46746
258,55,1,2022/03/31 00:00:00,25,JAMMU & KASHMIR,,,,1816,2441002,144450240000,17481244,656504153000,3199716,731334172000,,,,,,,,,ST2.3,One Time Migration,2023/09/01 11:11:07,EXISTING EDW,45650
258,55,1,2021/03/31 00:00:00,42,GOA,,,,687,191106,37987174000,3898924,236924259000,1778745,582801518000,,,,,,,,,ST2.3,One Time Migration,2023/09/01 11:11:07,EXISTING EDW,45285
258,55,1,2026/03/31 00:00:00,8,BIHAR,,,,8409,3652664,333401820000,157946740,3469636740000,8774579,2417516820000,170373983,6220555380000,,,,,,,ST2.3,REGULAR LOAD,2026/05/22 20:26:04,SADP,47111
258,55,1,2024/03/31 00:00:00,11,SIKKIM,,,,176,63199,13122513000,1077847,47521733000,133739,86836886000,1274785,147481132000,,,,,,,ST2.3,REGULAR LOAD,2024/05/27 15:52:55,SADP,46381
258,55,1,2020/03/31 00:00:00,27,NCT OF DELHI,,,,3825,4272374,1343918498000,36114260,2793211208000,12762960,8245315368000,53149594,12382445074000,,,,,,,ST2.3,One Time Migration,2023/09/01 11:11:07,EXISTING EDW,44920
258,55,1,2023/03/31 00:00:00,24,HIMACHAL PRADESH,,,,1734,1273292,46942583000,11956782,511560133000,3364786,806353936000,,,,,,,,,ST2.3,One Time Migration,2023/09/01 11:11:07,EXISTING EDW,46015
258,55,1,2023/03/31 00:00:00,34,LAKSHADWEEP,,,,22,4146,1959690000,86341,10412219000,4317,1753181000,,,,,,,,,ST2.3,One Time Migration,2023/09/01 11:11:07,EXISTING EDW,46015
258,55,1,2023/03/31 00:00:00,1,CENTRAL REGION,,,,31137,28882770,1641425671000,486619581,11760061431000,43957441,11726775732000,,,,,,,,,ST2.3,One Time Migration,2023/09/01 11:11:07,EXISTING EDW,46015
258,55,1,2026/03/31 00:00:00,23,HARYANA,,,,5909,2216045,947928786000,108033521,2863688901000,9639397,6222720193000,119888963,10034337880000,,,,,,,ST2.3,REGULAR LOAD,2026/05/22 20:26:04,SADP,47111
258,55,1,2019/03/31 00:00:00,22,CHANDIGARH,,,,442,287292,45026502000,2753064,190086799000,1145570,447889361000,4185926,683002662000,,,,,,,ST2.3,One Time Migration,2023/09/01 11:11:07,EXISTING EDW,44554
258,55,1,2020/03/31 00:00:00,6,EASTERN REGION,,,,25339,13854443,1154429852000,342437642,7283074568000,46774084,9509747902000,403066169,17947252322000,,,,,,,ST2.3,One Time Migration,2023/09/01 11:11:07,EXISTING EDW,44920
258,55,1,2020/03/31 00:00:00,10,ODISHA,,,,5223,1699122,189638732000,56194359,1324343856000,7868997,1897419277000,65762478,3411401865000,,,,,,,ST2.3,One Time Migration,2023/09/01 11:11:07,EXISTING EDW,44920
258,55,1,2021/03/31 00:00:00,30,SOUTHERN REGION,,,,43071,17571429,3966698023000,453180548,13077826114000,59469793,21565654410000,,,,,,,,,ST2.3,One Time Migration,2023/09/01 11:11:07,EXISTING EDW,45285
258,55,1,2025/03/31 00:00:00,27,NCT OF DELHI,,,,3981,3272377,2589008767000,159394462,4089851927000,14918998,14031272182000,177585837,20710132876000,,,,,,,ST2.3,REGULAR LOAD,2025/05/21 17:19:40,SADP,46746
258,55,1,2023/03/31 00:00:00,22,CHANDIGARH,,,,449,410106,63924267000,5031148,347887553000,1192565,587370093000,,,,,,,,,ST2.3,One Time Migration,2023/09/01 11:11:07,EXISTING EDW,46015
258,55,1,2019/03/31 00:00:00,23,HARYANA,,,,5008,3342115,366796663000,41118842,1604269988000,6809076,2128677872000,51270033,4099744523000,,,,,,,ST2.3,One Time Migration,2023/09/01 11:11:07,EXISTING EDW,44554
258,55,1,2023/03/31 00:00:00,45,ALL-INDIA,,,,158642,144957466,18662221782000,2120221992,62904519890000,258625623,105856367124000,,,,,,,,,ST2.3,One Time Migration,2023/09/01 11:11:07,EXISTING EDW,46015
258,55,1,2025/03/31 00:00:00,26,LADAKH,,,,103,90258,17039655000,502724,39947335000,88361,41862712000,681343,98849702000,,,,,,,ST2.3,REGULAR LOAD,2025/05/21 17:19:40,SADP,46746
258,55,1,2025/03/31 00:00:00,20,TRIPURA,,,,646,126434,31504083000,5394452,186891425000,587583,203000972000,6108469,421396480000,,,,,,,ST2.3,REGULAR LOAD,2025/05/21 17:19:40,SADP,46746
258,55,1,2024/03/31 00:00:00,9,JHARKHAND,,,,3399,3297997,229650971000,48976104,1381719706000,5123586,1755868663000,57397687,3367239340000,,,,,,,ST2.3,REGULAR LOAD,2024/05/27 15:52:55,SADP,46381
258,55,1,2020/03/31 00:00:00,37,TELANGANA,,,,5388,2217731,585038558000,60325697,1691734095000,6981234,2705067151000,69524662,4981839804000,,,,,,,ST2.3,One Time Migration,2023/09/01 11:11:07,EXISTING EDW,44920
258,55,1,2023/03/31 00:00:00,3,MADHYA PRADESH,,,,7541,7325680,359433761000,111750476,2309084831000,10714884,2805155438000,,,,,,,,,ST2.3,One Time Migration,2023/09/01 11:11:07,EXISTING EDW,46015
258,55,1,2023/03/31 00:00:00,2,CHHATTISGARH,,,,2979,2633332,162857868000,39295044,1041539529000,3564751,959672657000,,,,,,,,,ST2.3,One Time Migration,2023/09/01 11:11:07,EXISTING EDW,46015
258,55,1,2022/03/31 00:00:00,7,ANDAMAN & NICOBAR ISLANDS,,,,72,28442,6240268000,482262,37422261000,97446,24064064000,,,,,,,,,ST2.3,One Time Migration,2023/09/01 11:11:07,EXISTING EDW,45650
258,55,1,2024/03/31 00:00:00,34,LAKSHADWEEP,,,,23,4270,2143828000,87039,10525939000,4481,2645923000,95790,15315690000,,,,,,,ST2.3,REGULAR LOAD,2024/05/27 15:52:55,SADP,46381
258,55,1,2020/03/31 00:00:00,41,DADRA AND NAGAR HAVELI AND DAMAN AND DIU,,,,110,53638,9640642000,1330552,44878585000,186649,45269267000,1570839,99788494000,,,,,,,ST2.3,One Time Migration,2023/09/01 11:11:07,EXISTING EDW,44920
258,55,1,2020/03/31 00:00:00,45,ALL-INDIA,,,,153102,86006704,12737559075000,1729599834,45158594315000,253440936,79590397176000,2069047474,137486550566000,,,,,,,ST2.3,One Time Migration,2023/09/01 11:11:07,EXISTING EDW,44920
258,55,1,2025/03/31 00:00:00,5,UTTAR PRADESH,,,,19436,7760285,1189664389000,330386098,8653887733000,28444809,9255295580000,366591192,19098847702000,,,,,,,ST2.3,REGULAR LOAD,2025/05/21 17:19:40,SADP,46746
258,55,1,2026/03/31 00:00:00,24,HIMACHAL PRADESH,,,,1839,317537,53771640000,12264267,556000861000,3802844,1159163959000,16384648,1768936460000,,,,,,,ST2.3,REGULAR LOAD,2026/05/22 20:26:04,SADP,47111
258,55,1,2021/03/31 00:00:00,36,TAMIL NADU,,,,12028,5935478,1014354685000,129321371,3348126625000,16564692,5724828079000,,,,,,,,,ST2.3,One Time Migration,2023/09/01 11:11:07,EXISTING EDW,45285
258,55,1,2025/03/31 00:00:00,29,RAJASTHAN,,,,8786,2973512,506442755000,104912930,2841502855000,12203584,4066418748000,120090026,7414364358000,,,,,,,ST2.3,REGULAR LOAD,2025/05/21 17:19:40,SADP,46746
258,55,1,2019/03/31 00:00:00,19,NAGALAND,,,,164,53516,25483135000,1323485,47387253000,102137,38958231000,1479138,111828619000,,,,,,,ST2.3,One Time Migration,2023/09/01 11:11:07,EXISTING EDW,44554
258,55,1,2022/03/31 00:00:00,45,ALL-INDIA,,,,154758,121884270,17098082571000,1879269381,59705322615000,253846181,93284545564000,,,,,,,,,ST2.3,One Time Migration,2023/09/01 11:11:07,EXISTING EDW,45650
258,55,1,2026/03/31 00:00:00,18,MIZORAM,,,,251,31874,12811568000,1675222,101137142000,94037,87030797000,1801133,200979507000,,,,,,,ST2.3,REGULAR LOAD,2026/05/22 20:26:04,SADP,47111
258,55,1,2025/03/31 00:00:00,44,MAHARASHTRA,,,,14832,21860406,7464549384000,217842152,9140355334000,37923897,35734756706000,277626455,52339661424000,,,,,,,ST2.3,REGULAR LOAD,2025/05/21 17:19:40,SADP,46746
258,55,1,2025/03/31 00:00:00,2,CHHATTISGARH,,,,3187,1669580,189482615000,41022366,1228800187000,4036474,1263323821000,46728420,2681606623000,,,,,,,ST2.3,REGULAR LOAD,2025/05/21 17:19:40,SADP,46746
258,55,1,2022/03/31 00:00:00,37,TELANGANA,,,,5605,2710180,806829250000,65025203,2287359293000,6852511,3295302716000,,,,,,,,,ST2.3,One Time Migration,2023/09/01 11:11:07,EXISTING EDW,45650
258,55,1,2026/03/31 00:00:00,38,WESTERN REGION,,,,25983,26800469,9690288461000,314245366,14978000064000,60771835,49623476617000,401817670,74291765142000,,,,,,,ST2.3,REGULAR LOAD,2026/05/22 20:26:04,SADP,47111
258,55,1,2022/03/31 00:00:00,13,NORTH EASTERN REGION,,,,4799,3609924,333208386000,61429879,1621343438000,5098807,1203879776000,,,,,,,,,ST2.3,One Time Migration,2023/09/01 11:11:07,EXISTING EDW,45650
258,55,1,2019/03/31 00:00:00,25,JAMMU & KASHMIR,,,,1830,2067670,121410010000,16508635,481435054000,3084869,578372496000,21661174,1181217560000,,,,,,,ST2.3,One Time Migration,2023/09/01 11:11:07,EXISTING EDW,44554
258,55,1,2024/03/31 00:00:00,41,DADRA AND NAGAR HAVELI AND DAMAN AND DIU,,,,108,89423,14146915000,1539473,66257793000,205471,76140334000,1834367,156545042000,,,,,,,ST2.3,REGULAR LOAD,2024/05/27 15:52:55,SADP,46381
258,55,1,2025/03/31 00:00:00,34,LAKSHADWEEP,,,,17,4435,3018571000,90889,10589037000,4636,1794878000,99960,15402486000,,,,,,,ST2.3,REGULAR LOAD,2025/05/21 17:19:40,SADP,46746
258,55,1,2022/03/31 00:00:00,21,NORTHERN REGION,,,,27430,27645794,3219179016000,261821830,11816006338000,47917523,20152911604000,,,,,,,,,ST2.3,One Time Migration,2023/09/01 11:11:07,EXISTING EDW,45650
258,55,1,2026/03/31 00:00:00,30,SOUTHERN REGION,,,,47887,17687302,6241278520000,529366696,18875591887000,69021720,39115105819000,616075718,64231976226000,,,,,,,ST2.3,REGULAR LOAD,2026/05/22 20:26:04,SADP,47111
258,55,1,2023/03/31 00:00:00,32,KARNATAKA,,,,11034,5178733,1757796909000,120553541,4624931176000,18026737,8469801079000,,,,,,,,,ST2.3,One Time Migration,2023/09/01 11:11:07,EXISTING EDW,46015
258,55,1,2025/03/31 00:00:00,30,SOUTHERN REGION,,,,46640,17244875,5406953828000,521241067,16462553317000,67978689,34913499516000,606464631,56783006661000,,,,,,,ST2.3,REGULAR LOAD,2025/05/21 17:19:40,SADP,46746
258,55,1,2026/03/31 00:00:00,37,TELANGANA,,,,6500,2537276,1097677962000,75212946,2988326752000,8072700,5642210673000,85822922,9728215387000,,,,,,,ST2.3,REGULAR LOAD,2026/05/22 20:26:04,SADP,47111
258,55,1,2025/03/31 00:00:00,12,WEST BENGAL,,,,10159,6131109,889569536000,156166771,3838382279000,23501984,7524892953000,185799864,12252844768000,,,,,,,ST2.3,REGULAR LOAD,2025/05/21 17:19:40,SADP,46746
258,55,1,2020/03/31 00:00:00,38,WESTERN REGION,,,,23011,15452865,4787560318000,257190762,8430047510000,49243597,23114145067000,321887224,36331752895000,,,,,,,ST2.3,One Time Migration,2023/09/01 11:11:07,EXISTING EDW,44920
258,55,1,2024/03/31 00:00:00,14,ARUNACHAL PRADESH,,,,206,112093,54818385000,1901036,141275686000,204548,95952493000,2217677,292046564000,,,,,,,ST2.3,REGULAR LOAD,2024/05/27 15:52:55,SADP,46381
258,55,1,2021/03/31 00:00:00,6,EASTERN REGION,,,,25678,17620674,1268070631000,355684071,7898309651000,48051440,10061494344000,,,,,,,,,ST2.3,One Time Migration,2023/09/01 11:11:07,EXISTING EDW,45285
258,55,1,2020/03/31 00:00:00,30,SOUTHERN REGION,,,,42328,17968572,2932254780000,445291009,10765646655000,60990732,19797269929000,524250313,33495171364000,,,,,,,ST2.3,One Time Migration,2023/09/01 11:11:07,EXISTING EDW,44920
258,55,1,2024/03/31 00:00:00,44,MAHARASHTRA,,,,14410,21938824,6568836289000,208819218,8726949973000,36761021,31382681657000,267519063,46678467919000,,,,,,,ST2.3,REGULAR LOAD,2024/05/27 15:52:55,SADP,46381
258,55,1,2020/03/31 00:00:00,12,WEST BENGAL,,,,9251,5225429,593584311000,123981922,2781930141000,23446179,4902803438000,152653530,8278317890000,,,,,,,ST2.3,One Time Migration,2023/09/01 11:11:07,EXISTING EDW,44920
258,55,1,2020/03/31 00:00:00,22,CHANDIGARH,,,,454,291385,53172425000,2884228,204238540000,1178842,468108773000,4354455,725519738000,,,,,,,ST2.3,One Time Migration,2023/09/01 11:11:07,EXISTING EDW,44920
258,55,1,2023/03/31 00:00:00,37,TELANGANA,,,,5819,3248180,841405897000,70562962,2359647916000,7136562,3737814845000,,,,,,,,,ST2.3,One Time Migration,2023/09/01 11:11:07,EXISTING EDW,46015
258,55,1,2019/03/31 00:00:00,14,ARUNACHAL PRADESH,,,,155,61295,31585654000,1323846,70775395000,163795,64226618000,1548936,166587667000,,,,,,,ST2.3,One Time Migration,2023/09/01 11:11:07,EXISTING EDW,44554
258,55,1,2026/03/31 00:00:00,7,ANDAMAN & NICOBAR ISLANDS,,,,74,29996,6174565000,529362,40637711000,142660,48792278000,702018,95604554000,,,,,,,ST2.3,REGULAR LOAD,2026/05/22 20:26:04,SADP,47111
258,55,1,2023/03/31 00:00:00,31,ANDHRA PRADESH,,,,7663,3125168,284621314000,88633739,1808096476000,8597815,2204468842000,,,,,,,,,ST2.3,One Time Migration,2023/09/01 11:11:07,EXISTING EDW,46015
258,55,1,2019/03/31 00:00:00,21,NORTHERN REGION,,,,26636,18903710,2263573707000,228976934,8125175878000,44570559,16217442470000,292451203,26606192055000,,,,,,,ST2.3,One Time Migration,2023/09/01 11:11:07,EXISTING EDW,44554
258,55,1,2020/03/31 00:00:00,14,ARUNACHAL PRADESH,,,,164,59229,35687721000,1446130,74488549000,163192,61531518000,1668551,171707788000,,,,,,,ST2.3,One Time Migration,2023/09/01 11:11:07,EXISTING EDW,44920
258,55,1,2026/03/31 00:00:00,27,NCT OF DELHI,,,,4082,3047754,2456407740000,176287129,4515458024000,14812643,15421653871000,194147526,22393519635000,,,,,,,ST2.3,REGULAR LOAD,2026/05/22 20:26:04,SADP,47111
258,55,1,2025/03/31 00:00:00,24,HIMACHAL PRADESH,,,,1819,339953,52529001000,12094481,537892212000,3666764,1034884604000,16101198,1625305817000,,,,,,,ST2.3,REGULAR LOAD,2025/05/21 17:19:40,SADP,46746
258,55,1,2024/03/31 00:00:00,25,JAMMU & KASHMIR,,,,1933,3051554,153926234000,18166177,695116342000,3476293,910625556000,24694024,1759668132000,,,,,,,ST2.3,REGULAR LOAD,2024/05/27 15:52:55,SADP,46381
258,55,1,2022/03/31 00:00:00,27,NCT OF DELHI,,,,3712,6052386,1755893728000,38739256,3640929095000,12979354,9502476479000,,,,,,,,,ST2.3,One Time Migration,2023/09/01 11:11:07,EXISTING EDW,45650
258,55,1,2023/03/31 00:00:00,14,ARUNACHAL PRADESH,,,,187,101503,57180046000,1797891,126881116000,194025,82502854000,,,,,,,,,ST2.3,One Time Migration,2023/09/01 11:11:07,EXISTING EDW,46015
258,55,1,2023/03/31 00:00:00,25,JAMMU & KASHMIR,,,,1877,2620299,144023333000,18600997,679684834000,3291738,805374397000,,,,,,,,,ST2.3,One Time Migration,2023/09/01 11:11:07,EXISTING EDW,46015
258,55,1,2021/03/31 00:00:00,35,PUDUCHERRY,,,,268,91732,11815867000,2615484,78377077000,368608,131185513000,,,,,,,,,ST2.3,One Time Migration,2023/09/01 11:11:07,EXISTING EDW,45285
258,55,1,2025/03/31 00:00:00,9,JHARKHAND,,,,3518,1500327,244255597000,51735650,1485504576000,5360900,1943861669000,58596877,3673621842000,,,,,,,ST2.3,REGULAR LOAD,2025/05/21 17:19:40,SADP,46746
258,55,1,2022/03/31 00:00:00,1,CENTRAL REGION,,,,30484,24974773,1535672569000,422891943,10930266998000,43721975,10359301438000,,,,,,,,,ST2.3,One Time Migration,2023/09/01 11:11:07,EXISTING EDW,45650
258,55,1,2019/03/31 00:00:00,33,KERALA,,,,6622,2575277,223425305000,61422758,1542328722000,9497152,3191863594000,73495187,4957617621000,,,,,,,ST2.3,One Time Migration,2023/09/01 11:11:07,EXISTING EDW,44554
258,55,1,2020/03/31 00:00:00,9,JHARKHAND,,,,3169,1455543,149983802000,41016347,922847371000,5493213,1268223969000,47965103,2341055142000,,,,,,,ST2.3,One Time Migration,2023/09/01 11:11:07,EXISTING EDW,44920
258,55,1,2024/03/31 00:00:00,17,MEGHALAYA,,,,388,172694,39177417000,3167267,165809178000,347308,138734687000,3687269,343721282000,,,,,,,ST2.3,REGULAR LOAD,2024/05/27 15:52:55,SADP,46381
258,55,1,2019/03/31 00:00:00,39,DADRA & NAGAR HAVELI,,,,59,32129,4743824000,760740,20152125000,71392,15045848000,864261,39941797000,,,,,,,ST2.3,One Time Migration,2023/09/01 11:11:07,EXISTING EDW,44554
258,55,1,2026/03/31 00:00:00,45,ALL-INDIA,,,,172073,86739526,25099209964000,2369146822,76567237920000,288570093,159096214902000,2744456441,260762662786000,,,,,,,ST2.3,REGULAR LOAD,2026/05/22 20:26:04,SADP,47111
258,55,1,2020/03/31 00:00:00,11,SIKKIM,,,,162,29786,7881344000,937558,35406709000,126921,58011059000,1094265,101299112000,,,,,,,ST2.3,One Time Migration,2023/09/01 11:11:07,EXISTING EDW,44920
258,55,1,2019/03/31 00:00:00,38,WESTERN REGION,,,,21896,12750132,4405450586000,244164811,7514389231000,47006930,21709668711000,303921873,33629508528000,,,,,,,ST2.3,One Time Migration,2023/09/01 11:11:07,EXISTING EDW,44554
258,55,1,2025/03/31 00:00:00,4,UTTARAKHAND,,,,2343,570361,116914813000,18860479,950625890000,4274223,1392556992000,23705063,2460097695000,,,,,,,ST2.3,REGULAR LOAD,2025/05/21 17:19:40,SADP,46746
258,55,1,2021/03/31 00:00:00,12,WEST BENGAL,,,,9379,8432844,660206870000,126865684,3090013714000,23315880,5139892255000,,,,,,,,,ST2.3,One Time Migration,2023/09/01 11:11:07,EXISTING EDW,45285
258,55,1,2023/03/31 00:00:00,15,ASSAM,,,,3085,3091217,153536066000,49911020,1109693150000,3880368,809892936000,,,,,,,,,ST2.3,One Time Migration,2023/09/01 11:11:07,EXISTING EDW,46015
258,55,1,2019/03/31 00:00:00,41,DADRA AND NAGAR HAVELI AND DAMAN AND DIU,,,,,,,,,,,,,,,,,,,ST2.3,One Time Migration,2023/09/01 11:11:07,EXISTING EDW,44554
258,55,1,2026/03/31 00:00:00,2,CHHATTISGARH,,,,3259,1618263,221253314000,42097637,1267016682000,4019995,1519815615000,47735895,3008085611000,,,,,,,ST2.3,REGULAR LOAD,2026/05/22 20:26:04,SADP,47111
258,55,1,2021/03/31 00:00:00,32,KARNATAKA,,,,10875,4393294,1293105620000,109869185,4278300842000,17102009,6988827828000,,,,,,,,,ST2.3,One Time Migration,2023/09/01 11:11:07,EXISTING EDW,45285
258,55,1,2021/03/31 00:00:00,41,DADRA AND NAGAR HAVELI AND DAMAN AND DIU,,,,104,60440,10320474000,1297263,49759250000,191022,55781297000,,,,,,,,,ST2.3,One Time Migration,2023/09/01 11:11:07,EXISTING EDW,45285
258,55,1,2022/03/31 00:00:00,15,ASSAM,,,,3043,2732820,164701174000,45458527,976488000000,3785891,753638695000,,,,,,,,,ST2.3,One Time Migration,2023/09/01 11:11:07,EXISTING EDW,45650
258,55,1,2026/03/31 00:00:00,20,TRIPURA,,,,653,128155,30815960000,6055185,189868518000,635909,227583198000,6819249,448267676000,,,,,,,ST2.3,REGULAR LOAD,2026/05/22 20:26:04,SADP,47111
258,55,1,2021/03/31 00:00:00,43,GUJARAT,,,,8582,3580551,744156382000,83607301,2801817858000,17937610,4755636101000,,,,,,,,,ST2.3,One Time Migration,2023/09/01 11:11:07,EXISTING EDW,45285
258,55,1,2019/03/31 00:00:00,9,JHARKHAND,,,,3051,1421167,160414971000,38602320,849506246000,5640466,1175925686000,45663953,2185846903000,,,,,,,ST2.3,One Time Migration,2023/09/01 11:11:07,EXISTING EDW,44554
258,55,1,2023/03/31 00:00:00,5,UTTAR PRADESH,,,,18415,17193805,1016033232000,317997985,7572711523000,25847003,6897527261000,,,,,,,,,ST2.3,One Time Migration,2023/09/01 11:11:07,EXISTING EDW,46015
258,55,1,2021/03/31 00:00:00,24,HIMACHAL PRADESH,,,,1683,614188,38396234000,9959787,409662046000,3237029,675385076000,,,,,,,,,ST2.3,One Time Migration,2023/09/01 11:11:07,EXISTING EDW,45285
258,55,1,2024/03/31 00:00:00,19,NAGALAND,,,,209,90789,33305594000,1707086,85208561000,116451,52836540000,1914326,171350695000,,,,,,,ST2.3,REGULAR LOAD,2024/05/27 15:52:55,SADP,46381
258,55,1,2024/03/31 00:00:00,18,MIZORAM,,,,235,55526,9010353000,1621811,86171163000,81768,61952044000,1759105,157133560000,,,,,,,ST2.3,REGULAR LOAD,2024/05/27 15:52:55,SADP,46381
258,55,1,2026/03/31 00:00:00,15,ASSAM,,,,3279,1005899,185074109000,52738858,1120382793000,4289937,1175893475000,58034694,2481350377000,,,,,,,ST2.3,REGULAR LOAD,2026/05/22 20:26:04,SADP,47111
258,55,1,2022/03/31 00:00:00,14,ARUNACHAL PRADESH,,,,172,82994,45850849000,1683175,121449575000,180012,73911959000,,,,,,,,,ST2.3,One Time Migration,2023/09/01 11:11:07,EXISTING EDW,45650
258,55,1,2019/03/31 00:00:00,28,PUNJAB,,,,6614,4599281,164663200000,46038987,1431791274000,8944640,2199315570000,59582908,3795770044000,,,,,,,ST2.3,One Time Migration,2023/09/01 11:11:07,EXISTING EDW,44554
258,55,1,2024/03/31 00:00:00,29,RAJASTHAN,,,,8552,7730390,488643060000,101347445,2692690658000,11624718,3528365896000,120702553,6709699614000,,,,,,,ST2.3,REGULAR LOAD,2024/05/27 15:52:55,SADP,46381
258,55,1,2025/03/31 00:00:00,28,PUNJAB,,,,6952,2203427,281012831000,58915991,2320407292000,10600236,4086880748000,71719654,6688300871000,,,,,,,ST2.3,REGULAR LOAD,2025/05/21 17:19:40,SADP,46746
258,55,1,2021/03/31 00:00:00,27,NCT OF DELHI,,,,3747,4001009,1765903667000,35468280,3195605532000,13073945,9047131088000,,,,,,,,,ST2.3,One Time Migration,2023/09/01 11:11:07,EXISTING EDW,45285
258,55,1,2022/03/31 00:00:00,22,CHANDIGARH,,,,438,371189,65526611000,2978411,319293958000,1176553,512564139000,,,,,,,,,ST2.3,One Time Migration,2023/09/01 11:11:07,EXISTING EDW,45650
258,55,1,2019/03/31 00:00:00,18,MIZORAM,,,,192,21524,11305156000,1339149,49682069000,55446,31562189000,1416119,92549414000,,,,,,,ST2.3,One Time Migration,2023/09/01 11:11:07,EXISTING EDW,44554
258,55,1,2022/03/31 00:00:00,5,UTTAR PRADESH,,,,18073,14883603,921771821000,265225539,6992510372000,25214585,6027483116000,,,,,,,,,ST2.3,One Time Migration,2023/09/01 11:11:07,EXISTING EDW,45650
258,55,1,2024/03/31 00:00:00,23,HARYANA,,,,5515,7192109,746934504000,102094617,2471925178000,8887269,4669122490000,118173995,7887982172000,,,,,,,ST2.3,REGULAR LOAD,2024/05/27 15:52:55,SADP,46381
258,55,1,2023/03/31 00:00:00,27,NCT OF DELHI,,,,3775,6707439,1938831588000,106131808,3677074202000,13567553,10972753748000,,,,,,,,,ST2.3,One Time Migration,2023/09/01 11:11:07,EXISTING EDW,46015
258,55,1,2024/03/31 00:00:00,10,ODISHA,,,,5712,4180334,305352104000,68798672,1970732940000,8637276,2949345508000,81616282,5225430552000,,,,,,,ST2.3,REGULAR LOAD,2024/05/27 15:52:55,SADP,46381
258,55,1,2024/03/31 00:00:00,31,ANDHRA PRADESH,,,,7898,2654854,330681396000,89997546,1927679505000,9007553,2547435966000,101659953,4805796867000,,,,,,,ST2.3,REGULAR LOAD,2024/05/27 15:52:55,SADP,46381
258,55,1,2021/03/31 00:00:00,14,ARUNACHAL PRADESH,,,,169,62214,30368418000,1369424,89698941000,171895,75184527000,,,,,,,,,ST2.3,One Time Migration,2023/09/01 11:11:07,EXISTING EDW,45285
258,55,1,2020/03/31 00:00:00,32,KARNATAKA,,,,10778,4533624,1029986107000,110447596,3190428633000,17982006,6392004046000,132963226,10612418786000,,,,,,,ST2.3,One Time Migration,2023/09/01 11:11:07,EXISTING EDW,44920
258,55,1,2020/03/31 00:00:00,2,CHHATTISGARH,,,,2823,1649940,117368487000,35611855,735769085000,3731276,752283353000,40993071,1605420925000,,,,,,,ST2.3,One Time Migration,2023/09/01 11:11:07,EXISTING EDW,44920
258,55,1,2022/03/31 00:00:00,2,CHHATTISGARH,,,,2897,2324099,167982524000,38779002,941829954000,3654657,862691309000,,,,,,,,,ST2.3,One Time Migration,2023/09/01 11:11:07,EXISTING EDW,45650
258,55,1,2020/03/31 00:00:00,7,ANDAMAN & NICOBAR ISLANDS,,,,71,26395,5774513000,504490,26427582000,93700,25909183000,624585,58111278000,,,,,,,ST2.3,One Time Migration,2023/09/01 11:11:07,EXISTING EDW,44920
258,55,1,2022/03/31 00:00:00,16,MANIPUR,,,,225,254398,25533500000,3127995,83938137000,89159,28660585000,,,,,,,,,ST2.3,One Time Migration,2023/09/01 11:11:07,EXISTING EDW,45650
258,55,1,2022/03/31 00:00:00,3,MADHYA PRADESH,,,,7338,6194812,350291977000,102174561,2224446366000,11255211,2528391715000,,,,,,,,,ST2.3,One Time Migration,2023/09/01 11:11:07,EXISTING EDW,45650
258,55,1,2024/03/31 00:00:00,33,KERALA,,,,7130,3985667,399957020000,78691756,2334077960000,11757249,5300075922000,94434672,8034110902000,,,,,,,ST2.3,REGULAR LOAD,2024/05/27 15:52:55,SADP,46381
258,55,1,2025/03/31 00:00:00,21,NORTHERN REGION,,,,29781,14102557,4511155053000,466768001,13529243863000,55744708,30570046155000,536615266,48610445071000,,,,,,,ST2.3,REGULAR LOAD,2025/05/21 17:19:40,SADP,46746
258,55,1,2022/03/31 00:00:00,10,ODISHA,,,,5367,2771934,275734953000,62884072,1662071053000,8150883,2276320271000,,,,,,,,,ST2.3,One Time Migration,2023/09/01 11:11:07,EXISTING EDW,45650
258,55,1,2019/03/31 00:00:00,26,LADAKH,,,,,,,,,,,,,,,,,,,ST2.3,One Time Migration,2023/09/01 11:11:07,EXISTING EDW,44554
258,55,1,2019/03/31 00:00:00,20,TRIPURA,,,,463,85839,15323278000,4722949,111218441000,572887,122258650000,5381675,248800369000,,,,,,,ST2.3,One Time Migration,2023/09/01 11:11:07,EXISTING EDW,44554
258,55,1,2025/03/31 00:00:00,41,DADRA AND NAGAR HAVELI AND DAMAN AND DIU,,,,113,56777,15011553000,1588527,72260049000,215000,82378315000,1860304,169649917000,,,,,,,ST2.3,REGULAR LOAD,2025/05/21 17:19:40,SADP,46746
258,55,1,2019/03/31 00:00:00,32,KARNATAKA,,,,10285,4325634,890937108000,103506017,2814675434000,17286081,5638023093000,125117732,9343635635000,,,,,,,ST2.3,One Time Migration,2023/09/01 11:11:07,EXISTING EDW,44554
258,55,1,2019/03/31 00:00:00,24,HIMACHAL PRADESH,,,,1635,997892,31820392000,9387105,345513380000,3079598,577960868000,13464595,955294640000,,,,,,,ST2.3,One Time Migration,2023/09/01 11:11:07,EXISTING EDW,44554
258,55,1,2024/03/31 00:00:00,3,MADHYA PRADESH,,,,7703,7238679,402745621000,114586986,2504275099000,11488693,3271121303000,133314358,6178142023000,,,,,,,ST2.3,REGULAR LOAD,2024/05/27 15:52:55,SADP,46381
258,55,1,2026/03/31 00:00:00,32,KARNATAKA,,,,11680,4041997,2382732401000,132075728,5809556053000,19507057,13309201362000,155624782,21501489816000,,,,,,,ST2.3,REGULAR LOAD,2026/05/22 20:26:04,SADP,47111
258,55,1,2025/03/31 00:00:00,22,CHANDIGARH,,,,461,176896,71637666000,3214707,388899400000,1268194,805420488000,4659797,1265957554000,,,,,,,ST2.3,REGULAR LOAD,2025/05/21 17:19:40,SADP,46746
258,55,1,2023/03/31 00:00:00,42,GOA,,,,668,294138,48769716000,4190976,288902937000,1835656,682704886000,,,,,,,,,ST2.3,One Time Migration,2023/09/01 11:11:07,EXISTING EDW,46015
258,55,1,2019/03/31 00:00:00,40,DAMAN & DIU,,,,47,19763,3427663000,486825,19685155000,112132,27436144000,618720,50548962000,,,,,,,ST2.3,One Time Migration,2023/09/01 11:11:07,EXISTING EDW,44554
258,55,1,2020/03/31 00:00:00,42,GOA,,,,697,187939,32031116000,3992641,207574054000,1795644,525726495000,5976224,765331665000,,,,,,,ST2.3,One Time Migration,2023/09/01 11:11:07,EXISTING EDW,44920
258,55,1,2019/03/31 00:00:00,10,ODISHA,,,,4914,1621691,177928925000,52375607,1175812923000,8131533,1741796329000,62128831,3095538177000,,,,,,,ST2.3,One Time Migration,2023/09/01 11:11:07,EXISTING EDW,44554
258,55,1,2024/03/31 00:00:00,28,PUNJAB,,,,6784,11019078,302501687000,55303600,2215552056000,10143689,3656834838000,76466367,6174888581000,,,,,,,ST2.3,REGULAR LOAD,2024/05/27 15:52:55,SADP,46381
258,55,1,2025/03/31 00:00:00,19,NAGALAND,,,,231,73693,44097208000,1795876,86017580000,126002,57775429000,1995571,187890217000,,,,,,,ST2.3,REGULAR LOAD,2025/05/21 17:19:40,SADP,46746
258,55,1,2024/03/31 00:00:00,16,MANIPUR,,,,250,518781,26365731000,3041852,94116775000,100827,36208734000,3661460,156691240000,,,,,,,ST2.3,REGULAR LOAD,2024/05/27 15:52:55,SADP,46381
258,55,1,2024/03/31 00:00:00,30,SOUTHERN REGION,,,,45451,22693279,4792068849000,514338369,15966508510000,65186344,30549456592000,602217992,51308033951000,,,,,,,ST2.3,REGULAR LOAD,2024/05/27 15:52:55,SADP,46381
258,55,1,2026/03/31 00:00:00,33,KERALA,,,,7547,3269347,549397811000,77338141,2807510043000,13441320,6652950737000,94048808,10009858591000,,,,,,,ST2.3,REGULAR LOAD,2026/05/22 20:26:04,SADP,47111
258,55,1,2019/03/31 00:00:00,16,MANIPUR,,,,192,70143,23285008000,2595328,51254333000,77742,24732099000,2743213,99271440000,,,,,,,ST2.3,One Time Migration,2023/09/01 11:11:07,EXISTING EDW,44554
258,55,1,2019/03/31 00:00:00,45,ALL-INDIA,,,,145374,81009669,11902096303000,1643290459,41173741959000,248419519,73314246863000,1972719647,126390085125000,,,,,,,ST2.3,One Time Migration,2023/09/01 11:11:07,EXISTING EDW,44554
258,55,1,2022/03/31 00:00:00,32,KARNATAKA,,,,10780,4902815,1589432511000,112111885,4428298711000,16926308,7807786219000,,,,,,,,,ST2.3,One Time Migration,2023/09/01 11:11:07,EXISTING EDW,45650
258,55,1,2020/03/31 00:00:00,15,ASSAM,,,,2957,1160242,128754259000,39233303,817433096000,3805583,696798281000,44199128,1642985636000,,,,,,,ST2.3,One Time Migration,2023/09/01 11:11:07,EXISTING EDW,44920
258,55,1,2023/03/31 00:00:00,43,GUJARAT,,,,8862,4878700,969263051000,93180648,3524191409000,17689623,5781073190000,,,,,,,,,ST2.3,One Time Migration,2023/09/01 11:11:07,EXISTING EDW,46015
258,55,1,2025/03/31 00:00:00,3,MADHYA PRADESH,,,,7949,4561334,428952469000,118366769,2627020165000,11921837,3678789869000,134849940,6734762503000,,,,,,,ST2.3,REGULAR LOAD,2025/05/21 17:19:40,SADP,46746
258,55,1,2021/03/31 00:00:00,9,JHARKHAND,,,,3190,1665023,164093788000,42928301,1043530455000,5657585,1353073497000,,,,,,,,,ST2.3,One Time Migration,2023/09/01 11:11:07,EXISTING EDW,45285
258,55,1,2021/03/31 00:00:00,10,ODISHA,,,,5289,2129728,204088492000,58290660,1381327900000,8217649,2050255891000,,,,,,,,,ST2.3,One Time Migration,2023/09/01 11:11:07,EXISTING EDW,45285
258,55,1,2020/03/31 00:00:00,5,UTTAR PRADESH,,,,18041,10801135,701506902000,244805724,5569194931000,25549670,5178318800000,281156529,11449020633000,,,,,,,ST2.3,One Time Migration,2023/09/01 11:11:07,EXISTING EDW,44920
258,55,1,2025/03/31 00:00:00,31,ANDHRA PRADESH,,,,8087,2129458,429750810000,90922979,1937081222000,9232021,2929901292000,102284458,5296733324000,,,,,,,ST2.3,REGULAR LOAD,2025/05/21 17:19:40,SADP,46746
258,55,1,2022/03/31 00:00:00,23,HARYANA,,,,5190,5039535,585785241000,47677450,2288680968000,7659443,3265673289000,,,,,,,,,ST2.3,One Time Migration,2023/09/01 11:11:07,EXISTING EDW,45650
258,55,1,2026/03/31 00:00:00,28,PUNJAB,,,,7075,1911037,306741985000,59622160,2525047877000,10906001,4573629919000,72439198,7405419781000,,,,,,,ST2.3,REGULAR LOAD,2026/05/22 20:26:04,SADP,47111
258,55,1,2025/03/31 00:00:00,17,MEGHALAYA,,,,394,100705,47290143000,3346253,172272618000,342003,158226161000,3788961,377788922000,,,,,,,ST2.3,REGULAR LOAD,2025/05/21 17:19:40,SADP,46746
