state_raw,year,atms,source_sheet,total_row_label
ANDAMAN & NICOBAR ISLANDS,2018,115.0,Statewise March-2018,Grand Total
ANDHRA PRADESH,2018,10436.0,Statewise March-2018,Grand Total
ARUNACHAL PRADESH,2018,248.0,Statewise March-2018,Grand Total
ASSAM,2018,3805.0,Statewise March-2018,Grand Total
BIHAR,2018,7949.0,Statewise March-2018,Grand Total
CHANDIGARH,2018,648.0,Statewise March-2018,Grand Total
CHHATTISGARH,2018,3262.0,Statewise March-2018,Grand Total
DADRA & NAGAR HAVELI,2018,139.0,Statewise March-2018,Grand Total
DAMAN,2018,95.0,Statewise March-2018,Grand Total
DELHI,2018,8744.0,Statewise March-2018,Grand Total
DIU,2018,13.0,Statewise March-2018,Grand Total
GOA,2018,1032.0,Statewise March-2018,Grand Total
GUJARAT,2018,11726.0,Statewise March-2018,Grand Total
HARYANA,2018,6497.0,Statewise March-2018,Grand Total
HIMACHAL PRADESH,2018,1786.0,Statewise March-2018,Grand Total
JAMMU & KASHMIR,2018,2516.0,Statewise March-2018,Grand Total
JHARKHAND,2018,3768.0,Statewise March-2018,Grand Total
KARNATAKA,2018,17664.0,Statewise March-2018,Grand Total
KERALA,2018,9644.0,Statewise March-2018,Grand Total
LAKSHADWEEP,2018,17.0,Statewise March-2018,Grand Total
MADHYA PRADESH,2018,10066.0,Statewise March-2018,Grand Total
MAHARASHTRA,2018,25651.0,Statewise March-2018,Grand Total
MANIPUR,2018,335.0,Statewise March-2018,Grand Total
MEGHALAYA,2018,409.0,Statewise March-2018,Grand Total
MIZORAM,2018,171.0,Statewise March-2018,Grand Total
NAGALAND,2018,316.0,Statewise March-2018,Grand Total
ODISHA,2018,6988.0,Statewise March-2018,Grand Total
PUDUCHERRY,2018,591.0,Statewise March-2018,Grand Total
PUNJAB,2018,7384.0,Statewise March-2018,Grand Total
RAJASTHAN,2018,9386.0,Statewise March-2018,Grand Total
SIKKIM,2018,196.0,Statewise March-2018,Grand Total
TAMIL NADU,2018,25277.0,Statewise March-2018,Grand Total
TELANGANA,2018,10365.0,Statewise March-2018,Grand Total
TRIPURA,2018,491.0,Statewise March-2018,Grand Total
UTTAR PRADESH,2018,19937.0,Statewise March-2018,Grand Total
UTTARAKHAND,2018,2677.0,Statewise March-2018,Grand Total
WEST BENGAL,2018,11722.0,Statewise March-2018,Grand Total
ANDAMAN & NICOBAR ISLANDS,2019,105.0,Statewise March 2019,Grand Total
ANDHRA PRADESH,2019,10556.0,Statewise March 2019,Grand Total
ARUNACHAL PRADESH,2019,207.0,Statewise March 2019,Grand Total
ASSAM,2019,3700.0,Statewise March 2019,Grand Total
BIHAR,2019,7733.0,Statewise March 2019,Grand Total
CHANDIGARH,2019,707.0,Statewise March 2019,Grand Total
CHHATTISGARH,2019,3279.0,Statewise March 2019,Grand Total
DADRA & NAGAR HAVELI,2019,147.0,Statewise March 2019,Grand Total
DAMAN,2019,99.0,Statewise March 2019,Grand Total
DELHI,2019,8080.0,Statewise March 2019,Grand Total
DIU,2019,3.0,Statewise March 2019,Grand Total
GOA,2019,1008.0,Statewise March 2019,Grand Total
GUJARAT,2019,11476.0,Statewise March 2019,Grand Total
HARYANA,2019,6433.0,Statewise March 2019,Grand Total
HIMACHAL PRADESH,2019,1829.0,Statewise March 2019,Grand Total
JAMMU & KASHMIR,2019,2614.0,Statewise March 2019,Grand Total
JHARKHAND,2019,3481.0,Statewise March 2019,Grand Total
KARNATAKA,2019,17869.0,Statewise March 2019,Grand Total
KERALA,2019,9582.0,Statewise March 2019,Grand Total
LAKSHADWEEP,2019,18.0,Statewise March 2019,Grand Total
MADHYA PRADESH,2019,10216.0,Statewise March 2019,Grand Total
MAHARASHTRA,2019,25692.0,Statewise March 2019,Grand Total
MANIPUR,2019,330.0,Statewise March 2019,Grand Total
MEGHALAYA,2019,389.0,Statewise March 2019,Grand Total
MIZORAM,2019,181.0,Statewise March 2019,Grand Total
NAGALAND,2019,296.0,Statewise March 2019,Grand Total
ODISHA,2019,6888.0,Statewise March 2019,Grand Total
PUDUCHERRY,2019,561.0,Statewise March 2019,Grand Total
PUNJAB,2019,7210.0,Statewise March 2019,Grand Total
RAJASTHAN,2019,10534.0,Statewise March 2019,Grand Total
SIKKIM,2019,179.0,Statewise March 2019,Grand Total
TAMIL NADU,2019,25701.0,Statewise March 2019,Grand Total
TELANGANA,2019,9982.0,Statewise March 2019,Grand Total
TRIPURA,2019,482.0,Statewise March 2019,Grand Total
UTTAR PRADESH,2019,20192.0,Statewise March 2019,Grand Total
UTTARAKHAND,2019,2606.0,Statewise March 2019,Grand Total
WEST BENGAL,2019,11338.0,Statewise March 2019,Grand Total
ANDAMAN & NICOBAR ISLANDS,2020,120.0,Statewise March 2020,Grand Total
ANDHRA PRADESH,2020,11049.0,Statewise March 2020,Grand Total
ARUNACHAL PRADESH,2020,249.0,Statewise March 2020,Grand Total
ASSAM,2020,3926.0,Statewise March 2020,Grand Total
BIHAR,2020,8235.0,Statewise March 2020,Grand Total
CHANDIGARH,2020,667.0,Statewise March 2020,Grand Total
CHHATTISGARH,2020,3594.0,Statewise March 2020,Grand Total
DADRA & NAGAR HAVELI,2020,161.0,Statewise March 2020,Grand Total
DAMAN,2020,117.0,Statewise March 2020,Grand Total
DELHI,2020,8559.0,Statewise March 2020,Grand Total
DIU,2020,5.0,Statewise March 2020,Grand Total
GOA,2020,1001.0,Statewise March 2020,Grand Total
GUJARAT,2020,12111.0,Statewise March 2020,Grand Total
HARYANA,2020,6968.0,Statewise March 2020,Grand Total
HIMACHAL PRADESH,2020,1855.0,Statewise March 2020,Grand Total
JAMMU & KASHMIR,2020,2554.0,Statewise March 2020,Grand Total
JHARKHAND,2020,3629.0,Statewise March 2020,Grand Total
KARNATAKA,2020,17896.0,Statewise March 2020,Grand Total
KERALA,2020,9931.0,Statewise March 2020,Grand Total
LADAKH,2020,136.0,Statewise March 2020,Grand Total
LAKSHADWEEP,2020,18.0,Statewise March 2020,Grand Total
MADHYA PRADESH,2020,10577.0,Statewise March 2020,Grand Total
MAHARASHTRA,2020,27887.0,Statewise March 2020,Grand Total
MANIPUR,2020,337.0,Statewise March 2020,Grand Total
MEGHALAYA,2020,407.0,Statewise March 2020,Grand Total
MIZORAM,2020,173.0,Statewise March 2020,Grand Total
NAGALAND,2020,317.0,Statewise March 2020,Grand Total
ODISHA,2020,7068.0,Statewise March 2020,Grand Total
PUDUCHERRY,2020,623.0,Statewise March 2020,Grand Total
PUNJAB,2020,7437.0,Statewise March 2020,Grand Total
RAJASTHAN,2020,11149.0,Statewise March 2020,Grand Total
SIKKIM,2020,200.0,Statewise March 2020,Grand Total
TAMIL NADU,2020,26892.0,Statewise March 2020,Grand Total
TELANGANA,2020,10884.0,Statewise March 2020,Grand Total
TRIPURA,2020,583.0,Statewise March 2020,Grand Total
UTTAR PRADESH,2020,21969.0,Statewise March 2020,Grand Total
UTTARAKHAND,2020,2781.0,Statewise March 2020,Grand Total
WEST BENGAL,2020,12292.0,Statewise March 2020,Grand Total
ANDAMAN & NICOBAR ISLANDS,2021,128.0,Statewise March 2021,Grand Total
ANDHRA PRADESH,2021,11635.0,Statewise March 2021,Grand Total
ARUNACHAL PRADESH,2021,254.0,Statewise March 2021,Grand Total
ASSAM,2021,4218.0,Statewise March 2021,Grand Total
BIHAR,2021,8550.0,Statewise March 2021,Grand Total
CHANDIGARH,2021,736.0,Statewise March 2021,Grand Total
CHHATTISGARH,2021,3829.0,Statewise March 2021,Grand Total
DADRA & NAGAR HAVELI,2021,207.0,Statewise March 2021,Grand Total
DAMAN,2021,74.0,Statewise March 2021,Grand Total
DELHI,2021,8202.0,Statewise March 2021,Grand Total
DIU,2021,3.0,Statewise March 2021,Grand Total
GOA,2021,989.0,Statewise March 2021,Grand Total
GUJARAT,2021,12283.0,Statewise March 2021,Grand Total
HARYANA,2021,6963.0,Statewise March 2021,Grand Total
HIMACHAL PRADESH,2021,1929.0,Statewise March 2021,Grand Total
JAMMU & KASHMIR,2021,2647.0,Statewise March 2021,Grand Total
JHARKHAND,2021,3700.0,Statewise March 2021,Grand Total
KARNATAKA,2021,18347.0,Statewise March 2021,Grand Total
KERALA,2021,10356.0,Statewise March 2021,Grand Total
LADAKH,2021,139.0,Statewise March 2021,Grand Total
LAKSHADWEEP,2021,20.0,Statewise March 2021,Grand Total
MADHYA PRADESH,2021,10763.0,Statewise March 2021,Grand Total
MAHARASHTRA,2021,27471.0,Statewise March 2021,Grand Total
MANIPUR,2021,386.0,Statewise March 2021,Grand Total
MEGHALAYA,2021,415.0,Statewise March 2021,Grand Total
MIZORAM,2021,177.0,Statewise March 2021,Grand Total
NAGALAND,2021,320.0,Statewise March 2021,Grand Total
ODISHA,2021,7620.0,Statewise March 2021,Grand Total
PUDUCHERRY,2021,633.0,Statewise March 2021,Grand Total
PUNJAB,2021,7464.0,Statewise March 2021,Grand Total
RAJASTHAN,2021,10874.0,Statewise March 2021,Grand Total
SIKKIM,2021,192.0,Statewise March 2021,Grand Total
TAMIL NADU,2021,27727.0,Statewise March 2021,Grand Total
TELANGANA,2021,11109.0,Statewise March 2021,Grand Total
TRIPURA,2021,526.0,Statewise March 2021,Grand Total
UTTAR PRADESH,2021,22127.0,Statewise March 2021,Grand Total
UTTARAKHAND,2021,2809.0,Statewise March 2021,Grand Total
WEST BENGAL,2021,12766.0,Statewise March 2021,Grand Total
ANDAMAN & NICOBAR ISLANDS,2022,123.0,Statewise March 2022,Total (Banks+WLAOs)
ANDHRA PRADESH,2022,12101.0,Statewise March 2022,Total (Banks+WLAOs)
ARUNACHAL PRADESH,2022,274.0,Statewise March 2022,Total (Banks+WLAOs)
ASSAM,2022,4426.0,Statewise March 2022,Total (Banks+WLAOs)
BIHAR,2022,9284.0,Statewise March 2022,Total (Banks+WLAOs)
CHANDIGARH,2022,755.0,Statewise March 2022,Total (Banks+WLAOs)
CHHATTISGARH,2022,4156.0,Statewise March 2022,Total (Banks+WLAOs)
DADRA & NAGAR HAVELI AND DAMAN & DIU,2022,305.0,Statewise March 2022,Total (Banks+WLAOs)
GOA,2022,1027.0,Statewise March 2022,Total (Banks+WLAOs)
GUJARAT,2022,13570.0,Statewise March 2022,Total (Banks+WLAOs)
HARYANA,2022,7075.0,Statewise March 2022,Total (Banks+WLAOs)
HIMACHAL PRADESH,2022,2178.0,Statewise March 2022,Total (Banks+WLAOs)
JAMMU & KASHMIR,2022,2689.0,Statewise March 2022,Total (Banks+WLAOs)
JHARKHAND,2022,4097.0,Statewise March 2022,Total (Banks+WLAOs)
KARNATAKA,2022,19018.0,Statewise March 2022,Total (Banks+WLAOs)
KERALA,2022,10926.0,Statewise March 2022,Total (Banks+WLAOs)
LADAKH,2022,154.0,Statewise March 2022,Total (Banks+WLAOs)
LAKSHADWEEP,2022,19.0,Statewise March 2022,Total (Banks+WLAOs)
MADHYA PRADESH,2022,11291.0,Statewise March 2022,Total (Banks+WLAOs)
MAHARASHTRA,2022,28817.0,Statewise March 2022,Total (Banks+WLAOs)
MANIPUR,2022,396.0,Statewise March 2022,Total (Banks+WLAOs)
MEGHALAYA,2022,451.0,Statewise March 2022,Total (Banks+WLAOs)
MIZORAM,2022,175.0,Statewise March 2022,Total (Banks+WLAOs)
NAGALAND,2022,327.0,Statewise March 2022,Total (Banks+WLAOs)
DELHI,2022,7996.0,Statewise March 2022,Total (Banks+WLAOs)
ODISHA,2022,8203.0,Statewise March 2022,Total (Banks+WLAOs)
PUDUCHERRY,2022,670.0,Statewise March 2022,Total (Banks+WLAOs)
PUNJAB,2022,7649.0,Statewise March 2022,Total (Banks+WLAOs)
RAJASTHAN,2022,11244.0,Statewise March 2022,Total (Banks+WLAOs)
SIKKIM,2022,227.0,Statewise March 2022,Total (Banks+WLAOs)
TAMIL NADU,2022,29169.0,Statewise March 2022,Total (Banks+WLAOs)
TELANGANA,2022,11712.0,Statewise March 2022,Total (Banks+WLAOs)
TRIPURA,2022,566.0,Statewise March 2022,Total (Banks+WLAOs)
UTTAR PRADESH,2022,24322.0,Statewise March 2022,Total (Banks+WLAOs)
UTTARAKHAND,2022,2938.0,Statewise March 2022,Total (Banks+WLAOs)
WEST BENGAL,2022,13410.0,Statewise March 2022,Total (Banks+WLAOs)
ANDAMAN & NICOBAR ISLANDS,2023,124.0,Statewise March 2023,Grand Total
ANDHRA PRADESH,2023,12393.0,Statewise March 2023,Grand Total
ARUNACHAL PRADESH,2023,283.0,Statewise March 2023,Grand Total
ASSAM,2023,4670.0,Statewise March 2023,Grand Total
BIHAR,2023,9680.0,Statewise March 2023,Grand Total
CHANDIGARH,2023,744.0,Statewise March 2023,Grand Total
CHHATTISGARH,2023,4390.0,Statewise March 2023,Grand Total
DADRA & NAGAR HAVELI AND DAMAN & DIU,2023,311.0,Statewise March 2023,Grand Total
GOA,2023,1038.0,Statewise March 2023,Grand Total
GUJARAT,2023,14297.0,Statewise March 2023,Grand Total
HARYANA,2023,7263.0,Statewise March 2023,Grand Total
HIMACHAL PRADESH,2023,2271.0,Statewise March 2023,Grand Total
JAMMU & KASHMIR,2023,2826.0,Statewise March 2023,Grand Total
JHARKHAND,2023,4157.0,Statewise March 2023,Grand Total
KARNATAKA,2023,19238.0,Statewise March 2023,Grand Total
KERALA,2023,11633.0,Statewise March 2023,Grand Total
LADAKH,2023,161.0,Statewise March 2023,Grand Total
LAKSHADWEEP,2023,23.0,Statewise March 2023,Grand Total
MADHYA PRADESH,2023,11495.0,Statewise March 2023,Grand Total
MAHARASHTRA,2023,29612.0,Statewise March 2023,Grand Total
MANIPUR,2023,400.0,Statewise March 2023,Grand Total
MEGHALAYA,2023,459.0,Statewise March 2023,Grand Total
MIZORAM,2023,182.0,Statewise March 2023,Grand Total
NAGALAND,2023,332.0,Statewise March 2023,Grand Total
DELHI,2023,7887.0,Statewise March 2023,Grand Total
ODISHA,2023,8626.0,Statewise March 2023,Grand Total
PUDUCHERRY,2023,671.0,Statewise March 2023,Grand Total
PUNJAB,2023,7948.0,Statewise March 2023,Grand Total
RAJASTHAN,2023,11523.0,Statewise March 2023,Grand Total
SIKKIM,2023,235.0,Statewise March 2023,Grand Total
TAMIL NADU,2023,30078.0,Statewise March 2023,Grand Total
TELANGANA,2023,11549.0,Statewise March 2023,Grand Total
TRIPURA,2023,605.0,Statewise March 2023,Grand Total
UTTAR PRADESH,2023,24746.0,Statewise March 2023,Grand Total
UTTARAKHAND,2023,3051.0,Statewise March 2023,Grand Total
WEST BENGAL,2023,13633.0,Statewise March 2023,Grand Total
ANDAMAN & NICOBAR ISLANDS,2024,129.0,State-Wise March-24,GRAND TOTAL
ANDHRA PRADESH,2024,12046.0,State-Wise March-24,GRAND TOTAL
ARUNACHAL PRADESH,2024,313.0,State-Wise March-24,GRAND TOTAL
ASSAM,2024,4989.0,State-Wise March-24,GRAND TOTAL
BIHAR,2024,9198.0,State-Wise March-24,GRAND TOTAL
CHANDIGARH,2024,750.0,State-Wise March-24,GRAND TOTAL
CHHATTISGARH,2024,4644.0,State-Wise March-24,GRAND TOTAL
DADRA & NAGAR HAVELI AND DAMAN & DIU,2024,300.0,State-Wise March-24,GRAND TOTAL
GOA,2024,1063.0,State-Wise March-24,GRAND TOTAL
GUJARAT,2024,14637.0,State-Wise March-24,GRAND TOTAL
HARYANA,2024,7357.0,State-Wise March-24,GRAND TOTAL
HIMACHAL PRADESH,2024,2321.0,State-Wise March-24,GRAND TOTAL
JAMMU & KASHMIR,2024,2909.0,State-Wise March-24,GRAND TOTAL
JHARKHAND,2024,4079.0,State-Wise March-24,GRAND TOTAL
KARNATAKA,2024,19272.0,State-Wise March-24,GRAND TOTAL
KERALA,2024,12225.0,State-Wise March-24,GRAND TOTAL
LADAKH,2024,167.0,State-Wise March-24,GRAND TOTAL
LAKSHADWEEP,2024,30.0,State-Wise March-24,GRAND TOTAL
MADHYA PRADESH,2024,11500.0,State-Wise March-24,GRAND TOTAL
MAHARASHTRA,2024,28814.0,State-Wise March-24,GRAND TOTAL
MANIPUR,2024,390.0,State-Wise March-24,GRAND TOTAL
MEGHALAYA,2024,466.0,State-Wise March-24,GRAND TOTAL
MIZORAM,2024,174.0,State-Wise March-24,GRAND TOTAL
NAGALAND,2024,340.0,State-Wise March-24,GRAND TOTAL
DELHI,2024,7727.0,State-Wise March-24,GRAND TOTAL
ODISHA,2024,8756.0,State-Wise March-24,GRAND TOTAL
PUDUCHERRY,2024,644.0,State-Wise March-24,GRAND TOTAL
PUNJAB,2024,8339.0,State-Wise March-24,GRAND TOTAL
RAJASTHAN,2024,11718.0,State-Wise March-24,GRAND TOTAL
SIKKIM,2024,246.0,State-Wise March-24,GRAND TOTAL
TAMIL NADU,2024,30106.0,State-Wise March-24,GRAND TOTAL
TELANGANA,2024,10820.0,State-Wise March-24,GRAND TOTAL
TRIPURA,2024,668.0,State-Wise March-24,GRAND TOTAL
UTTAR PRADESH,2024,24165.0,State-Wise March-24,GRAND TOTAL
UTTARAKHAND,2024,3048.0,State-Wise March-24,GRAND TOTAL
WEST BENGAL,2024,13304.0,State-Wise March-24,GRAND TOTAL
