state_key,fy_end,branches,atms,credit_accounts,deposit_accounts,deposits_rs_crore,credit_rs_crore,nsdp_pc_rs,pop_18plus_000,pop_total_000
ANDAMAN AND NICOBAR ISLANDS,2018,69.0,115.0,45326.0,601404.0,4683.0,1843.0,178709.0,265.8,395.0
ANDAMAN AND NICOBAR ISLANDS,2019,69.0,105.0,47929.0,615681.0,5186.0,2181.0,204254.0,269.5,397.0
ANDAMAN AND NICOBAR ISLANDS,2020,71.0,120.0,50461.0,624585.0,5811.0,2561.0,219653.0,273.2,399.0
ANDAMAN AND NICOBAR ISLANDS,2021,72.0,128.0,58904.0,583380.0,6043.0,2812.0,205368.0,276.3,400.0
ANDAMAN AND NICOBAR ISLANDS,2022,72.0,123.0,94580.0,608150.0,6773.0,3462.0,229570.0,279.6,402.0
ANDAMAN AND NICOBAR ISLANDS,2023,70.0,124.0,74253.0,643072.0,7122.0,3705.0,263984.0,282.3,403.0
ANDHRA PRADESH,2018,6958.0,10436.0,12884824.0,91175427.0,274566.0,309165.0,138299.0,38053.8,51938.0
ANDHRA PRADESH,2019,7087.0,10556.0,14465301.0,91670674.0,300452.0,373572.0,154031.0,38539.8,52221.0
ANDHRA PRADESH,2020,7252.0,11049.0,15114394.0,92229340.0,324873.0,418830.0,160341.0,39028.9,52504.0
ANDHRA PRADESH,2021,7431.0,11635.0,16651870.0,95917846.0,359770.0,486536.0,168063.0,39521.0,52787.0
ANDHRA PRADESH,2022,7446.0,12101.0,18331300.0,98507220.0,385881.0,550560.0,193703.0,39880.6,52972.0
ANDHRA PRADESH,2023,7663.0,12393.0,20317775.0,100356722.0,429719.0,641272.0,219917.0,40240.9,53156.0
ARUNACHAL PRADESH,2018,154.0,248.0,104518.0,1546379.0,13449.0,3362.0,138836.0,1010.4,1489.0
ARUNACHAL PRADESH,2019,155.0,207.0,91622.0,1548936.0,16659.0,3869.0,155103.0,1034.1,1504.0
ARUNACHAL PRADESH,2020,164.0,249.0,114234.0,1668551.0,17171.0,4338.0,182171.0,1058.1,1519.0
ARUNACHAL PRADESH,2021,169.0,254.0,130083.0,1603533.0,19525.0,5897.0,181537.0,1081.7,1533.0
ARUNACHAL PRADESH,2022,172.0,274.0,135606.0,1946181.0,24121.0,6053.0,190851.0,1103.9,1548.0
ARUNACHAL PRADESH,2023,187.0,283.0,148780.0,2093419.0,26656.0,7510.0,204469.0,1125.5,1562.0
ASSAM,2018,2374.0,3805.0,4115926.0,42720628.0,134287.0,57186.0,75151.0,22232.7,33918.0
ASSAM,2019,2404.0,3700.0,4565307.0,41005351.0,147091.0,67360.0,81034.0,22702.9,34293.0
ASSAM,2020,2957.0,3926.0,5328692.0,44199128.0,164299.0,72954.0,90123.0,23178.0,34668.0
ASSAM,2021,3020.0,4218.0,6014883.0,47975276.0,173014.0,83235.0,86947.0,23658.0,35043.0
ASSAM,2022,3043.0,4426.0,5531837.0,51977238.0,189483.0,95992.0,103371.0,24096.3,35378.0
ASSAM,2023,3085.0,4670.0,5233473.0,56882605.0,207312.0,112374.0,121573.0,24538.6,35713.0
BIHAR,2018,6729.0,7949.0,8348492.0,114165114.0,314811.0,101253.0,36850.0,67629.3,117739.0
BIHAR,2019,6917.0,7733.0,10079827.0,125866480.0,353169.0,124996.0,40715.0,69542.5,119520.0
BIHAR,2020,7463.0,8235.0,12646671.0,134966208.0,375707.0,139590.0,44175.0,71482.8,121302.0
BIHAR,2021,7584.0,8550.0,13722593.0,142163767.0,397492.0,163964.0,42128.0,73449.0,123083.0
BIHAR,2022,7640.0,9284.0,14316914.0,153926494.0,442417.0,195592.0,47296.0,75318.8,124919.0
BIHAR,2023,7832.0,9680.0,16096444.0,158631066.0,478429.0,231859.0,54637.0,77212.0,126756.0
CHANDIGARH,2018,442.0,648.0,388232.0,4254424.0,61928.0,69673.0,280512.0,783.9,1165.0
CHANDIGARH,2019,442.0,707.0,573780.0,4185926.0,68300.0,77956.0,307812.0,800.3,1179.0
CHANDIGARH,2020,454.0,667.0,689948.0,4354455.0,72552.0,78002.0,330703.0,816.9,1193.0
CHANDIGARH,2021,442.0,736.0,722264.0,4275328.0,81320.0,80793.0,290417.0,834.3,1208.0
CHANDIGARH,2022,438.0,755.0,688165.0,4526153.0,89738.0,82007.0,337406.0,847.9,1219.0
CHANDIGARH,2023,449.0,744.0,719278.0,6633819.0,99918.0,77839.0,408512.0,862.4,1231.0
CHHATTISGARH,2018,2521.0,3262.0,2003350.0,36974712.0,132429.0,83656.0,88793.0,18456.6,28340.0
CHHATTISGARH,2019,2634.0,3279.0,2196361.0,39671833.0,142656.0,94404.0,102024.0,18850.3,28724.0
CHHATTISGARH,2020,2823.0,3594.0,2621265.0,40993071.0,160542.0,104647.0,106611.0,19248.6,29109.0
CHHATTISGARH,2021,2844.0,3829.0,3269960.0,42380082.0,173217.0,115659.0,106117.0,19650.0,29493.0
CHHATTISGARH,2022,2897.0,4156.0,3314286.0,44757758.0,197250.0,138103.0,123493.0,20009.0,29836.0
CHHATTISGARH,2023,2979.0,4390.0,3583952.0,45493127.0,216407.0,165326.0,134996.0,20371.7,30180.0
DELHI,2018,3627.0,8744.0,5860623.0,49891675.0,1144642.0,1076998.0,318323.0,13901.2,19435.0
DELHI,2019,3716.0,8080.0,5882615.0,50850314.0,1210108.0,1314165.0,338730.0,14289.6,19814.0
DELHI,2020,3825.0,8559.0,6713375.0,53149594.0,1238245.0,1370412.0,355798.0,14682.4,20193.0
DELHI,2021,3747.0,8202.0,7113677.0,52543234.0,1400864.0,1353058.0,322311.0,15079.0,20571.0
DELHI,2022,3712.0,7996.0,7372252.0,57770996.0,1489930.0,1425079.0,370824.0,15448.5,20965.0
DELHI,2023,3775.0,7887.0,8354710.0,126406800.0,1658866.0,1535986.0,417217.0,15821.0,21359.0
GOA,2018,686.0,1032.0,391693.0,5757458.0,65275.0,17427.0,411740.0,1030.2,1531.0
GOA,2019,697.0,1008.0,439323.0,5782595.0,71135.0,19416.0,423716.0,1045.3,1540.0
GOA,2020,697.0,1001.0,491872.0,5976224.0,76533.0,20146.0,435949.0,1060.6,1549.0
GOA,2021,687.0,989.0,529515.0,5868775.0,85771.0,22166.0,423047.0,1076.7,1559.0
GOA,2022,663.0,1027.0,545107.0,6013367.0,92900.0,24092.0,459094.0,1090.0,1567.0
GOA,2023,668.0,1038.0,576839.0,6320770.0,102038.0,27004.0,532854.0,1103.3,1575.0
GUJARAT,2018,7959.0,11726.0,7689200.0,94293480.0,640358.0,483921.0,176961.0,46039.1,67010.0
GUJARAT,2019,8150.0,11476.0,9404949.0,98768872.0,674922.0,591533.0,197457.0,46986.9,67936.0
GUJARAT,2020,8626.0,12111.0,11538101.0,103155310.0,738912.0,611499.0,212428.0,47943.2,68862.0
GUJARAT,2021,8582.0,12283.0,12769737.0,105125462.0,830161.0,659772.0,207324.0,48908.0,69788.0
GUJARAT,2022,8599.0,13570.0,14327974.0,108522063.0,928468.0,758868.0,241584.0,49774.1,70648.0
GUJARAT,2023,8862.0,14297.0,15470786.0,115748971.0,1027453.0,828364.0,272451.0,50645.8,71507.0
HARYANA,2018,4849.0,6497.0,4489417.0,50062029.0,366393.0,214888.0,208437.0,19279.7,28266.0
HARYANA,2019,5008.0,6433.0,5471358.0,51270033.0,409974.0,278875.0,223022.0,19709.4,28672.0
HARYANA,2020,5224.0,6968.0,7052823.0,54161437.0,475352.0,308058.0,232530.0,20142.7,29077.0
HARYANA,2021,5225.0,6963.0,7643585.0,54791434.0,538565.0,321936.0,225137.0,20581.0,29483.0
HARYANA,2022,5190.0,7075.0,8122278.0,60376428.0,614014.0,372955.0,265163.0,20968.5,29846.0
HARYANA,2023,5326.0,7263.0,9017016.0,66351754.0,702370.0,453537.0,289213.0,21359.3,30209.0
HIMACHAL PRADESH,2018,1533.0,1786.0,838395.0,13232267.0,84896.0,26373.0,165497.0,5289.6,7253.0
HIMACHAL PRADESH,2019,1635.0,1829.0,939105.0,13464595.0,95529.0,30332.0,174804.0,5366.8,7300.0
HIMACHAL PRADESH,2020,1652.0,1855.0,1002960.0,14095312.0,103545.0,32327.0,186559.0,5444.6,7347.0
HIMACHAL PRADESH,2021,1683.0,1929.0,1134908.0,13811004.0,112344.0,35899.0,173565.0,5523.0,7394.0
HIMACHAL PRADESH,2022,1674.0,2178.0,1205487.0,15319423.0,123672.0,40942.0,193016.0,5587.9,7431.0
HIMACHAL PRADESH,2023,1734.0,2271.0,1284705.0,16594860.0,136486.0,46720.0,214952.0,5653.1,7468.0
JAMMU AND KASHMIR,2018,1799.0,2516.0,1646922.0,20578048.0,103991.0,44585.0,87710.0,8966.0,13392.0
JAMMU AND KASHMIR,2019,1830.0,2614.0,1805158.0,21661174.0,118122.0,54282.0,98738.0,9180.3,13496.0
JAMMU AND KASHMIR,2020,1835.0,2690.0,2607118.0,22158550.0,132981.0,61014.0,101868.0,9396.9,13600.0
JAMMU AND KASHMIR,2021,1875.0,2786.0,2712271.0,22646991.0,149058.0,72089.0,101645.0,9616.4,13705.0
JAMMU AND KASHMIR,2022,1897.0,2843.0,2810884.0,23707551.0,160684.0,82715.0,112898.0,9829.8,13804.0
JAMMU AND KASHMIR,2023,1967.0,2987.0,3072153.0,25126764.0,171157.0,95578.0,310584.0,10045.3,13903.0
JHARKHAND,2018,2960.0,3768.0,2929862.0,44821510.0,195691.0,54268.0,67484.0,23009.1,36869.0
JHARKHAND,2019,3051.0,3481.0,3328128.0,45663953.0,218585.0,63245.0,75421.0,23619.1,37403.0
JHARKHAND,2020,3169.0,3629.0,4414091.0,47965103.0,234106.0,71055.0,75016.0,24237.1,37937.0
JHARKHAND,2021,3190.0,3700.0,4959862.0,50250909.0,256070.0,80679.0,69963.0,24863.0,38471.0
JHARKHAND,2022,3206.0,4097.0,5248065.0,52988029.0,282989.0,92188.0,88500.0,25436.2,38969.0
JHARKHAND,2023,3298.0,4157.0,5736948.0,54789800.0,304044.0,109382.0,95839.0,26015.1,39466.0
KARNATAKA,2018,10068.0,17664.0,15318334.0,117549212.0,835662.0,582491.0,185840.0,46817.1,65275.0
KARNATAKA,2019,10285.0,17869.0,17637535.0,125117732.0,934364.0,701678.0,205245.0,47511.7,65798.0
KARNATAKA,2020,10778.0,17896.0,21089978.0,132963226.0,1061242.0,741838.0,222141.0,48212.2,66322.0
KARNATAKA,2021,10875.0,18347.0,22558957.0,131364488.0,1256023.0,793376.0,221683.0,48917.0,66845.0
KARNATAKA,2022,10780.0,19018.0,23427263.0,133941008.0,1382552.0,888922.0,268963.0,49507.4,67268.0
KARNATAKA,2023,11034.0,19238.0,25215292.0,143759011.0,1485253.0,1027656.0,310325.0,50102.1,67692.0
KERALA,2018,6393.0,9644.0,9818152.0,69198441.0,441923.0,282034.0,183252.0,25936.7,34943.0
KERALA,2019,6622.0,9582.0,13756280.0,73495187.0,495762.0,334847.0,205437.0,26192.5,35125.0
KERALA,2020,6801.0,9931.0,14049449.0,76371710.0,545024.0,360892.0,208879.0,26449.6,35307.0
KERALA,2021,6869.0,10356.0,13702398.0,76629780.0,607649.0,388732.0,194432.0,26708.0,35489.0
KERALA,2022,6814.0,10926.0,13611613.0,83172705.0,670289.0,424247.0,230280.0,26913.1,35633.0
KERALA,2023,6921.0,11633.0,14497035.0,90843196.0,724013.0,489203.0,257307.0,27118.3,35776.0
MADHYA PRADESH,2018,6589.0,10066.0,7725514.0,100452566.0,341433.0,222153.0,81966.0,51480.9,81090.0
MADHYA PRADESH,2019,6747.0,10216.0,8708168.0,105532190.0,368951.0,262105.0,92337.0,52625.3,82232.0
MADHYA PRADESH,2020,7234.0,10577.0,10955380.0,110583441.0,396779.0,285989.0,101909.0,53781.3,83374.0
MADHYA PRADESH,2021,7248.0,10763.0,12471562.0,112592643.0,453372.0,320452.0,101958.0,54949.0,84516.0
MADHYA PRADESH,2022,7338.0,11291.0,13117402.0,119624584.0,510313.0,359322.0,117402.0,55981.4,85548.0
MADHYA PRADESH,2023,7541.0,11495.0,14029167.0,129791040.0,547367.0,411420.0,127947.0,57021.8,86579.0
MAHARASHTRA,2018,12545.0,25651.0,25291457.0,197698212.0,2292825.0,2450160.0,172663.0,86932.3,121011.0
MAHARASHTRA,2019,12943.0,25692.0,32407969.0,197887425.0,2607845.0,2426920.0,182865.0,88420.7,122153.0
MAHARASHTRA,2020,13578.0,27887.0,39746027.0,211184851.0,2807751.0,2511092.0,189843.0,89921.6,123295.0
MAHARASHTRA,2021,13648.0,27471.0,43477791.0,220073570.0,3163108.0,2504795.0,182454.0,91435.0,124437.0
MAHARASHTRA,2022,13590.0,28817.0,55676170.0,233188807.0,3491988.0,2717399.0,219620.0,92754.5,125411.0
MAHARASHTRA,2023,13972.0,29612.0,73146443.0,258512123.0,3922908.0,3332739.0,252289.0,94083.4,126385.0
MANIPUR,2018,179.0,335.0,165976.0,2785256.0,9019.0,4021.0,71507.0,2085.2,3073.0
MANIPUR,2019,192.0,330.0,202376.0,2743213.0,9927.0,4946.0,73795.0,2133.6,3103.0
MANIPUR,2020,203.0,337.0,251916.0,2896180.0,10369.0,6129.0,78574.0,2183.1,3134.0
MANIPUR,2021,210.0,386.0,309117.0,3069499.0,12323.0,7405.0,75784.0,2233.3,3165.0
MANIPUR,2022,225.0,396.0,353300.0,3471552.0,13813.0,9163.0,98826.0,2277.6,3194.0
MANIPUR,2023,240.0,400.0,368547.0,3598482.0,14851.0,11313.0,107133.0,2322.4,3223.0
MEGHALAYA,2018,345.0,409.0,254285.0,2745651.0,21503.0,5844.0,82457.0,2166.0,3192.0
MEGHALAYA,2019,346.0,389.0,278005.0,2840817.0,24063.0,7448.0,88954.0,2216.8,3224.0
MEGHALAYA,2020,364.0,407.0,277395.0,2995065.0,23756.0,8435.0,95422.0,2268.1,3256.0
MEGHALAYA,2021,367.0,415.0,309950.0,3175652.0,25821.0,9785.0,90751.0,2320.1,3288.0
MEGHALAYA,2022,368.0,451.0,310794.0,3338442.0,29441.0,9512.0,107971.0,2366.0,3318.0
MEGHALAYA,2023,374.0,459.0,327485.0,3506501.0,31275.0,11874.0,124673.0,2413.2,3349.0
MIZORAM,2018,191.0,171.0,137842.0,1373928.9999999998,8468.0,3029.0,155222.0,801.4,1181.0
MIZORAM,2019,192.0,181.0,143572.0,1416119.0,9255.0,3837.0,164708.0,819.6,1192.0
MIZORAM,2020,203.0,173.0,161832.0,1490844.0,11332.0,4174.0,195365.0,838.7,1204.0
MIZORAM,2021,210.0,177.0,172990.0,1558558.0,12000.0,5063.0,173521.0,858.0,1216.0
MIZORAM,2022,220.0,175.0,174667.0,1587447.0,13102.0,5982.0,190965.0,875.0,1227.0
MIZORAM,2023,227.0,182.0,184844.0,1664672.0,14682.0,6954.0,213665.0,892.1,1238.0
NAGALAND,2018,161.0,316.0,136659.0,1433284.0,10014.0,3479.0,102003.0,1444.7,2129.0
NAGALAND,2019,164.0,296.0,148940.0,1479138.0,11183.0,3991.0,109198.0,1478.3,2150.0
NAGALAND,2020,176.0,317.0,172471.0,1571267.0,12242.0,4644.0,122759.0,1512.3,2171.0
NAGALAND,2021,180.0,320.0,198130.0,1639343.0,12579.0,7208.0,119781.0,1546.7,2192.0
NAGALAND,2022,182.0,327.0,198538.0,1717794.0,14579.0,6381.0,127225.0,1578.1,2213.0
NAGALAND,2023,192.0,332.0,210762.0,1832801.0,15579.0,7805.0,138889.0,1609.0,2233.0
ODISHA,2018,4858.0,6988.0,5508448.0,60007175.0,268905.0,101019.0,87055.0,30239.6,43490.0
ODISHA,2019,4914.0,6888.0,7126096.0,62128831.0,309554.0,127646.0,98005.0,30614.0,43671.0
ODISHA,2020,5223.0,7068.0,8509070.0,65762478.0,341140.0,143879.0,104633.0,30990.5,43852.0
ODISHA,2021,5289.0,7620.0,9429978.0,68638037.0,363567.0,155954.0,103211.0,31369.0,44033.0
ODISHA,2022,5367.0,8203.0,9970819.0,73806889.0,421413.0,183405.0,133768.0,31662.4,44162.0
ODISHA,2023,5548.0,8626.0,10502404.0,79578034.0,463318.0,216311.0,134612.0,31957.0,44291.0
PUDUCHERRY,2018,245.0,591.0,577191.0,2742377.0,16242.0,10358.0,198357.0,989.1,1470.0
PUDUCHERRY,2019,253.0,561.0,632880.0,2830751.0,17818.0,12363.0,204140.0,1020.9,1504.0
PUDUCHERRY,2020,267.0,623.0,759321.0,3034786.0,20043.0,13322.0,217937.0,1052.4,1537.0
PUDUCHERRY,2021,268.0,633.0,793865.0,3075824.0,22138.0,14885.0,208862.0,1085.0,1571.0
PUDUCHERRY,2022,265.0,670.0,796548.0,3245201.0,24552.0,16156.0,231557.0,1118.5,1608.0
PUDUCHERRY,2023,272.0,671.0,824586.0,3518046.0,26469.0,18315.0,231231.0,1153.1,1646.0
PUNJAB,2018,6490.0,7384.0,4411352.0,60450968.0,347797.0,220941.0,139835.0,21689.5,29619.0
PUNJAB,2019,6614.0,7210.0,5210584.0,59582908.0,379577.0,236211.0,149974.0,22036.3,29859.0
PUNJAB,2020,6735.0,7437.0,6192224.0,62079607.0,410987.0,244057.0,154385.0,22385.8,30099.0
PUNJAB,2021,6700.0,7464.0,6988155.0,60968084.0,459027.0,263532.0,150620.0,22738.0,30339.0
PUNJAB,2022,6550.0,7649.0,7237221.0,67768161.0,510138.0,288331.0,170276.0,23017.5,30535.0
PUNJAB,2023,6612.0,7948.0,7781977.0,71320660.0,560275.0,314823.0,185802.0,23298.0,30730.0
RAJASTHAN,2018,7276.0,9386.0,7412895.0,87727566.0,334008.0,255728.0,98698.0,48077.0,76256.0
RAJASTHAN,2019,7391.0,10534.0,8598702.0,91436253.0,379008.0,325240.0,106604.0,49207.8,77264.0
RAJASTHAN,2020,7775.0,11149.0,11063138.0,96474388.0,420150.0,352425.0,115534.0,50352.3,78273.0
RAJASTHAN,2021,7871.0,10874.0,12332401.0,99425466.0,474438.0,388631.0,114925.0,51509.0,79281.0
RAJASTHAN,2022,7969.0,11244.0,13315280.0,107916435.0,530634.0,442730.0,134143.0,52510.3,80153.0
RAJASTHAN,2023,8304.0,11523.0,14524532.0,117782931.0,594426.0,515018.0,150020.0,53521.1,81025.0
SIKKIM,2018,138.0,196.0,71078.0,1004464.0,8533.0,2272.0,349163.0,445.8,657.0
SIKKIM,2019,143.0,179.0,82480.0,1030769.0,9632.0,2921.0,375773.0,456.6,664.0
SIKKIM,2020,162.0,200.0,105024.0,1094265.0,10130.0,3216.0,412627.0,466.7,670.0
SIKKIM,2021,164.0,192.0,118389.0,1105684.0,10604.0,3847.0,415045.0,477.7,677.0
SIKKIM,2022,165.0,227.0,142910.0,1152756.0,12411.0,5182.0,466518.0,487.0,683.0
SIKKIM,2023,168.0,235.0,130109.0,1232900.0,13554.0,5885.0,520466.0,496.5,689.0
TAMIL NADU,2018,10893.0,25277.0,28111636.0,136223243.0,716716.0,813600.0,175276.0,56107.1,75342.0
TAMIL NADU,2019,11206.0,25701.0,31754087.0,141073289.0,798738.0,891030.0,194373.0,56698.5,75695.0
TAMIL NADU,2020,11829.0,26892.0,35469823.0,150024247.0,899038.0,981665.0,206165.0,57293.6,76049.0
TAMIL NADU,2021,12028.0,27727.0,37906107.0,151821541.0,1008731.0,1046952.0,209628.0,57891.0,76402.0
TAMIL NADU,2022,12094.0,29169.0,39708600.0,158085491.0,1117412.0,1158606.0,242339.0,58347.4,76631.0
TAMIL NADU,2023,12407.0,30078.0,42716301.0,178253442.0,1211394.0,1325333.0,275272.0,58805.4,76860.0
TELANGANA,2018,5164.0,10365.0,9426603.0,67677137.99999999,417817.0,448649.0,179358.0,26540.3,36967.0
TELANGANA,2019,5227.0,9982.0,11136898.0,68060069.0,458581.0,518518.0,209848.0,26946.4,37220.0
TELANGANA,2020,5388.0,10884.0,12595625.0,69524662.0,498184.0,550411.0,231326.0,27355.5,37473.0
TELANGANA,2021,5579.0,11109.0,14205374.0,71324744.0,605468.0,601477.0,225734.0,27767.0,37725.0
TELANGANA,2022,5605.0,11712.0,15086377.0,74587894.0,638949.0,660857.0,269000.0,28080.2,37907.0
TELANGANA,2023,5819.0,11549.0,16614598.0,80947704.0,693887.0,776338.0,312046.0,28395.9,38090.0
TRIPURA,2018,456.0,491.0,940933.0,6244568.999999999,22020.0,8973.0,100444.0,2682.4,3953.0
TRIPURA,2019,463.0,482.0,963092.0,5381675.0,24880.0,10463.0,113016.0,2744.8,3992.0
TRIPURA,2020,565.0,583.0,1004571.0,5563642.0,26487.0,11346.0,121456.0,2808.7,4032.0
TRIPURA,2021,579.0,526.0,1141700.0,5795488.0,28400.0,12093.0,118401.0,2872.5,4071.0
TRIPURA,2022,589.0,566.0,1065510.0,6099956.0,31304.0,13562.0,137032.0,2930.1,4109.0
TRIPURA,2023,613.0,605.0,1009613.0,7100330.0,34065.0,14499.0,153584.0,2988.2,4147.0
UTTAR PRADESH,2018,17068.0,19937.0,17301362.0,258710682.0,953578.0,392666.0,59595.0,137148.0,222015.0
UTTAR PRADESH,2019,17462.0,20192.0,19621775.0,270239353.0,1041507.0,470245.0,64113.0,140532.4,224979.0
UTTAR PRADESH,2020,18041.0,21969.0,21841525.0,281156529.0,1144902.0,507550.0,67639.0,143957.7,227943.0
UTTAR PRADESH,2021,18125.0,22127.0,24225667.0,283999568.0,1277878.0,565113.0,63464.0,147424.0,230907.0
UTTAR PRADESH,2022,18073.0,24322.0,25307527.0,305323727.0,1394177.0,646284.0,76063.0,150223.7,233297.0
UTTAR PRADESH,2023,18415.0,24746.0,28162680.0,361038793.0,1548627.0,755489.0,84640.0,153049.6,235687.0
UTTARAKHAND,2018,2053.0,2677.0,1230009.0,19150429.0,122536.0,44608.0,180857.0,7536.5,11013.0
UTTARAKHAND,2019,2126.0,2606.0,1391399.0,19457870.0,137040.0,53036.0,186207.0,7709.6,11141.0
UTTARAKHAND,2020,2194.0,2781.0,1513394.0,20252707.0,149549.0,56551.0,190558.0,7885.3,11270.0
UTTARAKHAND,2021,2220.0,2809.0,1692536.0,20080177.0,165333.0,60740.0,174526.0,8063.0,11399.0
UTTARAKHAND,2022,2176.0,2938.0,1763535.0,21882622.0,180784.0,67751.0,194670.0,8212.3,11518.0
UTTARAKHAND,2023,2202.0,3051.0,1961119.0,23136832.0,200425.0,77094.0,219850.0,8362.9,11637.0
WEST BENGAL,2018,8018.0,11722.0,11307859.0,146805494.0,718580.0,367323.0,91401.0,69361.6,96297.0
WEST BENGAL,2019,8170.0,11338.0,13101376.0,147376054.0,779291.0,403677.0,103920.0,70449.7,96906.0
WEST BENGAL,2020,9251.0,12292.0,16251170.0,152653530.0,827832.0,429211.0,110316.0,71546.6,97516.0
WEST BENGAL,2021,9379.0,12766.0,18728314.0,158614408.0,889011.0,437348.0,105108.0,72651.0,98125.0
WEST BENGAL,2022,9616.0,13410.0,17386744.0,172418288.0,978185.0,479463.0,122883.0,73516.6,98604.0
WEST BENGAL,2023,9761.0,13633.0,18189485.0,182483391.0,1056367.0,535875.0,137909.0,74387.8,99084.0
