state_key,fy_end,branches,atms,credit_accounts,deposit_accounts,deposits_rs_crore,credit_rs_crore,nsdp_pc_rs,pop_18plus_000,pop_total_000,branches_per_lakh_adults,atms_per_lakh_adults,deposit_accts_per_adult,credit_accts_per_adult,deposits_per_capita,credit_per_capita,norm_deposit_accts_per_adult,norm_credit_accts_per_adult,norm_deposits_per_capita,norm_credit_per_capita,Access,Usage,AUG,ln_nsdp_pc
ANDAMAN AND NICOBAR ISLANDS,2018,69.0,115.0,45326.0,601404.0,4683.0,1843.0,178709.0,265.8,395.0,25.959367945823928,43.26561324303988,2.2626185101580134,0.17052671181339352,118556.96202531646,46658.22784810127,0.18156224715535782,0.11566946713813275,0.11697519682207394,0.05356357436288486,0.1486158571467453,0.0852693855924794,0.0633464715542659,12.093514063617418
ANDAMAN AND NICOBAR ISLANDS,2019,69.0,105.0,47929.0,615681.0,5186.0,2181.0,204254.0,269.5,397.0,25.60296846011132,38.961038961038966,2.284530612244898,0.17784415584415583,130629.72292191436,54937.027707808564,0.18469357050278354,0.12497782557339222,0.13235561666315399,0.06521518357791978,0.1548356980380879,0.09878540012053688,0.056050297917551006,12.227119596373818
ANDAMAN AND NICOBAR ISLANDS,2020,71.0,120.0,50461.0,624585.0,5811.0,2561.0,219653.0,273.2,399.0,25.98828696925329,43.92386530014641,2.2861822840409958,0.18470351390922402,145639.09774436092,64185.46365914787,0.18492960073105183,0.13370346300048036,0.1514772151358296,0.07823146170776639,0.1593165318657661,0.11485433842179799,0.04446219344396812,12.299804307403074
ANDAMAN AND NICOBAR ISLANDS,2021,72.0,128.0,58904.0,583380.0,6043.0,2812.0,205368.0,276.3,400.0,26.058631921824105,46.32645674990952,2.111400651465798,0.21318856315598986,151075.0,70300.0,0.1599526357363751,0.1699386630676398,0.15840242964333826,0.08683707957292125,0.16494564940200745,0.12261975460812975,0.0423258947938777,12.232558770766001
ANDAMAN AND NICOBAR ISLANDS,2022,72.0,123.0,94580.0,608150.0,6773.0,3462.0,229570.0,279.6,402.0,25.751072961373392,43.99141630901288,2.1750715307582262,0.3382689556509299,168482.58706467663,86119.40298507463,0.16905144835092747,0.3290506592334028,0.18057929538001735,0.10910135757465605,0.24905105379216513,0.1448403264773367,0.10421072731482844,12.343963272869617
ANDAMAN AND NICOBAR ISLANDS,2023,70.0,124.0,74253.0,643072.0,7122.0,3705.0,263984.0,282.3,403.0,24.79631597591215,43.92490258590152,2.2779737867516827,0.263028692879915,176724.5657568238,91935.48387096774,0.18375657501643128,0.2333391878929445,0.19107938675863329,0.11728692828464259,0.2085478814546879,0.15418315752163794,0.05436472393304995,12.483643774231226
ANDHRA PRADESH,2018,6958.0,10436.0,12884824.0,91175427.0,274566.0,309165.0,138299.0,38053.8,51938.0,18.284639116198644,27.424330815844936,2.395961165507781,0.3385949366423327,52864.1842196465,59525.78073857292,0.2006174235254234,0.3294653324305331,0.03328410811156079,0.07167340916675093,0.2650413779779782,0.052478758639155854,0.21256261933882237,11.837173286968719
ANDHRA PRADESH,2019,7087.0,10556.0,14465301.0,91670674.0,300452.0,373572.0,154031.0,38539.8,52221.0,18.388782505358098,27.389867098428116,2.3785975536977357,0.3753340961810907,57534.70825912947,71536.73809387028,0.19813609686671932,0.376200403332239,0.039234248366997154,0.08857766869396726,0.28716825009947916,0.0639059585304822,0.22326229156899696,11.9449091598392
ANDHRA PRADESH,2020,7252.0,11049.0,15114394.0,92229340.0,324873.0,418830.0,160341.0,39028.9,52504.0,18.581102721316768,28.309790949783366,2.363103751322738,0.38726159333212057,61875.85707755599,79771.06506170958,0.1959219731407136,0.39137310820713445,0.0447647721628278,0.10016668661974652,0.293647540673924,0.07246572939128716,0.22118181128263686,11.985058076324407
ANDHRA PRADESH,2021,7431.0,11635.0,16651870.0,95917846.0,359770.0,486536.0,168063.0,39521.0,52787.0,18.802661875964677,29.440044533286102,2.4270095898383137,0.42134232433389845,68155.03817227726,92169.66298520469,0.20505436232853208,0.4347264510638148,0.052764304525156035,0.11761651271374467,0.3198904066961734,0.08519040861945035,0.23469999807672307,12.032094188090468
ANDHRA PRADESH,2022,7446.0,12101.0,18331300.0,98507220.0,385881.0,550560.0,193703.0,39880.6,52972.0,18.67073213542424,30.34307407611721,2.4700536100259276,0.45965456888813105,72846.22064486898,103934.15389262252,0.2112055177423805,0.48346260856237266,0.0587407631494554,0.13417389457946724,0.3473340631523766,0.09645732886446132,0.25087673428791524,12.174081337142988
ANDHRA PRADESH,2023,7663.0,12393.0,20317775.0,100356722.0,429719.0,641272.0,219917.0,40240.9,53156.0,19.042814648777735,30.79702491743475,2.4938985460066747,0.504903593110492,80841.10918805026,120639.6267589736,0.21461305045915605,0.5410228897940139,0.06892606735865417,0.15768523014616298,0.37781797012658497,0.11330564875240857,0.2645123213741764,12.301005481421965
ARUNACHAL PRADESH,2018,154.0,248.0,104518.0,1546379.0,13449.0,3362.0,138836.0,1010.4,1489.0,15.24148851939826,24.54473475851148,1.5304621931908156,0.1034422011084719,90322.36400268637,22578.912021490934,0.0769343041038856,0.030332747312158615,0.08100496802755242,0.019674268795472728,0.05363352570802211,0.05033961841151257,0.003293907296509538,11.841048659419533
ARUNACHAL PRADESH,2019,155.0,207.0,91622.0,1548936.0,16659.0,3869.0,155103.0,1034.1,1504.0,14.988879218644232,20.017406440382942,1.4978590078328984,0.08860071559810465,110764.62765957447,25724.73404255319,0.07227518399268457,0.011453222404085504,0.1070479419784067,0.024101708698672016,0.04186420319838503,0.06557482533853935,-0.02371062214015432,11.951844691337337
ARUNACHAL PRADESH,2020,164.0,249.0,114234.0,1668551.0,17171.0,4338.0,182171.0,1058.1,1519.0,15.499480200359136,23.53274737737454,1.5769312919383802,0.10796144031755033,113041.47465437787,28558.262014483214,0.08357491636760696,0.03608157138733204,0.10994859270725911,0.028089624965313875,0.0598282438774695,0.0690191088362865,-0.009190864958816991,12.112701085387862
ARUNACHAL PRADESH,2021,169.0,254.0,130083.0,1603533.0,19525.0,5897.0,181537.0,1081.7,1533.0,15.623555514467967,23.481556808727003,1.4824193399278913,0.12025792733659979,127364.64448793216,38467.05805609915,0.07006879628986414,0.051723660098450384,0.12819598179928007,0.042035295983440864,0.060896228194157256,0.08511563889136047,-0.02421941069720321,12.10921476866039
ARUNACHAL PRADESH,2022,172.0,274.0,135606.0,1946181.0,24121.0,6053.0,190851.0,1103.9,1548.0,15.581121478394783,24.82108886674518,1.7630048011595254,0.12284264879065132,155820.4134366925,39102.06718346253,0.11016553380135616,0.05501162699624573,0.1644479772691842,0.042929009846005485,0.08258858039880095,0.10368849355759484,-0.021099913158793893,12.159248297876704
ARUNACHAL PRADESH,2023,187.0,283.0,148780.0,2093419.0,26656.0,7510.0,204469.0,1125.5,1562.0,16.614837849844513,25.14438027543314,1.8599902265659707,0.1321901377165704,170653.00896286813,48079.38540332906,0.12402512270483206,0.06690236056746086,0.18334436298239704,0.055563716019539675,0.09546374163614646,0.11945403950096836,-0.023990297864821902,12.22817165373213
ASSAM,2018,2374.0,3805.0,4115926.0,42720628.0,134287.0,57186.0,75151.0,22232.7,33918.0,10.6779653393425,17.11443054599756,1.9215222622533477,0.18512938149662433,39591.6622442361,16860.07429683354,0.1328182863729514,0.1342451997234148,0.016375220237429298,0.011625558419442048,0.1335317430481831,0.014000389328435673,0.11953135371974744,11.22725470181248
ASSAM,2019,2404.0,3700.0,4565307.0,41005351.0,147091.0,67360.0,81034.0,22702.9,34293.0,10.58895559598113,16.29747741477961,1.8061723832638121,0.2010891560109061,42892.42702592366,19642.492636981307,0.11633434668654145,0.15454727529793438,0.020580318687884964,0.015541542827995454,0.13544081099223793,0.01806093075794021,0.11737988023429771,11.302624098669314
ASSAM,2020,2957.0,3926.0,5328692.0,44199128.0,164299.0,72954.0,90123.0,23178.0,34668.0,12.757787557166278,16.938476141168348,1.9069431357321598,0.22990301147640002,47392.11953386408,21043.61370716511,0.1307348733311605,0.19120074247131233,0.026312823499389074,0.017513485071965873,0.1609678079012364,0.021913154285677472,0.13905465361555894,11.408930682940186
ASSAM,2021,3020.0,4218.0,6014883.0,47975276.0,173014.0,83235.0,86947.0,23658.0,35043.0,12.765237974469523,17.829064164341872,2.027866937188266,0.25424308901851383,49371.91450503667,23752.24723910624,0.1480153478952881,0.2221632158638695,0.028835036779076756,0.021325624507117488,0.1850892818795788,0.025080330643097122,0.16000895123648168,11.373054016599507
ASSAM,2022,3043.0,4426.0,5531837.0,51977238.0,189483.0,95992.0,103371.0,24096.3,35378.0,12.628494831156651,18.367965206276484,2.1570630345737727,0.2295720504807792,53559.5567867036,27133.24665046074,0.16647796524415798,0.19077973432114712,0.03416999677604363,0.026084053816309478,0.17862884978265253,0.030127025296176557,0.14850182448647598,11.546079737502387
ASSAM,2023,3085.0,4670.0,5233473.0,56882605.0,207312.0,112374.0,121573.0,24538.6,35713.0,12.572029374128924,19.031240576071983,2.3180868101684693,0.21327512572029375,58049.44978019209,31465.852770699745,0.18948887976121426,0.17004877738791727,0.039890017231417406,0.03218177742977515,0.17976882857456578,0.03603589733059628,0.1437329312439695,11.708270184386105
BIHAR,2018,6729.0,7949.0,8348492.0,114165114.0,314811.0,101253.0,36850.0,67629.3,117739.0,9.949829437832419,11.753781275275657,1.688101370264072,0.12344489740393587,26738.039222347736,8599.784268594094,0.09946154652367689,0.05577773411452683,0.0,0.0,0.07761964031910186,0.0,0.07761964031910186,10.514610897617482
BIHAR,2019,6917.0,7733.0,10079827.0,125866480.0,353169.0,124996.0,40715.0,69542.5,119520.0,9.946435632886365,11.119818815832046,1.8099217025559908,0.1449448466764928,29548.94578313253,10458.165997322623,0.1168701387794224,0.08312734325776297,0.003581030338395881,0.002615492347011687,0.09999874101859269,0.003098261342703784,0.0969004796758889,10.614351853901232
BIHAR,2020,7463.0,8235.0,12646671.0,134966208.0,375707.0,139590.0,44175.0,71482.8,121302.0,10.440273744173425,11.520253823297352,1.8880934714364854,0.17691907703671372,30972.86112347694,11507.642083395163,0.1280411840782471,0.12380105331735128,0.005395065747547647,0.0040925283235613025,0.1259211186977992,0.004743797035554475,0.12117732166224474,10.695914297187898
BIHAR,2021,7584.0,8550.0,13722593.0,142163767.0,397492.0,163964.0,42128.0,73449.0,123083.0,10.325532001797166,11.640730302658987,1.9355439420550313,0.18683158382006562,32294.6304526214,13321.417255023032,0.13482203814259197,0.13641053358716726,0.007078969486669435,0.006645241260444404,0.13561628586487962,0.00686210537355692,0.1287541804913227,10.64846788173609
BIHAR,2022,7640.0,9284.0,14316914.0,153926494.0,442417.0,195592.0,47296.0,75318.8,124919.0,10.143549817575426,12.326271794027521,2.0436663090755562,0.190084202085004,35416.309768730134,15657.506063929426,0.1502731386754317,0.14054811722099303,0.011055917170980645,0.00993306006923924,0.14541062794821236,0.010494488620109942,0.13491613932810242,10.764181004307874
BIHAR,2023,7832.0,9680.0,16096444.0,158631066.0,478429.0,231859.0,54637.0,77212.0,126756.0,10.143501010205668,12.536911360928354,2.054487204061545,0.20847075584106098,37744.09100949857,18291.757392155007,0.15181948603066556,0.1639372449042443,0.014021456958263087,0.013640513754652568,0.15787836546745493,0.013830985356457827,0.1440473801109971,10.908466587905721
CHANDIGARH,2018,442.0,648.0,388232.0,4254424.0,61928.0,69673.0,280512.0,783.9,1165.0,56.38474295190713,82.66360505166475,5.4272534762087,0.49525704809286897,531570.8154506438,598051.5021459227,0.6338007095348108,0.5287517335940604,0.6431453512938579,0.8295962197690419,0.5812762215644356,0.7363707855314499,-0.15509456396701427,12.54437178377848
CHANDIGARH,2019,442.0,707.0,573780.0,4185926.0,68300.0,77956.0,307812.0,800.3,1179.0,55.229289016618765,88.34187179807572,5.230446082718981,0.7169561414469574,579304.4953350297,661204.4105173877,0.6056761789107399,0.8107702385578649,0.7039569621150793,0.9184778235771611,0.7082232087343023,0.8112173928461202,-0.10299418411181782,12.637244485981743
CHANDIGARH,2020,454.0,667.0,689948.0,4354455.0,72552.0,78002.0,330703.0,816.9,1193.0,55.57595788958257,81.65014077610478,5.330462724935733,0.8445929734361611,608147.5272422464,653830.6789606035,0.6199689403109294,0.9731342247669574,0.7407023216912532,0.9081000103660494,0.7965515825389434,0.8244011660286512,-0.027849583489707785,12.7089759705949
CHANDIGARH,2021,442.0,736.0,722264.0,4275328.0,81320.0,80793.0,290417.0,834.3,1208.0,52.97854488793,88.2176675056934,5.124449238882896,0.8657125734148388,673178.8079470198,668816.2251655629,0.5905288237851888,1.0,0.8235506783024076,0.9291907156872202,0.7952644118925944,0.876370696994814,-0.08110628510221951,12.579073100164287
CHANDIGARH,2022,438.0,755.0,688165.0,4526153.0,89738.0,82007.0,337406.0,847.9,1219.0,51.65703502771554,89.04351928293431,5.338074065337894,0.8116110390376223,736160.787530763,672739.9507793273,0.6210566300182879,0.9311786367256739,0.9037882723968352,0.9347129795773176,0.7761176333719809,0.9192506259870764,-0.1431329926150955,12.729042231982717
CHANDIGARH,2023,449.0,744.0,719278.0,6633819.0,99918.0,77839.0,408512.0,862.4,1231.0,52.06400742115027,86.2708719851577,7.6922762059369205,0.8340422077922078,811681.5597075549,632323.314378554,0.957481136356713,0.9597128295410472,1.0,0.8778304771484431,0.9585969829488801,0.9389152385742215,0.019681744374658527,12.92027656861573
CHHATTISGARH,2018,2521.0,3262.0,2003350.0,36974712.0,132429.0,83656.0,88793.0,18456.6,28340.0,13.65907046801686,17.67389443342761,2.003332791521732,0.10854382714042674,46728.65208186309,29518.701482004235,0.14450932447361264,0.0368224127620683,0.02546758121801974,0.029441350522144378,0.09066586861784047,0.02745446587008206,0.06321140274775841,11.394063097044278
CHHATTISGARH,2019,2634.0,3279.0,2196361.0,39671833.0,142656.0,94404.0,102024.0,18850.3,28724.0,13.973252415080928,17.39494862150735,2.104573030667947,0.11651597056810767,49664.39214594068,32865.89611474725,0.15897694256340122,0.046963599795434824,0.029207646569808215,0.03415220287855862,0.10297027117941802,0.03167992472418342,0.0712903464552346,11.532963358706736
CHHATTISGARH,2020,2823.0,3594.0,2621265.0,40993071.0,160542.0,104647.0,106611.0,19248.6,29109.0,14.666001683239301,18.671487796515073,2.1296650665502947,0.1361795143542907,55152.0148407709,35950.04981277268,0.16256269063454898,0.07197715820459186,0.036198751727843134,0.03849285058806463,0.11726992441957042,0.037345801157953884,0.07992412326161653,11.576941974883646
CHHATTISGARH,2021,2844.0,3829.0,3269960.0,42380082.0,173217.0,115659.0,106117.0,19650.0,29493.0,14.473282442748092,19.486005089058523,2.156747175572519,0.16641017811704834,58731.563421828905,39215.74610924626,0.16643282778262194,0.11043291582386018,0.04075901432972478,0.04308900192718424,0.13843287180324107,0.04192400812845451,0.09650886367478656,11.572297537968923
CHHATTISGARH,2022,2897.0,4156.0,3314286.0,44757758.0,197250.0,138103.0,123493.0,20009.0,29836.0,14.478484681893148,20.770653206057275,2.236881303413464,0.16563976210705184,66111.40903606382,46287.37096125486,0.17788430169594124,0.10945288668593142,0.0501607679866925,0.053041629202539894,0.14366859419093633,0.0516011985946162,0.09206739559632013,11.723939753281844
CHHATTISGARH,2023,2979.0,4390.0,3583952.0,45493127.0,216407.0,165326.0,134996.0,20371.7,30180.0,14.623227320253095,21.5495024961098,2.2331531978185426,0.1759279785192203,71705.43406229292,54779.98674618953,0.17735154112168153,0.12254029885080539,0.05728742726884211,0.06499416362979374,0.14994591998624346,0.06114079544931793,0.08880512453692553,11.813000427351971
DELHI,2018,3627.0,8744.0,5860623.0,49891675.0,1144642.0,1076998.0,318323.0,13901.2,19435.0,26.09127269588237,62.90104451414266,3.58901929329842,0.4215911575979052,588959.0944172884,554153.8461538461,0.37111000135176153,0.4350429863461146,0.7162566993959104,0.7678145193120632,0.40307649384893807,0.7420356093539868,-0.33895911550504876,12.670821869534912
DELHI,2019,3716.0,8080.0,5882615.0,50850314.0,1210108.0,1314165.0,338730.0,14289.6,19814.0,26.004926659948495,56.54461986339716,3.5585540532975033,0.41167107546747284,610733.8245684869,663250.7318057939,0.3667564018239053,0.4224238696451076,0.7439972050283903,0.9213578226573369,0.3945901357345064,0.8326775138428636,-0.4380873781083572,12.732958608842678
DELHI,2020,3825.0,8559.0,6713375.0,53149594.0,1238245.0,1370412.0,355798.0,14682.4,20193.0,26.051599193592327,58.2942843131913,3.619952732523293,0.4572396202255762,613205.0710642302,678656.9603327886,0.3755305083426903,0.48039060587136345,0.7471455162523822,0.9430405976145771,0.42796055710702685,0.8450930569334797,-0.41713249982645284,12.782118433062603
DELHI,2021,3747.0,8202.0,7113677.0,52543234.0,1400864.0,1353058.0,322311.0,15079.0,20571.0,24.849127926255058,54.393527422242855,3.4845304065256317,0.4717605278864646,680989.7428418647,657750.2309075884,0.3561781390684988,0.49886233079944237,0.8335016297925436,0.9136164002242663,0.4275202349339706,0.8735590150084049,-0.4460387800744343,12.683272196913958
DELHI,2022,3712.0,7996.0,7372252.0,57770996.0,1489930.0,1425079.0,370824.0,15448.5,20965.0,24.028222804803054,51.7590704599152,3.739586108683691,0.47721474576819756,710674.9344145004,679741.9508704984,0.39262657618762054,0.5058005205298642,0.8713198814220188,0.9445676167431507,0.4492135483587424,0.9079437490825848,-0.4587302007238424,12.823482835498364
DELHI,2023,3775.0,7887.0,8354710.0,126406800.0,1658866.0,1535986.0,417217.0,15821.0,21359.0,23.86069148599962,49.85146324505404,7.989811010682005,0.5280772391125719,776659.0196170233,719128.2363406527,1.0,0.5705015714665137,0.9553820890592452,1.0,0.7852507857332569,0.9776910445296225,-0.19244025879636562,12.941361749121345
GOA,2018,686.0,1032.0,391693.0,5757458.0,65275.0,17427.0,411740.0,1030.2,1531.0,66.5890118423607,100.17472335468841,5.588679867986799,0.3802106387109299,426355.32331809273,113827.56368386676,0.6568691594471541,0.3824037450457801,0.509103233120167,0.1480979109399562,0.5196364522464672,0.3286005720300616,0.19103588021640555,12.9281473611633
GOA,2019,697.0,1008.0,439323.0,5782595.0,71135.0,19416.0,423716.0,1045.3,1540.0,66.67942217545203,96.43164641729648,5.531995599349469,0.42028412895819384,461915.5844155844,126077.92207792208,0.6487687602653676,0.4333803441704538,0.5544061882620992,0.16533910424942966,0.5410745522179107,0.35987264625576443,0.18120190596214625,12.956818698469517
GOA,2020,697.0,1001.0,491872.0,5976224.0,76533.0,20146.0,435949.0,1060.6,1549.0,65.71751838581935,94.38053931736754,5.6347576843296245,0.46376767867244956,494080.05164622335,130058.10200129116,0.6634538559559865,0.4886948043940121,0.5953829800837028,0.17094082211415695,0.5760743301749993,0.3831619010989299,0.19291242907606942,12.985280543012294
GOA,2021,687.0,989.0,529515.0,5868775.0,85771.0,22166.0,423047.0,1076.7,1559.0,63.806074115352466,91.85474133927742,5.450705860499675,0.49179437169127893,550166.7735728031,142180.8851828095,0.6371521451110025,0.5243469396583893,0.6668361744382599,0.1880024656643422,0.5807495423846959,0.42741932005130107,0.15333022233339483,12.955238562967144
GOA,2022,663.0,1027.0,545107.0,6013367.0,92900.0,24092.0,459094.0,1090.0,1567.0,60.825688073394495,94.22018348623853,5.516850458715596,0.5000981651376146,592852.5845564774,153746.01148691768,0.6466044616381137,0.5349100113328574,0.7212169163256358,0.20427926115420852,0.5907572364854856,0.4627480887399221,0.1280091477455635,13.037010261103775
GOA,2023,668.0,1038.0,576839.0,6320770.0,102038.0,27004.0,532854.0,1103.3,1575.0,60.54563581981329,94.08139218707514,5.728967642526965,0.5228305991117557,647860.3174603175,171453.96825396825,0.6769168199606997,0.5638274369595663,0.7912955034701447,0.2292014957465183,0.620372128460133,0.5102484996083315,0.11012362885180149,13.186002744423966
GUJARAT,2018,7959.0,11726.0,7689200.0,94293480.0,640358.0,483921.0,176961.0,46039.1,67010.0,17.28747955542137,25.469655140956274,2.0481173611126193,0.16701455936367132,95561.55797642143,72216.23638262946,0.15090921106634142,0.1112017358177631,0.08767958070604996,0.0895339967435726,0.13105547344205226,0.08860678872481129,0.042448684717240975,12.083684648294716
GUJARAT,2019,8150.0,11476.0,9404949.0,98768872.0,674922.0,591533.0,197457.0,46986.9,67936.0,17.345260061847025,24.42382876929527,2.1020512525831667,0.2001610874520345,99346.73810645314,87072.09726801695,0.1586165708125492,0.15336669984533724,0.09250181317405214,0.11044218253411271,0.15599163532894322,0.10147199785408242,0.0545196374748608,12.193276118099556
GUJARAT,2020,8626.0,12111.0,11538101.0,103155310.0,738912.0,611499.0,212428.0,47943.2,68862.0,17.992124013415875,25.261142351782944,2.1516150361260826,0.24066188740009012,107303.30225668728,88800.64476779646,0.16569942539123342,0.20488687017344084,0.10263829298767728,0.1128749457749635,0.18529314778233713,0.10775661938132039,0.07753652840101674,12.266358386403535
GUJARAT,2021,8582.0,12283.0,12769737.0,105125462.0,830161.0,659772.0,207324.0,48908.0,69788.0,17.5472315367629,25.114500695182794,2.1494533000736076,0.2610971006788256,118954.69135094859,94539.46237175446,0.165390505026348,0.23088205224791533,0.11748189483951381,0.12095177589657556,0.19813627863713168,0.11921683536804469,0.078919443269087,12.242038065962783
GUJARAT,2022,8599.0,13570.0,14327974.0,108522063.0,928468.0,758868.0,241584.0,49774.1,70648.0,17.27605320839553,27.263175024761875,2.1802918184356925,0.28786003162287216,131421.6962971351,107415.35499943381,0.16979744746228218,0.2649265837753167,0.1333645725364774,0.13907334807307375,0.21736201561879942,0.1362189603047756,0.08114305531402383,12.39497251768425
GUJARAT,2023,8862.0,14297.0,15470786.0,115748971.0,1027453.0,828364.0,272451.0,50645.8,71507.0,17.497995885147436,28.229389208976855,2.285460413301794,0.3054702660437786,143685.65315283817,115843.76354762471,0.18482644263647366,0.28732817283149753,0.14898857163404589,0.15093551703141989,0.2360773077339856,0.14996204433273289,0.08611526340125272,12.515214060402746
HARYANA,2018,4849.0,6497.0,4489417.0,50062029.0,366393.0,214888.0,208437.0,19279.7,28266.0,25.150806288479593,33.69865713678117,2.5966186714523567,0.232857202134888,129623.22224580769,76023.49112007358,0.22929214997152478,0.1949587029585669,0.13107335794027858,0.09489233915243928,0.21212542646504584,0.11298284854635893,0.09914257791868691,12.247392116288603
HARYANA,2019,5008.0,6433.0,5471358.0,51270033.0,409974.0,278875.0,223022.0,19709.4,28672.0,25.409195612245934,32.639248277471665,2.6012985174586745,0.27760144905476575,142987.58370535713,97263.88113839286,0.2299609178972963,0.2518768681669431,0.14809924720590162,0.12478613152117214,0.24091889303211972,0.13644268936353687,0.10447620366858285,12.31502570028472
HARYANA,2020,5224.0,6968.0,7052823.0,54161437.0,475352.0,308058.0,232530.0,20142.7,29077.0,25.934954102478816,34.593177677272664,2.6888866437965118,0.35014288054729503,163480.41407297863,105945.59273652715,0.24247759675683414,0.3441552160300201,0.17420664198375013,0.13700479999646895,0.2933164063934271,0.15560572099010955,0.13771068540331755,12.356774527943667
HARYANA,2021,5225.0,6963.0,7643585.0,54791434.0,538565.0,321936.0,225137.0,20581.0,29483.0,25.387493319080704,33.83217530732229,2.6622338078810555,0.3713903600408143,182669.67404945224,109193.77268256283,0.2386688043805368,0.3711836639607518,0.19865331805110834,0.14157629876835243,0.3049262341706443,0.17011480840973037,0.13481142576091393,12.32446438477782
HARYANA,2022,5190.0,7075.0,8122278.0,60376428.0,614014.0,372955.0,265163.0,20968.5,29846.0,24.75141283353602,33.74108782220951,2.879387080620931,0.3873561771228271,205727.4006567044,124959.79360718354,0.26970083910746856,0.3914934261518103,0.2280283316737435,0.16376544668866932,0.3305971326296394,0.1958968891812064,0.134700243448433,12.488100010214994
HARYANA,2023,5326.0,7263.0,9017016.0,66351754.0,702370.0,453537.0,289213.0,21359.3,30209.0,24.935274096061203,34.003923349547975,3.1064573277214143,0.4221587786116586,232503.5585421563,150133.07292528715,0.30215004746877194,0.43576504446219855,0.26214054126163894,0.19919439994830693,0.36895754596548525,0.23066747060497295,0.1382900753605123,12.57491871984705
HIMACHAL PRADESH,2018,1533.0,1786.0,838395.0,13232267.0,84896.0,26373.0,165497.0,5289.6,7253.0,28.981397459165155,33.764367816091955,2.5015628781004233,0.15849875226860255,117049.49675996139,36361.505583896316,0.21570831288228723,0.10036896627785481,0.11505472072919116,0.03907193474707858,0.15803863958007103,0.07706332773813487,0.08097531184193615,12.016708346746743
HIMACHAL PRADESH,2019,1635.0,1829.0,939105.0,13464595.0,95529.0,30332.0,174804.0,5366.8,7300.0,30.465081612879185,34.07989863605873,2.5088684132071255,0.1749841618841768,130861.64383561644,41550.68493150685,0.21675230184118985,0.12133969061940493,0.13265107857557124,0.046375202241121544,0.1690459962302974,0.08951314040834639,0.079532855821951,12.071420625236948
HIMACHAL PRADESH,2020,1652.0,1855.0,1002960.0,14095312.0,103545.0,32327.0,186559.0,5444.6,7347.0,30.341990228850605,34.070455129853435,2.588860889688866,0.1842118796605811,140935.07554103716,44000.272219953724,0.2281835332325223,0.13307806596482435,0.1454843989897507,0.04982275917047932,0.18063079959867334,0.09765357908011502,0.08297722051855833,12.136502821924067
HIMACHAL PRADESH,2021,1683.0,1929.0,1134908.0,13811004.0,112344.0,35899.0,173565.0,5523.0,7394.0,30.47256925583922,34.92667028788702,2.5006344378055405,0.20548759732029695,151939.4103327022,48551.52826616175,0.21557563520670275,0.16014243504116465,0.15950366853523695,0.05622821138415993,0.1878590351239337,0.10786593995969844,0.07999309516423526,12.064307447978548
HIMACHAL PRADESH,2022,1674.0,2178.0,1205487.0,15319423.0,123672.0,40942.0,193016.0,5587.9,7431.0,29.957586928899946,38.97707546663326,2.741534923674368,0.21573167021600242,166427.12959224868,55096.21854393756,0.25000123768045,0.1731736932167354,0.17796068981313862,0.06543922926625886,0.2115874654485927,0.12169995953969874,0.08988750590889395,12.170528366005282
HIMACHAL PRADESH,2023,1734.0,2271.0,1284705.0,16594860.0,136486.0,46720.0,214952.0,5653.1,7468.0,30.673435813978173,40.17264863526207,2.935532716562594,0.22725672639790556,182761.11408677022,62560.257096946974,0.2777242656131995,0.18783446185079095,0.19876981055653276,0.07594414083066227,0.23277936373199523,0.1373569756935975,0.09542238803839773,12.278170026370557
JAMMU AND KASHMIR,2018,1799.0,2516.0,1646922.0,20578048.0,103991.0,44585.0,87710.0,8966.0,13392.0,20.064688824447916,28.061565915681463,2.2951202319875086,0.18368525540932412,77651.58303464756,33292.26403823178,0.186206867739576,0.13240815892203833,0.0648626843633641,0.03475227444816451,0.15930751333080717,0.04980747940576431,0.10950003392504286,11.381791196945427
JAMMU AND KASHMIR,2019,1830.0,2614.0,1805158.0,21661174.0,118122.0,54282.0,98738.0,9180.3,13496.0,19.93398908532401,28.47401501040271,2.3595279021382742,0.1966338790671329,87523.71072910492,40220.80616478957,0.19541097059089954,0.14887981620338658,0.07743954809536227,0.04450352664130699,0.17214539339714308,0.06097153736833463,0.11117385602880844,11.500225156391997
JAMMU AND KASHMIR,2020,1835.0,2690.0,2607118.0,22158550.0,132981.0,61014.0,101868.0,9396.9,13600.0,19.527716587385203,28.626461918292204,2.3580702146452555,0.27744447636986663,97780.14705882352,44863.23529411765,0.19520266146281856,0.2516771866921763,0.0905060121937966,0.05103729614172563,0.22343992407749744,0.07077165416776111,0.1526682699097363,11.531433136525967
JAMMU AND KASHMIR,2021,1875.0,2786.0,2712271.0,22646991.0,149058.0,72089.0,101645.0,9616.4,13705.0,19.49794101742856,28.97134062642985,2.355038371947922,0.28204639990017055,108761.7657789128,52600.51076249544,0.19476939952445052,0.2575311916605288,0.10449634198631602,0.061926762208586394,0.22615029559248967,0.08321155209745121,0.14293874349503846,11.529241629455164
JAMMU AND KASHMIR,2022,1897.0,2843.0,2810884.0,23707551.0,160684.0,82715.0,112898.0,9829.8,13804.0,19.29845978555006,28.92225681092189,2.411804004150644,0.2859553602311339,116403.9408866995,59921.03738046943,0.2028814258714871,0.2625036934954388,0.11423229738736546,0.07222969461984412,0.23269255968346295,0.0932309960036048,0.13946156367985815,11.634240035188993
JAMMU AND KASHMIR,2023,1967.0,2987.0,3072153.0,25126764.0,171157.0,95578.0,310584.0,10045.3,13903.0,19.58129672583198,29.7352990950992,2.501345305764885,0.30582989059560195,123107.96231029274,68746.31374523485,0.21567722096188072,0.2877856432564736,0.12277306656200518,0.08465041660364217,0.25173143210917714,0.10371174158282367,0.14801969052635347,12.646209675169615
JHARKHAND,2018,2960.0,3768.0,2929862.0,44821510.0,195691.0,54268.0,67484.0,23009.1,36869.0,12.864475359748969,16.3761294444372,1.9479905776410202,0.12733492400832713,53077.38208250834,14719.140741544386,0.13660071005881286,0.06072615077533686,0.03355571728763253,0.00861240173437797,0.09866343041707486,0.021084059511005247,0.07757937090606962,11.119645811725865
JHARKHAND,2019,3051.0,3481.0,3328128.0,45663953.0,218585.0,63245.0,75421.0,23619.1,37403.0,12.917511674873301,14.738072153469014,1.9333485611221426,0.14090833266297192,58440.4994251798,16909.07146485576,0.13450830979538048,0.07799258320919371,0.040388205489275734,0.011694517189325692,0.1062504465022871,0.02604136133930071,0.08020908516298639,11.23084102980692
JHARKHAND,2020,3169.0,3629.0,4414091.0,47965103.0,234106.0,71055.0,75016.0,24237.1,37937.0,13.074996596127423,14.972913426111209,1.9789951355566466,0.18212125212999905,61709.14937923399,18729.736141497746,0.14103138018315128,0.13041862500053836,0.04455239038761555,0.01425692643744591,0.13572500259184483,0.02940465841253073,0.1063203441793141,11.22545670309946
JHARKHAND,2021,3190.0,3700.0,4959862.0,50250909.0,256070.0,80679.0,69963.0,24863.0,38471.0,12.830310099344407,14.881550898926115,2.021112054056228,0.1994876724449986,66561.82579085545,20971.381040264096,0.14705004921346318,0.15251006353423996,0.05073458857764815,0.017411824587167033,0.14978005637385156,0.03407320658240759,0.11570684979144397,11.155721809859802
JHARKHAND,2022,3206.0,4097.0,5248065.0,52988029.0,282989.0,92188.0,88500.0,25436.2,38969.0,12.604083943356319,16.106965663110056,2.083173941076104,0.20632268184713126,72619.00485000898,23656.752803510484,0.15591893066719437,0.16120472756664678,0.058451295450276795,0.02119122533518106,0.15856182911692057,0.03982126039272893,0.11874056872419164,11.390757830996021
JHARKHAND,2023,3298.0,4157.0,5736948.0,54789800.0,304044.0,109382.0,95839.0,26015.1,39466.0,12.677252826243219,15.97918132161706,2.106076855364769,0.22052377273199028,77039.47701819288,27715.50195104647,0.15919184487468668,0.17926962065940513,0.06408287537013067,0.02690352177552736,0.16923073276704592,0.04549319857282902,0.1237375341942169,11.47042497923808
KARNATAKA,2018,10068.0,17664.0,15318334.0,117549212.0,835662.0,582491.0,185840.0,46817.1,65275.0,21.5049629302114,37.729803853720114,2.5108178849181173,0.3271952769394089,128021.75411719647,89236.46112600536,0.21703088881835753,0.31496407787925734,0.1290331243606431,0.11348831510160759,0.26599748334880746,0.12126071973112534,0.14473676361768212,12.132641367444291
KARNATAKA,2019,10285.0,17869.0,17637535.0,125117732.0,934364.0,701678.0,205245.0,47511.7,65798.0,21.647299507279257,37.60968350953554,2.633408865605735,0.37122508771523643,142004.92416182862,106641.23529590564,0.23454960968269287,0.37097342469695416,0.14684736153784606,0.1379838495438162,0.3027615171898235,0.14241560554083113,0.1603459116489924,12.23195966648202
KARNATAKA,2020,10778.0,17896.0,21089978.0,132963226.0,1061242.0,741838.0,222141.0,48212.2,66322.0,22.355337445708763,37.11923538025645,2.757875102152567,0.4374406892861143,160013.57015771538,111853.98510298242,0.2523363117946088,0.4552048244639913,0.1697899625351189,0.14532029017736892,0.3537705681293001,0.1575551263562439,0.19621544177305617,12.311067594376595
KARNATAKA,2021,10875.0,18347.0,22558957.0,131364488.0,1256023.0,793376.0,221683.0,48917.0,66845.0,22.23153504916491,37.50638837214056,2.6854567532759575,0.4611680397407854,187900.8153190216,118688.9071733114,0.24198745225935325,0.48538786130343897,0.20531767176962273,0.15493978120604882,0.36368765678139614,0.1801287264878358,0.18355893029356035,12.30900371246586
KARNATAKA,2022,10780.0,19018.0,23427263.0,133941008.0,1382552.0,888922.0,268963.0,49507.4,67268.0,21.774522596621917,38.414459252556185,2.7054744947220013,0.47320729830288,205528.92905987988,132146.340013082,0.24484806421270147,0.5007027353933018,0.22777548342206058,0.17387981492394672,0.3727753998030016,0.20082764917300366,0.17194775062999795,12.502329102655192
KARNATAKA,2023,11034.0,19238.0,25215292.0,143759011.0,1485253.0,1027656.0,310325.0,50102.1,67692.0,22.02302897483339,38.39759211689729,2.869321066382447,0.5032781460258153,219413.3723335106,151813.5082432193,0.2682623671034817,0.5389551945689994,0.24546394496264143,0.20155944995162714,0.4036087808362406,0.22351169745713428,0.1800970833791063,12.645375414384148
KERALA,2018,6393.0,9644.0,9818152.0,69198441.0,441923.0,282034.0,183252.0,25936.7,34943.0,24.648471085373235,37.18283359101196,2.6679739905230813,0.3785428369838877,126469.67919182668,80712.5890736342,0.23948909847437555,0.3802821714185697,0.12705581658643486,0.10149179050429742,0.3098856349464726,0.11427380354536615,0.19561183140110644,12.118617533741181
KERALA,2019,6622.0,9582.0,13756280.0,73495187.0,495762.0,334847.0,205437.0,26192.5,35125.0,25.282046387324616,36.58299131430753,2.805963042855779,0.525199198243772,141142.20640569396,95330.10676156584,0.2592082627766061,0.5668404794396406,0.14574827894958367,0.12206453132178857,0.4130243711081233,0.13390640513568614,0.27911796597243715,12.232894696573373
KERALA,2020,6801.0,9931.0,14049449.0,76371710.0,545024.0,360892.0,208879.0,26449.6,35307.0,25.71305426169016,37.54688161635715,2.8874429102897587,0.531178127457504,154367.12266689326,102215.42470331662,0.2708520480341549,0.5744461428306408,0.1625965182382199,0.1317549496599588,0.4226490954323978,0.14717573394908934,0.2754733614833085,12.249510415923787
KERALA,2021,6869.0,10356.0,13702398.0,76629780.0,607649.0,388732.0,194432.0,26708.0,35489.0,25.71888572712296,38.774898906694624,2.869169537217313,0.5130447057061555,171221.78703260166,109535.91253627885,0.26824071300517943,0.5513790187624983,0.18406897316757562,0.1420578274850678,0.40980986588383883,0.16306340032632172,0.24674646555751711,12.17783776651539
KERALA,2022,6814.0,10926.0,13611613.0,83172705.0,670289.0,424247.0,230280.0,26913.1,35633.0,25.318525179187834,40.59732992483215,3.0904171202871464,0.5057616179481368,188109.05621193838,119060.14088064435,0.29985784036617097,0.5421143641806407,0.20558296587994043,0.15546225670474328,0.4209861022734058,0.18052261129234187,0.24046349098106395,12.347051238789746
KERALA,2023,6921.0,11633.0,14497035.0,90843196.0,724013.0,489203.0,257307.0,27118.3,35776.0,25.521511304174673,42.89723175862794,3.349885354170431,0.5345849481715299,202373.9378354204,136740.5523255814,0.336936845176045,0.5787798839836312,0.2237560971323193,0.1803457239232298,0.4578583645798381,0.20205091052777457,0.2558074540520635,12.45802520349635
MADHYA PRADESH,2018,6589.0,10066.0,7725514.0,100452566.0,341433.0,222153.0,81966.0,51480.9,81090.0,12.79892154177569,19.552882719610576,1.9512589329246381,0.15006563599315476,42105.438401775806,27395.856455789864,0.1370677705519912,0.08964138589759046,0.019577713272833724,0.026453651690347173,0.11335457822479084,0.02301568248159045,0.09033889574320039,11.314059806115543
MADHYA PRADESH,2019,6747.0,10216.0,8708168.0,105532190.0,368951.0,262105.0,92337.0,52625.3,82232.0,12.820829524962328,19.412715937011285,2.005350848356209,0.16547493315952594,44867.083373869056,31873.84473197782,0.14479771252771959,0.10924321143353079,0.02309598547971322,0.032755986611811824,0.1270204619806252,0.027925986045762522,0.09909447593486267,11.433200206904234
MADHYA PRADESH,2020,7234.0,10577.0,10955380.0,110583441.0,396779.0,285989.0,101909.0,53781.3,83374.0,13.450771922582756,19.66668711987252,2.0561689843867663,0.20370240213605845,47590.25595509391,34301.940652961355,0.15205981888311057,0.1578715277978796,0.026565244745069723,0.03617329652234766,0.1549656733404951,0.03136927063370869,0.12359640270678642,11.531835537194869
MADHYA PRADESH,2021,7248.0,10763.0,12471562.0,112592643.0,453372.0,320452.0,101958.0,54949.0,84516.0,13.190412928351744,19.587253635188993,2.049038981601121,0.22696613223170575,53643.3338066165,37916.134223105684,0.15104091416546303,0.18746480345001443,0.03427672677345939,0.041259924031217345,0.16925285880773872,0.03776832540233836,0.13148453340540034,11.53231624276216
MADHYA PRADESH,2022,7338.0,11291.0,13117402.0,119624584.0,510313.0,359322.0,117402.0,55981.4,85548.0,13.107925132276078,20.169199055400544,2.136863029506229,0.2343171481956507,59652.242016178054,42002.38462617478,0.16359130712092948,0.19681586799769712,0.041931937693408375,0.047010925825941664,0.18020358755931332,0.04447143175967502,0.1357321557996383,11.673359222006154
MADHYA PRADESH,2023,7541.0,11495.0,14029167.0,129791040.0,547367.0,411420.0,127947.0,57021.8,86579.0,13.224766668186554,20.158956749874612,2.2761652560950374,0.24603164053046378,63221.68193210825,47519.606371059956,0.1834981290559646,0.21171761416495546,0.04647932208830569,0.05477588123173256,0.19760787161046003,0.05062760166001913,0.1469802699504409,11.759371394654206
MAHARASHTRA,2018,12545.0,25651.0,25291457.0,197698212.0,2292825.0,2450160.0,172663.0,86932.3,121011.0,14.4307696908974,29.506869138398503,2.2741629060774877,0.2909327948299999,189472.4446537918,202474.15524208543,0.18321198556617935,0.2688353777747486,0.20731989141187,0.27285940543001574,0.22602368167046397,0.24008964842094288,-0.014065966750478914,12.059096996826797
MAHARASHTRA,2019,12943.0,25692.0,32407969.0,197887425.0,2607845.0,2426920.0,182865.0,88420.7,122153.0,14.637975044305236,29.056544451695135,2.238021470085625,0.36652015874110927,213490.0493643218,198678.70621270046,0.17804723588209725,0.3649883887855759,0.23791776767140482,0.267517678412165,0.27151781233383654,0.2527177230417849,0.018800089292051625,12.116503454667356
MAHARASHTRA,2020,13578.0,27887.0,39746027.0,211184851.0,2807751.0,2511092.0,189843.0,89921.6,123295.0,15.099820287895232,31.012570950694826,2.3485441873810076,0.44200755991886265,227726.2662719494,203665.355448315,0.19384135566648386,0.4610142394179521,0.25605438073475945,0.27453590438337333,0.32742779754221796,0.2652951425590664,0.06213265498315157,12.153952693766072
MAHARASHTRA,2021,13648.0,27471.0,43477791.0,220073570.0,3163108.0,2504795.0,182454.0,91435.0,124437.0,14.926450483950347,30.044293760594957,2.4068854377426585,0.47550490512385846,254193.52764852898,201290.21111084323,0.20217854388562748,0.5036254701273228,0.28977306327158586,0.27119311869963986,0.35290200700647517,0.28048309098561286,0.07241891602086231,12.114253365439014
MAHARASHTRA,2022,13590.0,28817.0,55676170.0,233188807.0,3491988.0,2717399.0,219620.0,92754.5,125411.0,14.65158024678048,31.068034434986984,2.5140430599054495,0.6002530335455423,278443.5177137572,216679.47787674126,0.21749177868174546,0.6623148005267301,0.3206669931306899,0.2928520216204441,0.43990328960423775,0.306759507375567,0.13314378222867074,12.299654059151704
MAHARASHTRA,2023,13972.0,29612.0,73146443.0,258512123.0,3922908.0,3332739.0,252289.0,94083.4,126385.0,14.850653781644796,31.47420267549855,2.747691122982375,0.777463856535797,310393.4802389524,263697.35332515725,0.25088098214988214,0.8877407623880007,0.36137051088881544,0.3590251288497203,0.5693108722689414,0.3601978198692679,0.20911305239967348,12.438330534788479
MANIPUR,2018,179.0,335.0,165976.0,2785256.0,9019.0,4021.0,71507.0,2085.2,3073.0,8.584308459620182,16.065605217724922,1.3357260694417803,0.07959716094379436,29349.170191994792,13084.93328994468,0.049105765862111,0.0,0.0033265208279354987,0.006312412976948209,0.0245528829310555,0.0048194669024418536,0.01973341602861365,11.177550625987903
MANIPUR,2019,192.0,330.0,202376.0,2743213.0,9927.0,4946.0,73795.0,2133.6,3103.0,8.998875140607424,15.46681664791901,1.285720378702662,0.09485189351331083,31991.621011923944,15939.413470834676,0.04195976105186173,0.019405207336624198,0.00669294242511709,0.010329817449022055,0.030682484194242965,0.008511379937069572,0.02217110425717339,11.209046257615876
MANIPUR,2020,203.0,337.0,251916.0,2896180.0,10369.0,6129.0,78574.0,2183.1,3134.0,9.298703678255691,15.436764234345656,1.3266364344281067,0.1153937061976089,33085.513720485,19556.477345245694,0.04780682219047987,0.045535992153229864,0.00808653658828042,0.015420484633232423,0.04667140717185486,0.011753510610756421,0.03491789656109844,11.271796134890542
MANIPUR,2021,210.0,386.0,309117.0,3069499.0,12323.0,7405.0,75784.0,2233.3,3165.0,9.403125419782386,17.28384005731429,1.3744230510903148,0.1384126628755653,38935.22906793049,23396.52448657188,0.05463571281245348,0.07481789696361835,0.015538939461584642,0.020824979175467512,0.06472680488803592,0.018181959318526078,0.04654484556950984,11.23564246755537
MANIPUR,2022,225.0,396.0,353300.0,3471552.0,13813.0,9163.0,98826.0,2277.6,3194.0,9.87881981032666,17.38672286617492,1.5242149631190727,0.1551194239550404,43246.71258609893,28688.165309956166,0.07604155098951884,0.09607019759840645,0.021031670346863277,0.028272451275919916,0.08605587429396264,0.024652060811391596,0.06140381348257104,11.501116007010731
MANIPUR,2023,240.0,400.0,368547.0,3598482.0,14851.0,11313.0,107133.0,2322.4,3223.0,10.334137099552187,17.223561832586977,1.5494669307612814,0.15869230106786084,46078.188023580515,35100.83772882407,0.07965015392195111,0.10061517541736258,0.02463890496131213,0.03729766680411887,0.09013266466965685,0.0309682858827155,0.05916437878694135,11.58182633222492
MEGHALAYA,2018,345.0,409.0,254285.0,2745651.0,21503.0,5844.0,82457.0,2166.0,3192.0,15.92797783933518,18.882733148661128,1.2676135734072023,0.11739843028624192,67365.28822055137,18308.27067669173,0.03937222919644465,0.04808615725218327,0.05175818124225065,0.013663754603753776,0.043729193224313956,0.03271096792300221,0.011018225301311746,11.320032224323306
MEGHALAYA,2019,346.0,389.0,278005.0,2840817.0,24063.0,7448.0,88954.0,2216.8,3224.0,15.608083724287262,17.547816672681343,1.2814944965716348,0.1254082461205341,74637.09677419355,23101.736972704715,0.04135586630329376,0.058275266519376555,0.06102229816769155,0.02041009429224081,0.04981556641133516,0.04071619622996618,0.009099370181368978,11.395874661166657
MEGHALAYA,2020,364.0,407.0,277395.0,2995065.0,23756.0,8435.0,95422.0,2268.1,3256.0,16.048675102508707,17.94453507340946,1.320517172964155,0.12230280851814294,72960.68796068797,25906.019656019656,0.04693235628049564,0.054324908145623706,0.05888659187831506,0.02435685064680625,0.050628632213059674,0.041621721262560654,0.00900691095049902,11.466064438816906
MEGHALAYA,2021,367.0,415.0,309950.0,3175652.0,25821.0,9785.0,90751.0,2320.1,3288.0,15.818283694668333,17.887160036205337,1.3687565191155553,0.13359337959570708,78531.02189781022,29759.732360097325,0.05382594368116966,0.06868739347341266,0.06598306925757795,0.029780578145457978,0.06125666857729116,0.047881823701517966,0.013374844875773194,11.415874771350133
MEGHALAYA,2022,368.0,451.0,310794.0,3338442.0,29441.0,9512.0,107971.0,2366.0,3318.0,15.553677092138631,19.061707523245985,1.411006762468301,0.13135841081994928,88731.16335141652,28667.87221217601,0.05986366534385111,0.0658443392089854,0.07897781497801036,0.028243890705655656,0.06285400227641826,0.05361085284183301,0.009243149434585249,11.589617951530286
MEGHALAYA,2023,374.0,459.0,327485.0,3506501.0,31275.0,11874.0,124673.0,2413.2,3349.0,15.498093817337974,19.020387866732968,1.4530503066467761,0.13570570197248466,93386.08539862646,35455.35980889818,0.06587184890253321,0.07137443197089967,0.08490807865396573,0.03779662230553509,0.06862314043671644,0.061352350479750406,0.007270789956966034,11.733449588577212
MIZORAM,2018,191.0,171.0,137842.0,1373928.9999999998,8468.0,3029.0,155222.0,801.4,1181.0,23.833291739455955,21.337659096580985,1.7144110306962812,0.17200149737958573,71701.94750211685,25647.756138865367,0.10322129780849451,0.11754550918335412,0.05728298547133047,0.02399336975254911,0.11038340349592432,0.04063817761193979,0.06974522588398453,11.952611629262627
MIZORAM,2019,192.0,181.0,143572.0,1416119.0,9255.0,3837.0,164708.0,819.6,1192.0,23.42606149341142,22.08394338701806,1.7278172279160566,0.17517325524646168,77642.61744966442,32189.59731543624,0.10513709475887487,0.121580232096248,0.06485126241420579,0.03320037780056381,0.11335866342756143,0.0490258201073848,0.06433284332017664,12.011929488149422
MIZORAM,2020,203.0,173.0,161832.0,1490844.0,11332.0,4174.0,195365.0,838.7,1204.0,24.204125432216525,20.627161082627875,1.77756527959938,0.1929557648742101,94119.60132890365,34667.77408637874,0.11224628196087184,0.14420096862633533,0.08584256108631165,0.03668817165838273,0.1282236252936036,0.06126536637234719,0.0669582589212564,12.182624882792611
MIZORAM,2021,210.0,177.0,172990.0,1558558.0,12000.0,5063.0,173521.0,858.0,1216.0,24.475524475524477,20.62937062937063,1.8165011655011656,0.20162004662004662,98684.21052631579,41636.51315789474,0.11781036924439817,0.15522260948006386,0.09165776826783034,0.046495997159520096,0.136516489362231,0.06907688271367522,0.06743960664855579,12.064053908508585
MIZORAM,2022,220.0,175.0,174667.0,1587447.0,13102.0,5982.0,190965.0,875.0,1227.0,25.142857142857142,20.0,1.8142251428571428,0.19961942857142856,106780.76609616952,48753.056234718824,0.11748511688767589,0.15267766758364512,0.10197259393178246,0.056511842487136,0.1350813922356605,0.07924221820945923,0.05583917402620128,12.159845444163855
MIZORAM,2023,227.0,182.0,184844.0,1664672.0,14682.0,6954.0,213665.0,892.1,1238.0,25.445577850016814,20.401300302656654,1.8660150207375854,0.20720098643649815,118594.50726978999,56171.24394184168,0.12488608887677699,0.16232199937614616,0.11702302860040407,0.06695222342542183,0.14360404412646158,0.09198762601291295,0.051616418113548626,12.272164646892262
NAGALAND,2018,161.0,316.0,136659.0,1433284.0,10014.0,3479.0,102003.0,1444.7,2129.0,11.144182183152212,21.873053229044093,0.9920980134283934,0.09459334117809926,47036.167214654764,16341.005166744952,0.0,0.0190763086391685,0.025859348427718584,0.010895018877253599,0.00953815431958425,0.01837718365248609,-0.008839029332901841,11.532757503598596
NAGALAND,2019,164.0,296.0,148940.0,1479138.0,11183.0,3991.0,109198.0,1478.3,2150.0,11.093823987012108,20.022999391192588,1.0005668673476291,0.10075086247716972,52013.95348837209,18562.79069767442,0.0012102316746284755,0.02690915506526152,0.03220093370590566,0.014021966889610105,0.014059693369944996,0.023111450297757883,-0.009051756927812887,11.600918027106905
NAGALAND,2020,176.0,317.0,172471.0,1571267.0,12242.0,4644.0,122759.0,1512.3,2171.0,11.63790253256629,20.961449447860875,1.0389916021953316,0.11404549361899094,56388.76093965914,21391.064025794563,0.0067012735139812775,0.04382096080130656,0.037774337826220965,0.018002487753865818,0.02526111715764392,0.027888412790043393,-0.0026272956323994748,11.717978362724606
NAGALAND,2021,180.0,320.0,198130.0,1639343.0,12579.0,7208.0,119781.0,1546.7,2192.0,11.637680222409,20.689209284282665,1.0598972004913687,0.1280985323592164,57385.948905109486,32883.211678832115,0.009688763613138234,0.0616975200409374,0.039044732369810466,0.034176572858443825,0.03569314182703782,0.036610652614127145,-0.0009175107870893276,11.693420354422775
NAGALAND,2022,182.0,327.0,198538.0,1717794.0,14579.0,6381.0,127225.0,1578.1,2213.0,11.532855966035106,20.721120334579556,1.088520372599962,0.12580825042772956,65878.8974243109,28834.161771351108,0.013779124581046883,0.058784103136557346,0.04986455353853806,0.028477927159354537,0.03628161385880212,0.0391712403489463,-0.0028896264901441815,11.753712451457034
NAGALAND,2023,192.0,332.0,210762.0,1832801.0,15579.0,7805.0,138889.0,1609.0,2233.0,11.932877563704164,20.633934120571784,1.1390932256059665,0.1309894344313238,69767.12942230183,34952.978056426335,0.02100617905239386,0.06537497251960113,0.05481807171725678,0.037089568631601566,0.0431905757859975,0.04595382017442917,-0.0027632443884316737,11.841430331941945
ODISHA,2018,4858.0,6988.0,5508448.0,60007175.0,268905.0,101019.0,87055.0,30239.6,43490.0,16.065027315176128,23.108771280043385,1.9843905011971057,0.1821600814825593,61831.45550701311,23228.098413428375,0.14180239860625277,0.13046801895967497,0.04470820558270567,0.020587935785224182,0.13613520878296387,0.03264807068396493,0.10348713809899894,11.3742953818007
ODISHA,2019,4914.0,6888.0,7126096.0,62128831.0,309554.0,127646.0,98005.0,30614.0,43671.0,16.051479715162998,22.499510028091724,2.029425458940354,0.23277245704579605,70883.19479746284,29229.007808385428,0.1482380666253503,0.1948509006082408,0.05623991334794012,0.029033634725860645,0.17154448361679556,0.04263677403690038,0.12890770957989517,11.492773776759375
ODISHA,2020,5223.0,7068.0,8509070.0,65762478.0,341140.0,143879.0,104633.0,30990.5,43852.0,16.853551894935546,22.806989238637648,2.1220205546861135,0.27457027153482516,77793.48718416491,32810.13408738484,0.16147026059816688,0.24802097439886076,0.06504346698760903,0.0340737232241552,0.20474561749851383,0.04955859510588212,0.1551870223926317,11.558214268428921
ODISHA,2021,5289.0,7620.0,9429978.0,68638037.0,363567.0,155954.0,103211.0,31369.0,44033.0,16.86059485479295,24.291497975708502,2.1880849564857026,0.30061455577162166,82566.93843253923,35417.52776326846,0.1709111167501007,0.2811513313714202,0.07112473414097523,0.03774337736436575,0.22603122406076043,0.05443405575267049,0.17159716830808994,11.544530715496666
ODISHA,2022,5367.0,8203.0,9970819.0,73806889.0,421413.0,183405.0,133768.0,31662.4,44162.0,16.950704937086257,25.907701248168173,2.3310579425438376,0.3149103984536864,95424.34672342738,41530.04845795027,0.1913425042783185,0.29933675612619987,0.08750477672409056,0.04634615840269904,0.24533963020225918,0.06692546756339479,0.1784141626388644,11.803862235142505
ODISHA,2023,5548.0,8626.0,10502404.0,79578034.0,463318.0,216311.0,134612.0,31957.0,44291.0,17.36082861344932,26.992521200362987,2.490159714616516,0.32864173733454327,104607.70811225758,48838.59023277867,0.21407875712765959,0.3168040881019136,0.099204168016796,0.05663222330765122,0.2654414226147866,0.0779181956622236,0.187523226952563,11.81015184526493
PUDUCHERRY,2018,245.0,591.0,577191.0,2742377.0,16242.0,10358.0,198357.0,989.1,1470.0,24.769992922859164,59.751289050652105,2.772598321706602,0.5835517136791022,110489.79591836735,70462.58503401361,0.2544403162829057,0.641069421538495,0.10669781265822677,0.0870659022661427,0.4477548689107004,0.09688185746218474,0.3508730114485156,12.197823716471762
PUDUCHERRY,2019,253.0,561.0,632880.0,2830751.0,17818.0,12363.0,204140.0,1020.9,1504.0,24.78205504946616,54.951513370555396,2.7727994906455087,0.6199235968263297,118470.74468085106,82200.79787234042,0.2544690640950817,0.6873372882794581,0.116865357907279,0.10358630029397055,0.47090317618726985,0.11022582910062478,0.36067734708664506,12.22656131195749
PUDUCHERRY,2020,267.0,623.0,759321.0,3034786.0,20043.0,13322.0,217937.0,1052.4,1537.0,25.37058152793615,59.19802356518434,2.883681109844166,0.7215136830102623,130403.38321405335,86675.34157449577,0.27031447233662786,0.8165677862092701,0.1320672650786717,0.10988378731100217,0.543441129272949,0.12097552619483692,0.42246560307811204,12.291961309179642
PUDUCHERRY,2021,268.0,633.0,793865.0,3075824.0,22138.0,14885.0,208862.0,1085.0,1571.0,24.70046082949309,58.3410138248848,2.8348608294930875,0.7316728110599078,140916.6136218969,94748.56779121578,0.26333786721289115,0.8294909879281013,0.1454608789291878,0.12124607152801935,0.5464144275704962,0.13335347522860358,0.4130609523418926,12.249429025780088
PUDUCHERRY,2022,265.0,670.0,796548.0,3245201.0,24552.0,16156.0,231557.0,1118.5,1608.0,23.69244523915959,59.901654000894055,2.901386678587394,0.7121573535985695,152686.5671641791,100472.6368159204,0.2728446659513384,0.8046658068519611,0.1604555291621201,0.12930214445235047,0.5387552364016497,0.1448788368072353,0.3938763995944144,12.352581342503557
PUDUCHERRY,2023,272.0,671.0,824586.0,3518046.0,26469.0,18315.0,231231.0,1153.1,1646.0,23.588587286445232,58.19096348972335,3.0509461451738793,0.7151036336831151,160808.01944106925,111269.74483596598,0.29421728678405656,0.8084137044733605,0.1708020726584852,0.14449802857009245,0.5513154956287085,0.15765005061428883,0.3936654450144197,12.351172489837014
PUNJAB,2018,6490.0,7384.0,4411352.0,60450968.0,347797.0,220941.0,139835.0,21689.5,29619.0,29.922312639756562,34.04412273219761,2.7871074944097374,0.20338652343299754,117423.61322124313,74594.3482224248,0.25651373265605926,0.15746970549793515,0.11553133650028573,0.09288095889950067,0.2069917190769972,0.1042061476998932,0.102785571377104,11.84821843510139
PUNJAB,2019,6614.0,7210.0,5210584.0,59582908.0,379577.0,236211.0,149974.0,22036.3,29859.0,30.014113077059218,32.7187413495006,2.703852643138821,0.23645457722031377,127123.145450283,79108.81141364413,0.24461629540711927,0.19953484410572733,0.1278883175771461,0.09923462873222046,0.22207556975642329,0.11356147315468329,0.10851409660174,11.9182172247211
PUNJAB,2020,6735.0,7437.0,6192224.0,62079607.0,410987.0,244057.0,154385.0,22385.8,30099.0,30.0860366839693,33.22195320247657,2.773169017859536,0.2766139248988198,136545.06794245655,81084.75364630054,0.2545218709498601,0.25062066056653265,0.1398916302312202,0.1020155761058184,0.2525712657581964,0.1209536031685193,0.13161766258967708,11.947204761594353
PUNJAB,2021,6700.0,7464.0,6988155.0,60968084.0,459027.0,263532.0,150620.0,22738.0,30339.0,29.46609200457384,32.826106077931215,2.6813301081889347,0.307333758466004,151299.31770987838,86862.45426678532,0.24139773886461383,0.2896986802565686,0.15868820524887448,0.11014713030837811,0.2655482095605912,0.1344176677786263,0.13113054178196493,11.922515387655343
PUNJAB,2022,6550.0,7649.0,7237221.0,67768161.0,510138.0,288331.0,170276.0,23017.5,30535.0,28.45660910177039,33.231237102204844,2.9442016291951774,0.31442254806125775,167066.64483379727,94426.39593908629,0.27896308644451767,0.2987161724502035,0.17877541752902992,0.12079264584015285,0.2888396294473606,0.1497840316845914,0.13905559776276918,12.045175928945012
PUNJAB,2023,6612.0,7948.0,7781977.0,71320660.0,560275.0,314823.0,185802.0,23298.0,30730.0,28.380118465104303,34.11451626749077,3.0612352991673104,0.33401910035196153,182321.83534005858,102448.09632281159,0.2956876463140158,0.3236445124621424,0.19821017953181888,0.13208241243617339,0.3096660793880791,0.16514629598399613,0.14451978340408297,12.13243686956659
RAJASTHAN,2018,7276.0,9386.0,7412895.0,87727566.0,334008.0,255728.0,98698.0,48077.0,76256.0,15.134055785510744,19.522848763441978,1.824730453231275,0.15418796929924913,43800.88124213176,33535.45950482585,0.11898636599266993,0.09488531476693599,0.021737668474843586,0.035094548520208865,0.10693584037980296,0.028416108497526224,0.07851973188227673,11.499819961791749
RAJASTHAN,2019,7391.0,10534.0,8598702.0,91436253.0,379008.0,325240.0,106604.0,49207.8,77264.0,15.019976507789416,21.40717528521901,1.8581658395620206,0.17474266274858863,49053.63429281425,42094.636570718576,0.12376441081157978,0.1210324849193805,0.028429555105661985,0.04714076150567379,0.12239844786548014,0.037785158305667886,0.08461328955981226,11.576876313462051
RAJASTHAN,2020,7775.0,11149.0,11063138.0,96474388.0,420150.0,352425.0,115534.0,50352.3,78273.0,15.441201295670703,22.141987555682658,1.9159877105911747,0.2197146505720692,53677.51331876892,45025.1044421448,0.13202737773403678,0.1782403542856831,0.03432027068618739,0.05126511129473619,0.15513386600985996,0.04279269099046179,0.11234117501939817,11.657320137919335
RAJASTHAN,2021,7871.0,10874.0,12332401.0,99425466.0,474438.0,388631.0,114925.0,51509.0,79281.0,15.280824710244811,21.110873827874737,1.930254246830651,0.23942225630472344,59842.58523479774,49019.43719176095,0.13406612042683877,0.20330996292076395,0.042174430578121945,0.0568867478920713,0.16868804167380136,0.04953058923509662,0.11915745243870474,11.652035020674429
RAJASTHAN,2022,7969.0,11244.0,13315280.0,107916435.0,530634.0,442730.0,134143.0,52510.3,80153.0,15.176070218604732,21.412941841886262,2.0551479424036807,0.25357463202457425,66202.63745586565,55235.61189225606,0.1519139080714659,0.22131288653138845,0.05027699089626622,0.06563541190737901,0.18661339730142718,0.057956201401822616,0.12865719589960456,11.806661674097246
RAJASTHAN,2023,8304.0,11523.0,14524532.0,117782931.0,594426.0,515018.0,150020.0,53521.1,81025.0,15.51537617874072,21.52982655438696,2.2006821795516163,0.27137954937398523,73363.28293736502,63562.85097192225,0.17271130819419933,0.24396212742776482,0.05939948862332951,0.07735519463442127,0.20833671781098206,0.06837734162887539,0.1399593761821067,11.918523897523627
SIKKIM,2018,138.0,196.0,71078.0,1004464.0,8533.0,2272.0,349163.0,445.8,657.0,30.95558546433378,43.96590399282189,2.253171825930911,0.15943921040825482,129878.23439878234,34581.43074581431,0.18021227978304488,0.10156530224167477,0.13139823756068367,0.036566651766656175,0.14088879101235982,0.08398244466366991,0.05690634634868991,12.763294140861865
SIKKIM,2019,143.0,179.0,82480.0,1030769.0,9632.0,2921.0,375773.0,456.6,664.0,31.31844064826982,39.20280332895313,2.2574879544459043,0.1806395094174332,145060.2409638554,43990.96385542169,0.18082907108567298,0.12853373292354908,0.15073976490482738,0.049809658548674675,0.15468140200461103,0.10027471172675102,0.054406690277860006,12.83674051665342
SIKKIM,2020,162.0,200.0,105024.0,1094265.0,10130.0,3216.0,412627.0,466.7,670.0,34.711806299550034,42.854081851296336,2.3446860938504392,0.22503535461752733,151194.02985074627,48000.0,0.1932900193181537,0.18500870402294775,0.15855407093680698,0.05545198875077576,0.18914936167055074,0.10700302984379137,0.08214633182675937,12.930299316159804
SIKKIM,2021,164.0,192.0,118389.0,1105684.0,10604.0,3847.0,415045.0,477.7,677.0,34.331170190496124,40.19258949131254,2.314599120787105,0.24783127485869794,156632.20088626293,56824.224519940915,0.18899047558505944,0.2140068891234215,0.16548217581772262,0.06787123036482727,0.20149868235424045,0.11667670309127495,0.0848219792629655,12.936142227069263
SIKKIM,2022,165.0,227.0,142910.0,1152756.0,12411.0,5182.0,466518.0,487.0,683.0,33.880903490759756,46.61190965092403,2.3670554414784393,0.29344969199178644,181713.0307467057,75871.15666178624,0.19648668480540352,0.27203706689298507,0.1974345764757206,0.09467794315204957,0.23426187584919428,0.1460562598138851,0.08820561603530919,13.053051883734149
SIKKIM,2023,168.0,235.0,130109.0,1232900.0,13554.0,5885.0,520466.0,496.5,689.0,33.8368580060423,47.3313192346425,2.4831822759315205,0.26205236656596176,196719.88388969522,85413.64296081277,0.21308165440456506,0.23209722481924738,0.21655296238673893,0.10810806867510009,0.22258943961190622,0.1623305155309195,0.06025892408098671,13.162479843097643
TAMIL NADU,2018,10893.0,25277.0,28111636.0,136223243.0,716716.0,813600.0,175276.0,56107.1,75342.0,19.414655186242026,45.051339313562806,2.4279145241867783,0.501035270046037,95128.34806615168,107987.57665047384,0.20518368091430716,0.5361020817255199,0.08712768123944634,0.13987869464205535,0.3706428813199135,0.11350318794075084,0.25713969337916265,12.074117153379104
TAMIL NADU,2019,11206.0,25701.0,31754087.0,141073289.0,798738.0,891030.0,194373.0,56698.5,75695.0,19.7641912925386,45.32924151432577,2.488130885296789,0.5600516239406687,105520.57599577251,117713.19109584516,0.21378882964413415,0.6111754780212647,0.10036714071443754,0.1535665552998647,0.4124821538326994,0.12696684800715113,0.2855153058255483,12.177534272473633
TAMIL NADU,2020,11829.0,26892.0,35469823.0,150024247.0,899038.0,981665.0,206165.0,57293.6,76049.0,20.646285099906446,46.93717971989891,2.6185166755100044,0.619088746387031,118218.2540204342,129083.22265907507,0.23242145865655403,0.6862752935315439,0.11654369061042587,0.16956877383182128,0.459348376094049,0.14305623222112357,0.3162921438729254,12.23643209803952
TAMIL NADU,2021,12028.0,27727.0,37906107.0,151821541.0,1008731.0,1046952.0,209628.0,57891.0,76402.0,20.77697742308822,47.89518232540464,2.6225413449413555,0.6547841115199253,132029.39713620063,137032.01486872073,0.23299659933936434,0.7316825766945732,0.1341387694349879,0.18075592923209444,0.48233958801696875,0.15744734933354115,0.3248922386834276,12.253089810293229
TAMIL NADU,2022,12094.0,29169.0,39708600.0,158085491.0,1117412.0,1158606.0,242339.0,58347.4,76631.0,20.727573122367062,49.991944799596894,2.7093836400593685,0.6805547462269098,145817.2280147721,151192.85928671164,0.24540669605983517,0.7644648301629006,0.15170414900528947,0.20068594663913109,0.5049357631113679,0.1761950478222103,0.3287407152891576,12.398092851343064
TAMIL NADU,2023,12407.0,30078.0,42716301.0,178253442.0,1211394.0,1325333.0,275272.0,58805.4,76860.0,21.098402527659026,51.14836392576192,3.031242743013397,0.726400993786285,157610.4605776737,172434.68644288316,0.29140159511904895,0.8227848259702132,0.16672845617532853,0.23058176164024138,0.5570932105446311,0.19865510890778496,0.3584381016368462,12.52551497872969
TELANGANA,2018,5164.0,10365.0,9426603.0,67677137.99999999,417817.0,448649.0,179358.0,26540.3,36967.0,19.457202819862623,39.05381627185827,2.5499763755496354,0.3551807251613584,113024.31898720481,121364.7307057646,0.222626787170703,0.3505637465512926,0.10992673678167295,0.15870574374372046,0.2865952668609978,0.1343162402626967,0.1522790265983011,12.097139087485566
TELANGANA,2019,5227.0,9982.0,11136898.0,68060069.0,458581.0,518518.0,209848.0,26946.4,37220.0,19.397767419766648,37.043909390493724,2.5257573924531664,0.4132981771219903,123208.22138635142,139311.6603976357,0.21916580168787825,0.42449366961175994,0.122900794320044,0.18396430958937218,0.3218297356498191,0.1534325519547081,0.168397183695111,12.254138738099213
TELANGANA,2020,5388.0,10884.0,12595625.0,69524662.0,498184.0,550411.0,231326.0,27355.5,37473.0,19.696221966332182,39.787245709272355,2.541524081080587,0.4604421414340809,132944.7869132442,146882.02172230673,0.2214189219049561,0.4844644621495886,0.135304954967009,0.19461886016028065,0.3529416920272723,0.16496190756364482,0.1879797844636275,12.351583250030183
TELANGANA,2021,5579.0,11109.0,14205374.0,71324744.0,605468.0,601477.0,225734.0,27767.0,37725.0,20.09219577195952,40.00792307415277,2.5686874347246733,0.5115919616811323,160495.16235917827,159437.24320742214,0.225300669220793,0.5495310152734728,0.17040349992844014,0.21228911875232098,0.3874158422471329,0.19134630934038055,0.19606953290675233,12.327112593905918
TELANGANA,2022,5605.0,11712.0,15086377.0,74587894.0,638949.0,660857.0,269000.0,28080.2,37907.0,19.96068404071196,41.70910463600686,2.6562451122143003,0.5372603115362427,168556.99475030997,174336.402247606,0.23781299682325266,0.5821831544478282,0.18067408906095295,0.2332582425034313,0.4099980756355404,0.20696616578219212,0.2030319098533483,12.502466658583977
TELANGANA,2023,5819.0,11549.0,16614598.0,80947704.0,693887.0,776338.0,312046.0,28395.9,38090.0,20.4923950288598,40.67136452797763,2.850682809842266,0.5851055257977384,182170.3859280651,203816.74980309792,0.265598888828866,0.6430459915102655,0.19801723646261582,0.27474897727910524,0.4543224401695658,0.23638310687086053,0.21793933329870527,12.650905891821452
TRIPURA,2018,456.0,491.0,940933.0,6244568.999999999,22020.0,8973.0,100444.0,2682.4,3953.0,16.99970175961825,18.304503429764388,2.3279783030122276,0.3507802713987474,55704.5282064255,22699.215785479384,0.19090241198919225,0.3449660268109064,0.03690264105393512,0.019843584694980505,0.2679342194000493,0.02837311287445781,0.23956110652559148,11.517355637249544
TRIPURA,2019,463.0,482.0,963092.0,5381675.0,24880.0,10463.0,113016.0,2744.8,3992.0,16.868259982512388,17.560477994753715,1.9606801952783446,0.3508787525502769,62324.64929859719,26209.919839679358,0.13841410504118848,0.34509130250194,0.04533652313513189,0.024784560730439723,0.24175270377156421,0.03506054193278581,0.20669216183877842,11.6352846805915
TRIPURA,2020,565.0,583.0,1004571.0,5563642.0,26487.0,11346.0,121456.0,2808.7,4032.0,20.116067931783387,20.756933812795957,1.980860184426959,0.3576640438637092,65691.96428571429,28139.880952380954,0.14129790281290824,0.3537227212552038,0.04962640501737942,0.027500794129782707,0.24751031203405605,0.03856359957358106,0.20894671246047497,11.70730733625655
TRIPURA,2021,579.0,526.0,1141700.0,5795488.0,28400.0,12093.0,118401.0,2872.5,4071.0,20.156657963446474,18.311575282854655,2.017576327241079,0.3974586597040905,69761.7293048391,29705.232129697863,0.14654478030395854,0.4043445704252798,0.05481119209175277,0.029703874348107527,0.2754446753646192,0.04225753321993014,0.23318714214468905,11.681832447342321
TRIPURA,2022,589.0,566.0,1065510.0,6099956.0,31304.0,13562.0,137032.0,2930.1,4109.0,20.101703013549027,19.316746868707554,2.081825193679397,0.36364287908262516,76183.9863713799,33005.597468970554,0.15572618949629516,0.3613282650774809,0.06299299995299981,0.034348819008167365,0.25852722728688804,0.048670909480583585,0.20985631780630445,11.82796975417782
TRIPURA,2023,613.0,605.0,1009613.0,7100330.0,34065.0,14499.0,153584.0,2988.2,4147.0,20.514021819155342,20.246302121678603,2.376122749481293,0.3378666086607322,82143.7183506149,34962.62358331324,0.19778243786163954,0.32853884254107646,0.07058556148602711,0.03710314377677524,0.263160640201358,0.05384435263140118,0.2093162875699568,11.942002927603319
UTTAR PRADESH,2018,17068.0,19937.0,17301362.0,258710682.0,953578.0,392666.0,59595.0,137148.0,222015.0,12.444949981042377,14.53685070143203,1.8863613177005862,0.12615103391956134,42951.06186518929,17686.462626399116,0.12779365267240367,0.05922015042222789,0.0206550181251507,0.012788619978983604,0.09350690154731578,0.01672181905206715,0.07678508249524862,10.99532695691681
UTTAR PRADESH,2019,17462.0,20192.0,19621775.0,270239353.0,1041507.0,470245.0,64113.0,140532.4,224979.0,12.425604344620885,14.368216866715432,1.9229683190495572,0.1396245634458673,46293.52072860134,20901.728605780983,0.13302493342989374,0.0763595288297238,0.02491323387721645,0.01731379552966766,0.10469223112980877,0.021113514703442054,0.08357871642636672,11.0684024304583
UTTAR PRADESH,2020,18041.0,21969.0,21841525.0,281156529.0,1144902.0,507550.0,67639.0,143957.7,227943.0,12.53215354232528,15.26073284027183,1.9530496041545538,0.15172182523060593,50227.55688922231,22266.531545166992,0.13732366433194737,0.09174818753406414,0.029925105506132085,0.019234623521011202,0.11453592593300575,0.024579864513571643,0.0899560614194341,11.12194001875184
UTTAR PRADESH,2021,18125.0,22127.0,24225667.0,283999568.0,1277878.0,565113.0,63464.0,147424.0,230907.0,12.2944703711743,15.009089429129585,1.9264133926633384,0.16432648008465378,55341.67435374415,24473.61924930816,0.13351724764957285,0.1077822897206971,0.03644037358728089,0.022340885765267306,0.12064976868513497,0.029390629676274097,0.09125913900886087,11.058228094981839
UTTAR PRADESH,2022,18073.0,24322.0,25307527.0,305323727.0,1394177.0,646284.0,76063.0,150223.7,233297.0,12.030724845680142,16.19052120271302,2.0324604373344552,0.16846560828950424,59759.748303664426,27702.19934246904,0.14867177666680134,0.11304758300866316,0.042068898232199635,0.026884799641967983,0.13085967983773225,0.03447684893708381,0.09638283090064845,11.239317223249772
UTTAR PRADESH,2023,18415.0,24746.0,28162680.0,361038793.0,1548627.0,755489.0,84640.0,153049.6,235687.0,12.03204712720582,16.1686146190516,2.3589659365329934,0.18401015095759807,65706.9333480421,32054.759066049464,0.19533066355265696,0.13282145135101217,0.049645475258660685,0.03301060602014664,0.16407605745183457,0.041328040639403665,0.1227480168124309,11.346162247092126
UTTARAKHAND,2018,2053.0,2677.0,1230009.0,19150429.0,122536.0,44608.0,180857.0,7536.5,11013.0,27.24076162674982,35.52046706030651,2.5410242154846414,0.1632069262920454,111264.86879142831,40504.85789521474,0.2213474891959922,0.10635813014457426,0.10768523768032498,0.04490330194882187,0.16385280967028323,0.07629426981457342,0.08755853985570981,12.105461942741218
UTTARAKHAND,2019,2126.0,2606.0,1391399.0,19457870.0,137040.0,53036.0,186207.0,7709.6,11141.0,27.57600913147245,33.802013074608276,2.5238494863546745,0.1804761595932344,123005.1162373216,47604.34431379589,0.21889315459600112,0.1283259392311632,0.12264204302937246,0.05489514168145673,0.17360954691358216,0.0887685923554146,0.08484095455816756,12.13461423710343
UTTARAKHAND,2020,2194.0,2781.0,1513394.0,20252707.0,149549.0,56551.0,190558.0,7885.3,11270.0,27.823925532319635,35.26815720391108,2.5684129963349522,0.19192598886535706,132696.53948535936,50178.34960070985,0.22526145092335373,0.14289101337992172,0.13498869345085382,0.05851780489699383,0.1840762321516377,0.09675324917392383,0.08732298297771388,12.157711889152019
UTTARAKHAND,2021,2220.0,2809.0,1692536.0,20080177.0,165333.0,60740.0,174526.0,8063.0,11399.0,27.533176237132583,34.83814957211956,2.49041014510728,0.20991392781842985,145041.67032195805,53285.37591016756,0.2141145446043484,0.1657730720035152,0.15071610633397137,0.06289064359247032,0.18994380830393182,0.10680337496322084,0.08314043334071097,12.069829006660319
UTTARAKHAND,2022,2176.0,2938.0,1763535.0,21882622.0,180784.0,67751.0,194670.0,8212.3,11518.0,26.496840105695117,35.7756048853549,2.6646155157507643,0.21474312920862612,156957.80517450947,58821.84407015107,0.23900915956095697,0.17191619210214848,0.16589698819561863,0.07068268646399495,0.20546267583155273,0.11828983732980679,0.08717283850174594,12.179061096283323
UTTARAKHAND,2023,2202.0,3051.0,1961119.0,23136832.0,200425.0,77094.0,219850.0,8362.9,11637.0,26.330579105334273,36.482559877554436,2.7666039292589892,0.2345022659603726,172230.81550227723,66249.03325599381,0.253583694633809,0.19705135220495879,0.18535445224134625,0.08113573611201877,0.22531752341938388,0.1332450941766825,0.09207242924270137,12.300700774608956
WEST BENGAL,2018,8018.0,11722.0,11307859.0,146805494.0,718580.0,367323.0,91401.0,69361.6,96297.0,11.559710271966045,16.899840834121473,2.116524042121289,0.16302765507139397,74621.22392182519,38144.802018754475,0.16068478789201537,0.10613008319649586,0.06100207651867591,0.04158175181303515,0.1334074355442556,0.05129191416585553,0.08211552137840007,11.423011698301428
WEST BENGAL,2019,8170.0,11338.0,13101376.0,147376054.0,779291.0,403677.0,103920.0,70449.7,96906.0,11.596926601532726,16.093751996105023,2.091933024555108,0.18596780397929302,80417.20842878666,41656.55377376014,0.15717063725796793,0.13531173838856222,0.06838602753642394,0.04652420238593567,0.14624118782326506,0.057455114961179804,0.08878607286208526,11.551376651344482
WEST BENGAL,2020,9251.0,12292.0,16251170.0,152653530.0,827832.0,429211.0,110316.0,71546.6,97516.0,12.930034411139033,17.180411088717005,2.133623819999832,0.22714105212546787,84891.9151728947,44014.41814676566,0.16312841167099204,0.1876873151715596,0.07408670105920433,0.04984266819280022,0.17540786342127582,0.06196468462600227,0.11344317879527355,11.611104253651755
WEST BENGAL,2021,9379.0,12766.0,18728314.0,158614408.0,889011.0,437348.0,105108.0,72651.0,98125.0,12.909664010130625,17.571678297614625,2.1832377806224277,0.25778466917179393,90599.84713375797,44570.49681528663,0.17021843674662282,0.22666838151397123,0.08135847515746678,0.05062529507691629,0.198443409130297,0.06599188511719153,0.13245152401310548,11.56274367195109
WEST BENGAL,2022,9616.0,13410.0,17386744.0,172418288.0,978185.0,479463.0,122883.0,73516.6,98604.0,13.08003906600686,18.24077827320632,2.3452973614122525,0.23650092632140224,99203.3791732587,48625.10648655227,0.19337737179489192,0.1995938037703684,0.0923191771888467,0.05633176560521322,0.19648558778263014,0.07432547139702997,0.12216011638560018,11.718987962145981
WEST BENGAL,2023,9761.0,13633.0,18189485.0,182483391.0,1056367.0,535875.0,137909.0,74387.8,99084.0,13.12177534488182,18.326929953567653,2.453136011550281,0.24452242168742724,106613.27762302692,54082.89935812038,0.20878792809812297,0.20979777031112173,0.10175921746739802,0.06401308062595866,0.20929284920462235,0.08288614904667835,0.126406700157944,11.8343493263363
