state_key,fy_end,branches,atms,credit_accounts,deposit_accounts,deposits_rs_crore,credit_rs_crore,nsdp_pc_rs,pop_18plus_000,pop_total_000,branches_per_lakh_adults,atms_per_lakh_adults,deposit_accts_per_adult,credit_accts_per_adult,deposits_per_capita,credit_per_capita,norm_deposit_accts_per_adult,norm_credit_accts_per_adult,norm_deposits_per_capita,norm_credit_per_capita,Access,Usage,AUG,ln_nsdp_pc,txn_count,txn_amount_inr,txn_count_p2p,txn_count_retail,txn_count_utility,registered_users_31mar,pp_users_per_adult,pp_txns_per_capita,pp_value_per_capita,pp_value_to_nsdp,pp_ticket_size_rs,ln_pp_users_per_adult,ln_pp_txns_per_capita,ln_pp_value_per_capita
ANDAMAN AND NICOBAR ISLANDS,2019,69.0,105.0,47929.0,615681.0,5186.0,2181.0,204254.0,269.5,397.0,25.60296846011132,38.961038961038966,2.284530612244898,0.1778441558441558,130629.72292191436,54937.02770780856,0.1846935705027835,0.1249778255733922,0.1323556166631539,0.0652151835779197,0.1548356980380879,0.0987854001205368,0.056050297917551,12.227119596373818,108081,337196488.12155986,39674,66597,1810.0,24369.0,0.0904230055658627,0.2722443324937028,849.3614310366747,0.004158358862184705,3119.849817466158,-2.403256557612125,-1.3010553346724247,6.744484809545043
ANDAMAN AND NICOBAR ISLANDS,2020,71.0,120.0,50461.0,624585.0,5811.0,2561.0,219653.0,273.2,399.0,25.98828696925329,43.92386530014641,2.286182284040996,0.184703513909224,145639.09774436092,64185.46365914787,0.1849296007310518,0.1337034630004803,0.1514772151358296,0.0782314617077663,0.1593165318657661,0.1148543384217979,0.0444621934439681,12.299804307403074,178156,666651105.5522575,75046,90923,12187.0,36875.0,0.13497437774524157,0.4465062656641604,1670.8047758201944,0.007606564790010583,3741.951466985437,-2.002670313036651,-0.8063018459215782,7.421060691022212
ANDAMAN AND NICOBAR ISLANDS,2021,72.0,128.0,58904.0,583380.0,6043.0,2812.0,205368.0,276.3,400.0,26.058631921824105,46.32645674990952,2.111400651465798,0.2131885631559898,151075.0,70300.0,0.1599526357363751,0.1699386630676398,0.1584024296433382,0.0868370795729212,0.1649456494020074,0.1226197546081297,0.0423258947938777,12.232558770766,810949,2283943594.9079094,298875,339251,172823.0,69111.0,0.2501302931596091,2.0273725,5709.858987269774,0.02780306078488262,2816.3837613806904,-1.385773324244745,0.7067406197033087,8.64994960659551
ANDAMAN AND NICOBAR ISLANDS,2022,72.0,123.0,94580.0,608150.0,6773.0,3462.0,229570.0,279.6,402.0,25.751072961373392,43.99141630901288,2.1750715307582262,0.3382689556509299,168482.58706467663,86119.40298507463,0.1690514483509274,0.3290506592334028,0.1805792953800173,0.109101357574656,0.2490510537921651,0.1448403264773367,0.1042107273148284,12.343963272869615,2766636,7102150179.306252,1096489,948661,721486.0,102605.0,0.36697067238912734,6.882179104477612,17667.040247030476,0.07695709477296893,2567.0706877616904,-1.0024733458669275,1.9289353320987774,9.779456049700903
ANDAMAN AND NICOBAR ISLANDS,2023,70.0,124.0,74253.0,643072.0,7122.0,3705.0,263984.0,282.3,403.0,24.79631597591215,43.92490258590152,2.2779737867516827,0.263028692879915,176724.5657568238,91935.48387096774,0.1837565750164312,0.2333391878929445,0.1910793867586332,0.1172869282846425,0.2085478814546879,0.1541831575216379,0.0543647239330499,12.483643774231226,8009579,15926618316.085451,2941580,3879828,1188171.0,134328.0,0.47583421891604677,19.874885856079405,39520.14470492668,0.14970659094841612,1988.446373534171,-0.7426857650022755,2.9894569174335595,10.58456581341701
ANDHRA PRADESH,2019,7087.0,10556.0,14465301.0,91670674.0,300452.0,373572.0,154031.0,38539.8,52221.0,18.388782505358098,27.38986709842812,2.378597553697736,0.3753340961810907,57534.70825912947,71536.73809387028,0.1981360968667193,0.376200403332239,0.0392342483669971,0.0885776686939672,0.2871682500994791,0.0639059585304822,0.2232622915689969,11.9449091598392,147663871,222629544072.1353,86306754,53823135,7533982.0,7399826.0,0.19200478466416535,2.8276722199881275,4263.218706499977,0.02767766687549894,1507.6778264341676,-1.6502349871389954,1.0394538360792165,8.357779718874047
ANDHRA PRADESH,2020,7252.0,11049.0,15114394.0,92229340.0,324873.0,418830.0,160341.0,39028.9,52504.0,18.581102721316768,28.30979094978337,2.363103751322738,0.3872615933321205,61875.85707755599,79771.06506170958,0.1959219731407136,0.3913731082071344,0.0447647721628278,0.1001666866197465,0.293647540673924,0.0724657293912871,0.2211818112826368,11.985058076324409,456224368,904711355337.2408,251058314,175099458,30066596.0,11664133.0,0.2988588712466915,8.689325918025293,17231.284384756225,0.10746648944908804,1983.0404046660674,-1.2077838195391304,2.1620953664211124,9.754481870258326
ANDHRA PRADESH,2021,7431.0,11635.0,16651870.0,95917846.0,359770.0,486536.0,168063.0,39521.0,52787.0,18.80266187596468,29.440044533286105,2.4270095898383137,0.4213423243338984,68155.03817227726,92169.66298520468,0.205054362328532,0.4347264510638148,0.052764304525156,0.1176165127137446,0.3198904066961734,0.0851904086194503,0.234699998076723,12.032094188090468,1114327170,2554043032593.083,596523678,390253826,127549666.0,16309736.0,0.412685306545887,21.109878758027545,48383.93984490657,0.2878916825530103,2292.0046296574487,-0.8850699460900571,3.0497411185006547,10.786923216253598
ANDHRA PRADESH,2022,7446.0,12101.0,18331300.0,98507220.0,385881.0,550560.0,193703.0,39880.6,52972.0,18.67073213542424,30.34307407611721,2.470053610025928,0.459654568888131,72846.22064486898,103934.15389262252,0.2112055177423805,0.4834626085623726,0.0587407631494554,0.1341738945794672,0.3473340631523766,0.0964573288644613,0.2508767342879152,12.174081337142988,2305299781,5104045332237.873,1176723791,851602577,276973413.0,20341205.0,0.5100526321068389,43.51921356565733,96353.64593064021,0.4974298071307115,2214.0484176091945,-0.6732413583790527,3.773202531742346,11.47578051361065
ANDHRA PRADESH,2023,7663.0,12393.0,20317775.0,100356722.0,429719.0,641272.0,219917.0,40240.9,53156.0,19.042814648777732,30.79702491743475,2.4938985460066747,0.504903593110492,80841.10918805026,120639.6267589736,0.214613050459156,0.5410228897940139,0.0689260673586541,0.1576852301461629,0.3778179701265849,0.1133056487524085,0.2645123213741764,12.301005481421964,3965913589,8033362248535.126,1830016550,1777024322,358872717.0,23903359.0,0.5940065704295878,74.60895456768756,151128.04290268503,0.6872049132294685,2025.6019371719917,-0.5208648983513957,4.312260534425565,11.925882722719747
ARUNACHAL PRADESH,2019,155.0,207.0,91622.0,1548936.0,16659.0,3869.0,155103.0,1034.1,1504.0,14.988879218644232,20.017406440382945,1.4978590078328984,0.0886007155981046,110764.62765957449,25724.73404255319,0.0722751839926845,0.0114532224040855,0.1070479419784067,0.024101708698672,0.041864203198385,0.0655748253385393,-0.0237106221401543,11.951844691337335,776624,1990153904.2255032,279732,488744,8148.0,88991.0,0.086056474228798,0.5163723404255319,1323.2406278095102,0.008531367077422811,2562.5706960195707,-2.4527515211676305,-0.6609271837494827,7.187839028007184
ARUNACHAL PRADESH,2020,164.0,249.0,114234.0,1668551.0,17171.0,4338.0,182171.0,1058.1,1519.0,15.499480200359136,23.53274737737454,1.5769312919383802,0.1079614403175503,113041.47465437787,28558.26201448321,0.0835749163676069,0.036081571387332,0.1099485927072591,0.0280896249653138,0.0598282438774695,0.0690191088362865,-0.0091908649588169,12.112701085387862,2110367,5954407867.609406,866832,1012783,230752.0,169049.0,0.1597665627067385,1.3893133640552995,3919.9525132385825,0.021517983176458286,2821.5034956523705,-1.834041512183359,0.32880964239892496,8.273834818741385
ARUNACHAL PRADESH,2021,169.0,254.0,130083.0,1603533.0,19525.0,5897.0,181537.0,1081.7,1533.0,15.623555514467968,23.481556808727003,1.482419339927891,0.1202579273365997,127364.64448793216,38467.05805609915,0.0700687962898641,0.0517236600984503,0.12819598179928,0.0420352959834408,0.0608962281941572,0.0851156388913604,-0.0242194106972032,12.10921476866039,5037736,14846765417.099852,2144552,1640726,1252458.0,279538.0,0.25842470185818617,3.286194390084801,9684.778484735716,0.05334878556291949,2947.110649922872,-1.3531509162162247,1.189730174920997,9.17831070358528
ARUNACHAL PRADESH,2022,172.0,274.0,135606.0,1946181.0,24121.0,6053.0,190851.0,1103.9,1548.0,15.581121478394785,24.82108886674518,1.7630048011595254,0.1228426487906513,155820.4134366925,39102.06718346253,0.1101655338013561,0.0550116269962457,0.1644479772691842,0.0429290098460054,0.0825885803988009,0.1036884935575948,-0.0210999131587938,12.159248297876704,11103928,30914662515.980244,5524678,2401306,3177944.0,378277.0,0.34267324938853155,7.173080103359173,19970.71221962548,0.10464033313750244,2784.119504015178,-1.0709779115418356,1.9703351444260353,9.90202209025189
ARUNACHAL PRADESH,2023,187.0,283.0,148780.0,2093419.0,26656.0,7510.0,204469.0,1125.5,1562.0,16.614837849844513,25.14438027543314,1.859990226565971,0.1321901377165704,170653.00896286813,48079.38540332906,0.124025122704832,0.0669023605674608,0.183344362982397,0.0555637160195396,0.0954637416361464,0.1194540395009683,-0.0239902978648219,12.22817165373213,27121308,57221528096.05059,12956372,9635070,4529866.0,493307.0,0.43830031097290095,17.363193341869398,36633.50070169692,0.1791640820940921,2109.8365940186436,-0.8248509620597906,2.8543526405801627,10.508718420458305
ASSAM,2019,2404.0,3700.0,4565307.0,41005351.0,147091.0,67360.0,81034.0,22702.9,34293.0,10.58895559598113,16.29747741477961,1.806172383263812,0.2010891560109061,42892.42702592366,19642.492636981307,0.1163343466865414,0.1545472752979343,0.0205803186878849,0.0155415428279954,0.1354408109922379,0.0180609307579402,0.1173798802342977,11.302624098669314,13967217,22214537015.4834,4978222,8588416,400579.0,1461630.0,0.06438076192909276,0.4072906132446855,647.7863416873239,0.007994006734053902,1590.4769730063906,-2.742940418308988,-0.8982283108867711,6.4735609223644826
ASSAM,2020,2957.0,3926.0,5328692.0,44199128.0,164299.0,72954.0,90123.0,23178.0,34668.0,12.757787557166278,16.938476141168348,1.90694313573216,0.2299030114764,47392.11953386408,21043.61370716511,0.1307348733311605,0.1912007424713123,0.026312823499389,0.0175134850719658,0.1609678079012364,0.0219131542856774,0.1390546536155589,11.408930682940186,27206629,56679473553.30218,11721338,12542472,2942819.0,2534072.0,0.10933091724911555,0.78477642206069,1634.9219324247772,0.018141006540225883,2083.2964478363774,-2.213376057841535,-0.24235641442809894,7.399350334438964
ASSAM,2021,3020.0,4218.0,6014883.0,47975276.0,173014.0,83235.0,86947.0,23658.0,35043.0,12.765237974469525,17.829064164341872,2.027866937188266,0.2542430890185138,49371.91450503667,23752.24723910624,0.1480153478952881,0.2221632158638695,0.0288350367790767,0.0213256245071174,0.1850892818795788,0.0250803306430971,0.1600089512364816,11.373054016599507,55090978,126623992236.7572,23269877,18078968,13742133.0,3929145.0,0.16608102967283794,1.5720965100019975,3613.3890430829897,0.041558524653903986,2298.452429665656,-1.7952794791632956,0.4524100852535753,8.19240140403407
ASSAM,2022,3043.0,4426.0,5531837.0,51977238.0,189483.0,95992.0,103371.0,24096.3,35378.0,12.628494831156653,18.367965206276484,2.1570630345737727,0.2295720504807792,53559.5567867036,27133.24665046074,0.1664779652441579,0.1907797343211471,0.0341699967760436,0.0260840538163094,0.1786288497826525,0.0301270252961765,0.1485018244864759,11.546079737502389,136368851,304054245176.4786,61297563,37635122,37436166.0,5551092.0,0.23037113581753216,3.8546229577703657,8594.444151067855,0.08314173366870646,2229.6458681497475,-1.4680636365781552,1.3492731962061262,9.058871244529383
ASSAM,2023,3085.0,4670.0,5233473.0,56882605.0,207312.0,112374.0,121573.0,24538.6,35713.0,12.572029374128924,19.031240576071983,2.3180868101684693,0.2132751257202937,58049.44978019209,31465.852770699745,0.1894888797612142,0.1700487773879172,0.0398900172314174,0.0321817774297751,0.1797688285745657,0.0360358973305962,0.1437329312439695,11.708270184386103,361442763,662579690506.7854,152381670,150424553,58636540.0,7478158.0,0.30475080077918054,10.120761711421611,18552.89923856258,0.15260706932100532,1833.152461007458,-1.1882608829648793,2.3145889289538677,9.82838134900704
BIHAR,2019,6917.0,7733.0,10079827.0,125866480.0,353169.0,124996.0,40715.0,69542.5,119520.0,9.946435632886365,11.119818815832046,1.8099217025559908,0.1449448466764928,29548.94578313253,10458.165997322623,0.1168701387794224,0.0831273432577629,0.0035810303383958,0.0026154923470116,0.0999987410185926,0.0030982613427037,0.0969004796758889,10.614351853901232,73844614,116110682066.13985,40908581,31306648,1629385.0,5903371.0,0.0848886795844268,0.617843155957162,971.4749168853735,0.023860368829310415,1572.3649400637378,-2.466414532783356,-0.481520646684903,6.87881544952934
BIHAR,2020,7463.0,8235.0,12646671.0,134966208.0,375707.0,139590.0,44175.0,71482.8,121302.0,10.440273744173425,11.520253823297352,1.8880934714364852,0.1769190770367137,30972.86112347694,11507.642083395163,0.1280411840782471,0.1238010533173512,0.0053950657475476,0.0040925283235613,0.1259211186977992,0.0047437970355544,0.1211773216622447,10.695914297187898,143930233,320833212775.9124,75222861,58047174,10660198.0,9579162.0,0.1340065302422401,1.186544599429523,2644.9128025581804,0.059873521280321,2229.0883999049206,-2.0098667470676017,0.17104538525551724,7.880393376852261
BIHAR,2021,7584.0,8550.0,13722593.0,142163767.0,397492.0,163964.0,42128.0,73449.0,123083.0,10.325532001797166,11.640730302658987,1.9355439420550316,0.1868315838200656,32294.6304526214,13321.417255023032,0.1348220381425919,0.1364105335871672,0.0070789694866694,0.0066452412604444,0.1356162858648796,0.0068621053735569,0.1287541804913227,10.64846788173609,336121711,822568246527.9785,170777072,115309870,50034769.0,14274751.0,0.19434915383463355,2.7308540659554934,6683.037028086564,0.15863646572556409,2447.233307484795,-1.6380989755156954,1.0046144049435195,8.807327808134142
BIHAR,2022,7640.0,9284.0,14316914.0,153926494.0,442417.0,195592.0,47296.0,75318.8,124919.0,10.143549817575426,12.32627179402752,2.043666309075556,0.190084202085004,35416.309768730134,15657.506063929426,0.1502731386754317,0.140548117220993,0.0110559171709806,0.0099330600692392,0.1454106279482123,0.0104944886201099,0.1349161393281024,10.764181004307874,828700722,1836128822596.8748,410957135,293026594,124716993.0,19351497.0,0.256927845371939,6.633904546145903,14698.555244573481,0.310777977938377,2215.671802681107,-1.358959990814259,1.8921935518391768,9.595504485254692
BIHAR,2023,7832.0,9680.0,16096444.0,158631066.0,478429.0,231859.0,54637.0,77212.0,126756.0,10.143501010205668,12.536911360928354,2.054487204061545,0.2084707558410609,37744.09100949857,18291.757392155007,0.1518194860306655,0.1639372449042443,0.014021456958263,0.0136405137546525,0.1578783654674549,0.0138309853564578,0.1440473801109971,10.90846658790572,1784928984,3408588350078.5093,798460459,797788818,188679707.0,24855994.0,0.3219187950059576,14.08161336741456,26890.942835672548,0.49217458564109573,1909.649280522025,-1.1334559546653205,2.6448699299193255,10.19954481133594
CHANDIGARH,2019,442.0,707.0,573780.0,4185926.0,68300.0,77956.0,307812.0,800.3,1179.0,55.229289016618765,88.34187179807572,5.230446082718981,0.7169561414469574,579304.4953350297,661204.4105173877,0.6056761789107399,0.8107702385578649,0.7039569621150793,0.9184778235771612,0.7082232087343023,0.8112173928461202,-0.1029941841118178,12.637244485981745,2217558,4668563332.842735,1134987,1008318,74253.0,207673.0,0.2594939397725853,1.8808804071246819,3959.7653374408274,0.012864233159983455,2105.272255716755,-1.3490219301264037,0.6317399688849211,8.283940044270675
CHANDIGARH,2020,454.0,667.0,689948.0,4354455.0,72552.0,78002.0,330703.0,816.9,1193.0,55.57595788958257,81.65014077610478,5.330462724935733,0.8445929734361611,608147.5272422464,653830.6789606035,0.6199689403109294,0.9731342247669574,0.7407023216912532,0.9081000103660494,0.7965515825389434,0.8244011660286512,-0.0278495834897077,12.7089759705949,5949334,11492301628.334667,2544405,2983605,421324.0,316683.0,0.3876643408005876,4.986868398994132,9633.111172116234,0.029129191970185438,1931.6954852988026,-0.9476154148041265,1.6068081374037098,9.17296152344845
CHANDIGARH,2021,442.0,736.0,722264.0,4275328.0,81320.0,80793.0,290417.0,834.3,1208.0,52.97854488793,88.2176675056934,5.124449238882896,0.8657125734148388,673178.8079470198,668816.2251655629,0.5905288237851888,1.0,0.8235506783024076,0.9291907156872202,0.7952644118925944,0.876370696994814,-0.0811062851022195,12.579073100164289,8787462,16365180842.437569,3091875,4605443,1090144.0,420246.0,0.5037108953613808,7.274389072847682,13547.335134468187,0.046647872316249346,1862.3330425141603,-0.6857527958085636,1.9843598332904857,9.513945137923017
CHANDIGARH,2022,438.0,755.0,688165.0,4526153.0,89738.0,82007.0,337406.0,847.9,1219.0,51.65703502771554,89.04351928293431,5.338074065337894,0.8116110390376223,736160.787530763,672739.9507793273,0.6210566300182879,0.931178636725674,0.9037882723968352,0.9347129795773176,0.7761176333719809,0.9192506259870764,-0.1431329926150955,12.729042231982715,19171048,30009017419.684216,5910181,10934707,2326160.0,509170.0,0.6005071352753862,15.726864643150122,24617.733732308625,0.07296175448068092,1565.3300445382129,-0.5099807553089013,2.755370373817397,10.111222345635984
CHANDIGARH,2023,449.0,744.0,719278.0,6633819.0,99918.0,77839.0,408512.0,862.4,1231.0,52.06400742115027,86.2708719851577,7.69227620593692,0.8340422077922078,811681.5597075549,632323.314378554,0.957481136356713,0.9597128295410472,1.0,0.8778304771484431,0.95859698294888,0.9389152385742215,0.0196817443746585,12.92027656861573,36864527,48855249989.82359,9986293,23913895,2964339.0,587987.0,0.6818031076066791,29.946813160032494,39687.44922000292,0.09715124456565026,1325.2645284130078,-0.38301436134404726,3.3994229135588565,10.588790276138239
CHHATTISGARH,2019,2634.0,3279.0,2196361.0,39671833.0,142656.0,94404.0,102024.0,18850.3,28724.0,13.973252415080928,17.39494862150735,2.104573030667947,0.1165159705681076,49664.39214594068,32865.89611474725,0.1589769425634012,0.0469635997954348,0.0292076465698082,0.0341522028785586,0.102970271179418,0.0316799247241834,0.0712903464552346,11.532963358706736,23052352,36919605442.13843,9791781,11994013,1266558.0,1925189.0,0.10213041702254076,0.8025467205124635,1285.3225679619284,0.012598237355543091,1601.554819314681,-2.2815046841483286,-0.2199652069654897,7.158764991478959
CHHATTISGARH,2020,2823.0,3594.0,2621265.0,40993071.0,160542.0,104647.0,106611.0,19248.6,29109.0,14.6660016832393,18.671487796515077,2.1296650665502947,0.1361795143542907,55152.0148407709,35950.04981277268,0.1625626906345489,0.0719771582045918,0.0361987517278431,0.0384928505880646,0.1172699244195704,0.0373458011579538,0.0799241232616165,11.576941974883646,58052733,100716908852.8911,24728887,27495707,5828139.0,3094859.0,0.16078358945585652,1.9943224775842523,3459.9920592562817,0.0324543626760492,1734.9210562212652,-1.8276959830680832,0.6903043824277543,8.149021573036501
CHHATTISGARH,2021,2844.0,3829.0,3269960.0,42380082.0,173217.0,115659.0,106117.0,19650.0,29493.0,14.473282442748092,19.486005089058523,2.156747175572519,0.1664101781170483,58731.563421828905,39215.74610924626,0.1664328277826219,0.1104329158238601,0.0407590143297247,0.0430890019271842,0.138432871803241,0.0419240081284545,0.0965088636747865,11.572297537968923,137726923,244467951742.51212,56217444,57899892,23609587.0,4682835.0,0.23831221374045802,4.669817346488998,8289.016096786088,0.0781120470498232,1775.019338394078,-1.4341736425590628,1.5411199588150508,9.02268655553512
CHHATTISGARH,2022,2897.0,4156.0,3314286.0,44757758.0,197250.0,138103.0,123493.0,20009.0,29836.0,14.478484681893148,20.770653206057275,2.236881303413464,0.1656397621070518,66111.40903606382,46287.37096125486,0.1778843016959412,0.1094528866859314,0.0501607679866925,0.0530416292025398,0.1436685941909363,0.0516011985946162,0.0920673955963201,11.723939753281844,347830466,558727312374.3186,136062854,152446822,59320790.0,6380734.0,0.31889319806087263,11.658079702372973,18726.615912800597,0.15164111255537235,1606.3207998988755,-1.1428990345731147,2.4559994763106565,9.837701101740844
CHHATTISGARH,2023,2979.0,4390.0,3583952.0,45493127.0,216407.0,165326.0,134996.0,20371.7,30180.0,14.623227320253095,21.5495024961098,2.2331531978185426,0.1759279785192203,71705.43406229292,54779.98674618953,0.1773515411216815,0.1225402988508053,0.0572874272688421,0.0649941636297937,0.1499459199862434,0.0611407954493179,0.0888051245369255,11.813000427351971,719754516,1016183070075.9812,259514284,376947206,83293026.0,8004123.0,0.39290402862794954,23.848724850894634,33670.74453532078,0.24942031271534548,1411.8467442529825,-0.9341898988995357,3.171730750533732,10.424384624631777
DELHI,2019,3716.0,8080.0,5882615.0,50850314.0,1210108.0,1314165.0,338730.0,14289.6,19814.0,26.00492665994849,56.54461986339716,3.5585540532975037,0.4116710754674728,610733.8245684869,663250.7318057939,0.3667564018239053,0.4224238696451076,0.7439972050283903,0.9213578226573368,0.3945901357345064,0.8326775138428636,-0.4380873781083572,12.732958608842678,81210271,108647790291.45103,26476060,48542988,6191223.0,5182927.0,0.362706233904378,4.098630816594327,5483.384995026297,0.01618807012967938,1337.8577482083645,-1.0141620453461448,1.4106529707653728,8.609477889066369
DELHI,2020,3825.0,8559.0,6713375.0,53149594.0,1238245.0,1370412.0,355798.0,14682.4,20193.0,26.051599193592327,58.2942843131913,3.619952732523293,0.4572396202255762,613205.0710642302,678656.9603327886,0.3755305083426903,0.4803906058713634,0.7471455162523822,0.9430405976145771,0.4279605571070268,0.8450930569334797,-0.4171324998264528,12.782118433062603,226222870,330387808912.8812,78427269,122142106,25653495.0,7506500.0,0.5112583773769955,11.20303421977913,16361.501951809103,0.045985367966680825,1460.4527336819713,-0.6708801856919028,2.4161846540911687,9.702686412288093
DELHI,2021,3747.0,8202.0,7113677.0,52543234.0,1400864.0,1353058.0,322311.0,15079.0,20571.0,24.849127926255058,54.393527422242855,3.484530406525632,0.4717605278864646,680989.7428418647,657750.2309075884,0.3561781390684988,0.4988623307994423,0.8335016297925436,0.9136164002242664,0.4275202349339706,0.8735590150084049,-0.4460387800744343,12.683272196913958,347718038,594187832026.6547,136175553,169847288,41695197.0,9968730.0,0.6611002055839247,16.903312332895823,28884.732488778118,0.08961758205204948,1708.820846465994,-0.4138498536701455,2.827509598753654,10.271068446921939
DELHI,2022,3712.0,7996.0,7372252.0,57770996.0,1489930.0,1425079.0,370824.0,15448.5,20965.0,24.02822280480305,51.7590704599152,3.739586108683691,0.4772147457681975,710674.9344145004,679741.9508704984,0.3926265761876205,0.5058005205298642,0.8713198814220188,0.9445676167431508,0.4492135483587424,0.9079437490825848,-0.4587302007238424,12.823482835498364,697547141,1179138455399.825,269537655,347027930,80981556.0,12414526.0,0.8036072110560896,33.27198383019318,56243.18890531004,0.15167084359510183,1690.406835743629,-0.21864467264198517,3.5047157164520693,10.937440226607327
DELHI,2023,3775.0,7887.0,8354710.0,126406800.0,1658866.0,1535986.0,417217.0,15821.0,21359.0,23.86069148599962,49.85146324505404,7.989811010682005,0.5280772391125719,776659.0196170233,719128.2363406527,1.0,0.5705015714665137,0.9553820890592452,1.0,0.7852507857332569,0.9776910445296224,-0.1924402587963656,12.941361749121343,1390114904,2117683265358.796,467613563,807917435,114583906.0,14595060.0,0.9225118513368308,65.08333274029683,99147.1166889272,0.23763920618988968,1523.387210125758,-0.08065505617238217,4.175668490939729,11.504360053231881
GOA,2019,697.0,1008.0,439323.0,5782595.0,71135.0,19416.0,423716.0,1045.3,1540.0,66.67942217545203,96.43164641729648,5.531995599349469,0.4202841289581938,461915.5844155844,126077.92207792208,0.6487687602653676,0.4333803441704538,0.5544061882620992,0.1653391042494296,0.5410745522179107,0.3598726462557644,0.1812019059621462,12.956818698469515,2082749,4317080588.455332,969161,1069226,44362.0,248825.0,0.2380417105137281,1.3524344155844157,2803.299083412553,0.006615985904267371,2072.7800558086124,-1.4353093664065342,0.3019062393127909,7.93855224665441
GOA,2020,697.0,1001.0,491872.0,5976224.0,76533.0,20146.0,435949.0,1060.6,1549.0,65.71751838581935,94.38053931736754,5.6347576843296245,0.4637676786724495,494080.05164622335,130058.10200129116,0.6634538559559865,0.4886948043940121,0.5953829800837028,0.1709408221141569,0.5760743301749993,0.3831619010989299,0.1929124290760694,12.985280543012294,6628530,13255529063.79043,3214179,2815876,598475.0,410941.0,0.3874608712049783,4.279231762427372,8557.475186436688,0.019629532781212225,1999.7690383524598,-0.9481404128228498,1.4537734987226332,9.054560470772522
GOA,2021,687.0,989.0,529515.0,5868775.0,85771.0,22166.0,423047.0,1076.7,1559.0,63.80607411535247,91.85474133927742,5.450705860499675,0.4917943716912789,550166.7735728031,142180.8851828095,0.6371521451110025,0.5243469396583893,0.6668361744382599,0.1880024656643422,0.5807495423846959,0.427419320051301,0.1533302223333948,12.955238562967144,14189295,25224579440.47266,5747525,6298227,2143543.0,596406.0,0.553920312064642,9.101536241180243,16179.973983625825,0.038246279925459405,1777.7190086239423,-0.59073444361952,2.2084432169868125,9.691529582677063
GOA,2022,663.0,1027.0,545107.0,6013367.0,92900.0,24092.0,459094.0,1090.0,1567.0,60.825688073394495,94.22018348623853,5.516850458715596,0.5000981651376146,592852.5845564774,153746.01148691768,0.6466044616381137,0.5349100113328574,0.7212169163256358,0.2042792611542085,0.5907572364854856,0.4627480887399221,0.1280091477455635,13.037010261103775,38155824,61083005672.85698,14620846,18413048,5121930.0,759279.0,0.6965862385321101,24.349600510529676,38980.858757407135,0.08490822959439055,1600.8828867870075,-0.36156367643901305,3.192515443255605,10.570826003537379
GOA,2023,668.0,1038.0,576839.0,6320770.0,102038.0,27004.0,532854.0,1103.3,1575.0,60.54563581981329,94.08139218707514,5.728967642526965,0.5228305991117557,647860.3174603175,171453.96825396825,0.6769168199606997,0.5638274369595663,0.7912955034701447,0.2292014957465183,0.620372128460133,0.5102484996083315,0.1101236288518014,13.186002744423966,81550319,119463175405.89644,27552244,46985750,7012325.0,904953.0,0.8202238738330463,51.77798031746032,75849.63517834694,0.14234599942638498,1464.9013869080811,-0.19817795911659314,3.9469649684923827,11.23650817498722
GUJARAT,2019,8150.0,11476.0,9404949.0,98768872.0,674922.0,591533.0,197457.0,46986.9,67936.0,17.345260061847025,24.42382876929527,2.1020512525831667,0.2001610874520345,99346.73810645314,87072.09726801695,0.1586165708125492,0.1533666998453372,0.0925018131740521,0.1104421825341127,0.1559916353289432,0.1014719978540824,0.0545196374748608,12.193276118099556,63581519,95224986625.66844,28708832,31867199,3005488.0,6920980.0,0.14729594844520494,0.9359031882948657,1401.6866849044459,0.0070986933099583495,1497.6834168694277,-1.9153114613554807,-0.06624323916283582,7.245431565376156
GUJARAT,2020,8626.0,12111.0,11538101.0,103155310.0,738912.0,611499.0,212428.0,47943.2,68862.0,17.992124013415875,25.261142351782944,2.151615036126082,0.2406618874000901,107303.30225668728,88800.64476779646,0.1656994253912334,0.2048868701734408,0.1026382929876772,0.1128749457749635,0.1852931477823371,0.1077566193813203,0.0775365284010167,12.266358386403535,153082679,259251072361.4629,61283830,77563492,14235357.0,10722212.0,0.22364406214019925,2.2230356219685747,3764.79150128464,0.017722670746251154,1693.5362906829118,-1.4976994992424555,0.7988736591310337,8.233447760555718
GUJARAT,2021,8582.0,12283.0,12769737.0,105125462.0,830161.0,659772.0,207324.0,48908.0,69788.0,17.5472315367629,25.114500695182794,2.149453300073608,0.2610971006788256,118954.6913509486,94539.46237175446,0.165390505026348,0.2308820522479153,0.1174818948395138,0.1209517758965755,0.1981362786371316,0.1192168353680446,0.078919443269087,12.242038065962785,273898749,502651740461.2488,101172999,123999143,48726607.0,15212633.0,0.3110459025108367,3.9247255831948187,7202.552594446735,0.03474056353556142,1835.1735533529172,-1.167814781196327,1.3672964336805962,8.882190769180788
GUJARAT,2022,8599.0,13570.0,14327974.0,108522063.0,928468.0,758868.0,241584.0,49774.1,70648.0,17.27605320839553,27.263175024761875,2.1802918184356925,0.2878600316228721,131421.6962971351,107415.3549994338,0.1697974474622821,0.2649265837753167,0.1333645725364774,0.1390733480730737,0.2173620156187994,0.1362189603047756,0.0811430553140238,12.39497251768425,613091145,1135875409592.921,224890114,273262841,114938190.0,19483483.0,0.3914381776867889,8.67811042067716,16077.95563346338,0.0665522370416227,1852.7023573190263,-0.937927687420881,2.160803811503223,9.68520439742791
GUJARAT,2023,8862.0,14297.0,15470786.0,115748971.0,1027453.0,828364.0,272451.0,50645.8,71507.0,17.497995885147436,28.22938920897685,2.285460413301794,0.3054702660437786,143685.65315283815,115843.76354762472,0.1848264426364736,0.2873281728314975,0.1489885716340458,0.1509355170314198,0.2360773077339856,0.1499620443327328,0.0861152634012527,12.515214060402746,1239112850,2068555140371.5952,412486880,668000128,158625842.0,23551635.0,0.4650264187751008,17.32855314864279,28928.009011307917,0.10617692359840088,1669.3839793297238,-0.765661060438558,2.852355611993059,10.27256557470001
HARYANA,2019,5008.0,6433.0,5471358.0,51270033.0,409974.0,278875.0,223022.0,19709.4,28672.0,25.40919561224593,32.639248277471665,2.6012985174586745,0.2776014490547657,142987.58370535713,97263.88113839286,0.2299609178972963,0.2518768681669431,0.1480992472059016,0.1247861315211721,0.2409188930321197,0.1364426893635368,0.1044762036685828,12.31502570028472,56065374,96628625080.15952,27294770,26761469,2009135.0,4759566.0,0.24148710767451065,1.9554050641741072,3370.1389885658314,0.015111240095442742,1723.4991615352376,-1.4209391916850622,0.6705973659265768,8.122709265393816
HARYANA,2020,5224.0,6968.0,7052823.0,54161437.0,475352.0,308058.0,232530.0,20142.7,29077.0,25.934954102478816,34.593177677272664,2.688886643796512,0.350142880547295,163480.41407297863,105945.59273652716,0.2424775967568341,0.3441552160300201,0.1742066419837501,0.1370047999964689,0.2933164063934271,0.1556057209901095,0.1377106854033175,12.356774527943667,160512982,290656200867.4215,67908289,80232318,12372375.0,7305629.0,0.3626936309432201,5.520273136843553,9996.086283571947,0.04298837261244548,1810.7955957569932,-1.0141967929709237,1.708427340377082,9.209948923727508
HARYANA,2021,5225.0,6963.0,7643585.0,54791434.0,538565.0,321936.0,225137.0,20581.0,29483.0,25.387493319080704,33.83217530732229,2.6622338078810555,0.3713903600408143,182669.67404945224,109193.77268256283,0.2386688043805368,0.3711836639607518,0.1986533180511083,0.1415762987683524,0.3049262341706443,0.1701148084097303,0.1348114257609139,12.32446438477782,310989848,588403258619.7633,129734133,144201675,37054040.0,10053988.0,0.4885082357514212,10.548107316080452,19957.37403316363,0.08864546490876057,1892.0336544868928,-0.7163989483754559,2.3559464425083454,9.901353979745739
HARYANA,2022,5190.0,7075.0,8122278.0,60376428.0,614014.0,372955.0,265163.0,20968.5,29846.0,24.75141283353602,33.74108782220951,2.879387080620931,0.3873561771228271,205727.4006567044,124959.79360718354,0.2697008391074685,0.3914934261518103,0.2280283316737435,0.1637654466886693,0.3305971326296394,0.1958968891812064,0.134700243448433,12.488100010214994,683415412,1203927461067.9343,270689657,326511490,86214265.0,12718254.0,0.6065409542885757,22.8980570930778,40337.983685181745,0.1521252349882214,1761.633466158844,-0.499983027257709,3.1310520638637755,10.60504882724418
HARYANA,2023,5326.0,7263.0,9017016.0,66351754.0,702370.0,453537.0,289213.0,21359.3,30209.0,24.935274096061203,34.003923349547975,3.1064573277214143,0.4221587786116586,232503.5585421563,150133.07292528715,0.3021500474687719,0.4357650444621985,0.2621405412616389,0.1991943999483069,0.3689575459654852,0.2306674706049729,0.1382900753605123,12.57491871984705,1326036215,2086557819907.584,456564804,746864612,122606799.0,15150515.0,0.7093170188161597,43.89540252904764,69070.73454624727,0.23882306309276302,1573.5300411139856,-0.34345271724245946,3.781809588607173,11.14288639683532
HIMACHAL PRADESH,2019,1635.0,1829.0,939105.0,13464595.0,95529.0,30332.0,174804.0,5366.8,7300.0,30.465081612879185,34.07989863605873,2.508868413207125,0.1749841618841768,130861.64383561644,41550.68493150685,0.2167523018411898,0.1213396906194049,0.1326510785755712,0.0463752022411215,0.1690459962302974,0.0895131404083463,0.079532855821951,12.071420625236948,5537320,9182031566.192154,2394091,2976831,166398.0,664582.0,0.1238320787061191,0.7585369863013699,1257.8125433139937,0.007195559273895299,1658.2085857765405,-2.0888288351228765,-0.2763637189547521,7.137129414482953
HIMACHAL PRADESH,2020,1652.0,1855.0,1002960.0,14095312.0,103545.0,32327.0,186559.0,5444.6,7347.0,30.341990228850605,34.070455129853435,2.588860889688866,0.1842118796605811,140935.07554103716,44000.27221995373,0.2281835332325223,0.1330780659648243,0.1454843989897507,0.0498227591704793,0.1806307995986733,0.097653579080115,0.0829772205185583,12.136502821924068,13223599,24381652096.814342,5320058,6480425,1423116.0,1132310.0,0.2079693641406164,1.799863753913162,3318.5861027377628,0.017788399931055392,1843.7985072607194,-1.5703644979142282,0.5877109697668489,8.107294098531666
HIMACHAL PRADESH,2021,1683.0,1929.0,1134908.0,13811004.0,112344.0,35899.0,173565.0,5523.0,7394.0,30.47256925583922,34.92667028788702,2.5006344378055405,0.2054875973202969,151939.4103327022,48551.52826616175,0.2155756352067027,0.1601424350411646,0.1595036685352369,0.0562282113841599,0.1878590351239337,0.1078659399596984,0.0799930951642352,12.064307447978548,26791652,48344454803.5383,9235727,11283234,6272691.0,1638990.0,0.29675719717544813,3.623431430889911,6538.335786250785,0.037670819498463314,1804.4596430088857,-1.2148409924572399,1.2874214859411803,8.785437945134909
HIMACHAL PRADESH,2022,1674.0,2178.0,1205487.0,15319423.0,123672.0,40942.0,193016.0,5587.9,7431.0,29.957586928899943,38.97707546663326,2.741534923674368,0.2157316702160024,166427.12959224868,55096.21854393756,0.25000123768045,0.1731736932167354,0.1779606898131386,0.0654392292662588,0.2115874654485927,0.1216999595396987,0.0898875059088939,12.170528366005282,53985001,90944937659.4068,19009082,21197631,13778288.0,2050007.0,0.36686536981692586,7.2648366303323915,12238.586685426833,0.06340710969778067,1684.6334347461955,-1.0027603379656194,1.9830458095474353,9.412349082522612
HIMACHAL PRADESH,2023,1734.0,2271.0,1284705.0,16594860.0,136486.0,46720.0,214952.0,5653.1,7468.0,30.673435813978173,40.17264863526207,2.935532716562594,0.2272567263979055,182761.11408677025,62560.257096946974,0.2777242656131995,0.1878344618507909,0.1987698105565327,0.0759441408306622,0.2327793637319952,0.1373569756935975,0.0954223880383977,12.278170026370557,102815660,146493015745.569,32300513,54526212,15988935.0,2420834.0,0.42823123595903134,13.767495982860204,19616.097448522898,0.09125803643847416,1424.8122877932117,-0.8480919583618184,2.6223104503701973,9.884105806531657
JAMMU AND KASHMIR,2019,1830.0,2614.0,1805158.0,21661174.0,118122.0,54282.0,98738.0,9180.3,13496.0,19.93398908532401,28.47401501040271,2.3595279021382742,0.1966338790671329,87523.71072910492,40220.80616478957,0.1954109705908995,0.1488798162033865,0.0774395480953622,0.0445035266413069,0.172145393397143,0.0609715373683346,0.1111738560288084,11.500225156391997,5614196,10453042388.342484,2834974,2587669,191553.0,784387.0,0.08544241473590188,0.4159896265560166,774.5289262257323,0.007844284127952078,1861.894808863546,-2.4599126418112234,-0.8770949551952066,6.65225500741738
JAMMU AND KASHMIR,2020,1835.0,2690.0,2607118.0,22158550.0,132981.0,61014.0,101868.0,9396.9,13600.0,19.527716587385203,28.626461918292204,2.3580702146452555,0.2774444763698666,97780.14705882352,44863.23529411765,0.1952026614628185,0.2516771866921763,0.0905060121937966,0.0510372961417256,0.2234399240774974,0.0707716541677611,0.1526682699097363,11.531433136525967,4678582,14136785668.18799,2322457,1971650,384475.0,1078683.0,0.11479136736583341,0.34401338235294115,1039.4695344255874,0.010204083072462278,3021.5962161586544,-2.1646389950858493,-1.0670747201766269,6.946465798956689
JAMMU AND KASHMIR,2021,1875.0,2786.0,2712271.0,22646991.0,149058.0,72089.0,101645.0,9616.4,13705.0,19.49794101742856,28.97134062642985,2.355038371947922,0.2820463999001705,108761.7657789128,52600.51076249544,0.1947693995244505,0.2575311916605288,0.104496341986316,0.0619267622085863,0.2261502955924896,0.0832115520974512,0.1429387434950384,11.529241629455164,19546667,50942785186.26042,7887433,6694999,4964235.0,1645988.0,0.17116467701010774,1.426243487778183,3717.094869482701,0.03656938235508585,2606.2133859578425,-1.765129162438146,0.3550440562087431,8.220697693103826
JAMMU AND KASHMIR,2022,1897.0,2843.0,2810884.0,23707551.0,160684.0,82715.0,112898.0,9829.8,13804.0,19.29845978555006,28.92225681092189,2.411804004150644,0.2859553602311339,116403.9408866995,59921.03738046943,0.2028814258714871,0.2625036934954388,0.1142322973873654,0.0722296946198441,0.2326925596834629,0.0932309960036048,0.1394615636798581,11.634240035188991,55720249,114013429389.9702,20521036,17445476,17753737.0,2357661.0,0.2398483183788073,4.036529194436396,8259.448666326442,0.07315850295245657,2046.1758774618936,-1.4277485621955723,1.3953852124382968,9.019113116869208
JAMMU AND KASHMIR,2023,1967.0,2987.0,3072153.0,25126764.0,171157.0,95578.0,310584.0,10045.3,13903.0,19.58129672583198,29.7352990950992,2.501345305764885,0.3058298905956019,123107.96231029274,68746.31374523485,0.2156772209618807,0.2877856432564736,0.1227730665620051,0.0846504166036421,0.2517314321091771,0.1037117415828236,0.1480196905263534,12.646209675169615,142778670,227741026462.60715,47232275,66746144,28800251.0,3148217.0,0.31340198898987587,10.26963029561965,16380.711102827243,0.05274164510350579,1595.063369497749,-1.160268602590643,2.3291910248134067,9.703859769335764
JHARKHAND,2019,3051.0,3481.0,3328128.0,45663953.0,218585.0,63245.0,75421.0,23619.1,37403.0,12.9175116748733,14.738072153469014,1.9333485611221424,0.1409083326629719,58440.4994251798,16909.07146485576,0.1345083097953804,0.0779925832091937,0.0403882054892757,0.0116945171893256,0.1062504465022871,0.0260413613393007,0.0802090851629863,11.23084102980692,30875407,42693949424.77113,18823083,11585101,467223.0,2344245.0,0.09925208835222342,0.8254794267839478,1141.45788906695,0.015134483619508492,1382.7817532825115,-2.310092318303977,-0.1917909380597746,7.040061574415033
JHARKHAND,2020,3169.0,3629.0,4414091.0,47965103.0,234106.0,71055.0,75016.0,24237.1,37937.0,13.074996596127423,14.972913426111209,1.9789951355566464,0.182121252129999,61709.14937923399,18729.736141497742,0.1410313801831512,0.1304186250005383,0.0445523903876155,0.0142569264374459,0.1357250025918448,0.0294046584125307,0.1063203441793141,11.22545670309946,68994130,114851597681.96744,33742020,31096811,4155299.0,3782690.0,0.156070239426334,1.818650130479479,3027.4296249563076,0.04035711881407043,1664.6575249512885,-1.8574491203330357,0.5980945393534222,8.015469229890781
JHARKHAND,2021,3190.0,3700.0,4959862.0,50250909.0,256070.0,80679.0,69963.0,24863.0,38471.0,12.830310099344407,14.881550898926116,2.021112054056228,0.1994876724449986,66561.82579085545,20971.381040264096,0.1470500492134631,0.1525100635342399,0.0507345885776481,0.017411824587167,0.1497800563738515,0.0340732065824075,0.1157068497914439,11.155721809859802,149633676,277110290653.6448,65630876,63956066,20046734.0,5505298.0,0.22142533081285445,3.889518754386421,7203.095595478277,0.10295578513611876,1851.9246339550248,-1.507669853269973,1.358285436451864,8.882266156421215
JHARKHAND,2022,3206.0,4097.0,5248065.0,52988029.0,282989.0,92188.0,88500.0,25436.2,38969.0,12.60408394335632,16.106965663110056,2.083173941076104,0.2063226818471312,72619.00485000898,23656.752803510484,0.1559189306671943,0.1612047275666467,0.0584512954502767,0.021191225335181,0.1585618291169205,0.0398212603927289,0.1187405687241916,11.39075783099602,381445518,656317474256.5989,159336081,167424933,54684504.0,7352042.0,0.2890385356303221,9.78843485847725,16842.040448987627,0.19030554179647036,1720.6060716031243,-1.241195258477472,2.2812015723088326,9.731633447260704
JHARKHAND,2023,3298.0,4157.0,5736948.0,54789800.0,304044.0,109382.0,95839.0,26015.1,39466.0,12.67725282624322,15.97918132161706,2.106076855364769,0.2205237727319902,77039.47701819288,27715.50195104647,0.1591918448746866,0.1792696206594051,0.0640828753701306,0.0269035217755273,0.1692307327670459,0.045493198572829,0.1237375341942169,11.47042497923808,799633918,1218807520761.628,305136931,412840207,81656780.0,9222109.0,0.3544906227537084,20.261336796229667,30882.468979922665,0.3222327964599241,1524.2068818316784,-1.0370733853944891,3.0087144786887174,10.3379439549556
KARNATAKA,2019,10285.0,17869.0,17637535.0,125117732.0,934364.0,701678.0,205245.0,47511.7,65798.0,21.647299507279257,37.60968350953554,2.633408865605735,0.3712250877152364,142004.92416182862,106641.23529590564,0.2345496096826928,0.3709734246969541,0.146847361537846,0.1379838495438162,0.3027615171898235,0.1424156055408311,0.1603459116489924,12.23195966648202,166875428,257129595744.04065,78797116,82081438,5996874.0,10393952.0,0.21876615654670323,2.5361778169549227,3907.8633962132685,0.019039993160433963,1540.8475581200646,-1.5197518979726032,0.9306581512126806,8.270746057642132
KARNATAKA,2020,10778.0,17896.0,21089978.0,132963226.0,1061242.0,741838.0,222141.0,48212.2,66322.0,22.355337445708763,37.11923538025645,2.757875102152567,0.4374406892861143,160013.57015771538,111853.98510298242,0.2523363117946088,0.4552048244639913,0.1697899625351189,0.1453202901773689,0.3537705681293001,0.1575551263562439,0.1962154417730561,12.311067594376595,823773701,1063684025958.7844,325279720,460137775,38356206.0,17044952.0,0.35354022425859016,12.420821160399264,16038.177768444624,0.0721981883958595,1291.2332897585236,-1.0397580115514973,2.5193741902939437,9.682727269508351
KARNATAKA,2021,10875.0,18347.0,22558957.0,131364488.0,1256023.0,793376.0,221683.0,48917.0,66845.0,22.23153504916491,37.50638837214056,2.685456753275957,0.4611680397407854,187900.8153190216,118688.9071733114,0.2419874522593532,0.4853878613034389,0.2053176717696227,0.1549397812060488,0.3636876567813961,0.1801287264878358,0.1835589302935603,12.30900371246586,1464453019,2208931635280.9067,560268457,772292469,131892093.0,24058436.0,0.49182157532146287,21.908190874410952,33045.577609109234,0.14906680985510495,1508.3663365242492,-0.7096392800495349,3.086860579427384,10.405643027222487
KARNATAKA,2022,10780.0,19018.0,23427263.0,133941008.0,1382552.0,888922.0,268963.0,49507.4,67268.0,21.77452259662192,38.414459252556185,2.7054744947220013,0.47320729830288,205528.92905987988,132146.340013082,0.2448480642127014,0.5007027353933018,0.2277754834220605,0.1738798149239467,0.3727753998030016,0.2008276491730036,0.1719477506299979,12.502329102655192,3111517945,4662188858507.812,1176776723,1624598730,310142492.0,30809500.0,0.6223211075515983,46.25554416661711,69307.67762543574,0.2576848028369543,1498.364766303095,-0.4742990693712313,3.834181330646938,11.146310967287256
KARNATAKA,2023,11034.0,19238.0,25215292.0,143759011.0,1485253.0,1027656.0,310325.0,50102.1,67692.0,22.02302897483339,38.39759211689729,2.869321066382447,0.5032781460258153,219413.3723335106,151813.5082432193,0.2682623671034817,0.5389551945689994,0.2454639449626414,0.2015594499516271,0.4036087808362406,0.2235116974571342,0.1800970833791063,12.645375414384148,6230666456,8539485187066.939,2083731873,3683974614,462959969.0,36773789.0,0.7339769989681071,92.04435466524848,126152.05913648495,0.4065159401804075,1370.5572666056607,-0.30927758741433403,4.522270576795111,11.745243276856993
KERALA,2019,6622.0,9582.0,13756280.0,73495187.0,495762.0,334847.0,205437.0,26192.5,35125.0,25.282046387324616,36.58299131430753,2.805963042855779,0.525199198243772,141142.20640569396,95330.10676156584,0.2592082627766061,0.5668404794396406,0.1457482789495836,0.1220645313217885,0.4130243711081233,0.1339064051356861,0.2791179659724371,12.232894696573371,16465255,27144830559.195114,7782907,8401451,280897.0,2073323.0,0.07915712513123986,0.46876170818505336,772.8065639628502,0.0037617691261206607,1648.6128249574704,-2.536320476097254,-0.7576607245480009,6.650028776602984
KERALA,2020,6801.0,9931.0,14049449.0,76371710.0,545024.0,360892.0,208879.0,26449.6,35307.0,25.71305426169016,37.54688161635715,2.8874429102897587,0.531178127457504,154367.12266689326,102215.42470331662,0.2708520480341549,0.5744461428306408,0.1625965182382199,0.1317549496599588,0.4226490954323978,0.1471757339490893,0.2754733614833085,12.249510415923789,45705289,78115478537.69186,20220886,21458633,4025770.0,3898086.0,0.14737788095094065,1.2945106919307785,2212.4643424162873,0.010592086051811275,1709.1124516834773,-1.914755371878414,0.25813277968154774,7.701862260330197
KERALA,2021,6869.0,10356.0,13702398.0,76629780.0,607649.0,388732.0,194432.0,26708.0,35489.0,25.71888572712296,38.774898906694624,2.869169537217313,0.5130447057061555,171221.78703260166,109535.91253627885,0.2682407130051794,0.5513790187624983,0.1840689731675756,0.1420578274850678,0.4098098658838388,0.1630634003263217,0.2467464655575171,12.17783776651539,116222381,191469796669.54025,42634643,52285899,21301839.0,6650208.0,0.24899685487494383,3.2748846403110825,5395.18714727212,0.02774845265836961,1647.4434185747773,-1.3903150136215234,1.18628264413433,8.593262566112294
KERALA,2022,6814.0,10926.0,13611613.0,83172705.0,670289.0,424247.0,230280.0,26913.1,35633.0,25.318525179187837,40.59732992483215,3.0904171202871464,0.5057616179481368,188109.0562119384,119060.14088064437,0.2998578403661709,0.5421143641806407,0.2055829658799404,0.1554622567047432,0.4209861022734058,0.1805226112923418,0.2404634909810639,12.347051238789746,286929168,433839214641.3373,100339987,128590070,57999111.0,8855141.0,0.32902716520950764,8.0523438385766,12175.20878515245,0.05287132527858455,1512.0080599172034,-1.1116149625995404,2.0859632091232316,9.407157096481573
KERALA,2023,6921.0,11633.0,14497035.0,90843196.0,724013.0,489203.0,257307.0,27118.3,35776.0,25.521511304174677,42.89723175862794,3.349885354170431,0.5345849481715299,202373.9378354204,136740.5523255814,0.336936845176045,0.5787798839836312,0.2237560971323193,0.1803457239232298,0.4578583645798381,0.2020509105277745,0.2558074540520635,12.45802520349635,536308687,719106602321.3627,169868486,296439427,70000774.0,10759741.0,0.39677048340050813,14.990739238595706,20100.251630181203,0.07811778004555338,1340.8445914682018,-0.9243972929297004,2.7074326263485533,9.908487612883293
MADHYA PRADESH,2019,6747.0,10216.0,8708168.0,105532190.0,368951.0,262105.0,92337.0,52625.3,82232.0,12.820829524962328,19.412715937011285,2.005350848356209,0.1654749331595259,44867.083373869056,31873.84473197782,0.1447977125277195,0.1092432114335307,0.0230959854797132,0.0327559866118118,0.1270204619806252,0.0279259860457625,0.0990944759348626,11.433200206904234,91048445,127041494730.55975,51325916,37080392,2642137.0,6383958.0,0.12130967424413733,1.1072142839770405,1544.9155405506342,0.016731272843504057,1395.3175667147282,-2.1094087115203877,0.10184720678887513,7.34272452152732
MADHYA PRADESH,2020,7234.0,10577.0,10955380.0,110583441.0,396779.0,285989.0,101909.0,53781.3,83374.0,13.450771922582756,19.66668711987252,2.0561689843867663,0.2037024021360584,47590.25595509391,34301.940652961355,0.1520598188831105,0.1578715277978796,0.0265652447450697,0.0361732965223476,0.1549656733404951,0.0313692706337086,0.1235964027067864,11.531835537194867,247537259,383750765252.299,112759695,116727299,18050265.0,10260896.0,0.19078928921390892,2.968998236860412,4602.763034666671,0.045165422432431594,1550.2747618785704,-1.656585657739092,1.0882246019318043,8.434412061863494
MADHYA PRADESH,2021,7248.0,10763.0,12471562.0,112592643.0,453372.0,320452.0,101958.0,54949.0,84516.0,13.190412928351744,19.587253635188997,2.049038981601121,0.2269661322317057,53643.3338066165,37916.13422310568,0.151040914165463,0.1874648034500144,0.0342767267734593,0.0412599240312173,0.1692528588077387,0.0377683254023383,0.1314845334054003,11.53231624276216,516750101,932708630508.766,225371667,221055986,70322448.0,15131202.0,0.27536810497006314,6.114228086989446,11035.882324160702,0.10823949395006476,1804.9510366883624,-1.2896465128655656,1.8106185284629313,9.30890727237354
MADHYA PRADESH,2022,7338.0,11291.0,13117402.0,119624584.0,510313.0,359322.0,117402.0,55981.4,85548.0,13.107925132276078,20.169199055400544,2.136863029506229,0.2343171481956507,59652.24201617805,42002.38462617478,0.1635913071209294,0.1968158679976971,0.0419319376934083,0.0470109258259416,0.1802035875593133,0.044471431759675,0.1357321557996383,11.673359222006154,1229678935,2062216848055.2607,503026490,555472816,171179629.0,20115633.0,0.35932708006587905,14.37414007340908,24105.96212717142,0.20532837709043644,1677.0368177895646,-1.0235222187467938,2.66543076391383,10.090214480051536
MADHYA PRADESH,2023,7541.0,11495.0,14029167.0,129791040.0,547367.0,411420.0,127947.0,57021.8,86579.0,13.224766668186554,20.15895674987461,2.2761652560950374,0.2460316405304637,63221.68193210825,47519.60637105996,0.1834981290559646,0.2117176141649554,0.0464793220883056,0.0547758812317325,0.19760787161046,0.0506276016600191,0.1469802699504409,11.759371394654206,2426363819,3592556306516.2905,885843997,1294446929,246072893.0,24981019.0,0.43809593874623387,28.024853821365458,41494.54609681667,0.3243104261672151,1480.633810306702,-0.8253173543576517,3.333091752936251,10.633317278228695
MAHARASHTRA,2019,12943.0,25692.0,32407969.0,197887425.0,2607845.0,2426920.0,182865.0,88420.7,122153.0,14.637975044305236,29.05654445169513,2.238021470085625,0.3665201587411092,213490.0493643218,198678.7062127005,0.1780472358820972,0.3649883887855759,0.2379177676714048,0.267517678412165,0.2715178123338365,0.2527177230417849,0.0188000892920516,12.116503454667356,172083416,269058788305.77765,75895885,86446671,9740860.0,16274312.0,0.18405545307829502,1.4087530883400325,2202.6375799675625,0.012045156700120649,1563.537001763015,-1.6925181913520864,0.3427049786250148,7.697410821224977
MAHARASHTRA,2020,13578.0,27887.0,39746027.0,211184851.0,2807751.0,2511092.0,189843.0,89921.6,123295.0,15.099820287895232,31.012570950694823,2.348544187381008,0.4420075599188626,227726.2662719494,203665.355448315,0.1938413556664838,0.4610142394179521,0.2560543807347594,0.2745359043833733,0.3274277975422179,0.2652951425590664,0.0621326549831515,12.153952693766072,678328019,910226346683.9688,257195878,367705965,53426176.0,26163809.0,0.2909624495115745,5.501666888357192,7382.508185116742,0.03888743954276293,1341.8675348629065,-1.2345610596160799,1.7050511169322036,8.90686872233629
MAHARASHTRA,2021,13648.0,27471.0,43477791.0,220073570.0,3163108.0,2504795.0,182454.0,91435.0,124437.0,14.926450483950347,30.04429376059496,2.4068854377426585,0.4755049051238584,254193.52764852895,201290.21111084323,0.2021785438856274,0.5036254701273228,0.2897730632715858,0.2711931186996398,0.3529020070064751,0.2804830909856128,0.0724189160208623,12.114253365439014,1324814427,2009718002782.4543,492430510,661345730,171038187.0,36994904.0,0.4046033138294964,10.646467103835676,16150.485810349448,0.08851812407702461,1516.9807648708934,-0.9048481638977117,2.3652281097823757,9.689705409334563
MAHARASHTRA,2022,13590.0,28817.0,55676170.0,233188807.0,3491988.0,2717399.0,219620.0,92754.5,125411.0,14.65158024678048,31.068034434986984,2.514043059905449,0.6002530335455423,278443.5177137572,216679.4778767413,0.2174917786817454,0.6623148005267301,0.3206669931306899,0.2928520216204441,0.4399032896042377,0.306759507375567,0.1331437822286707,12.299654059151704,3158886000,4516257848558.119,1130980276,1630313884,397591840.0,47511322.0,0.5122265981704391,25.18826897162131,36011.65646201784,0.163972572907831,1429.6995360257126,-0.6689881772982208,3.2263783691315466,10.491597955640986
MAHARASHTRA,2023,13972.0,29612.0,73146443.0,258512123.0,3922908.0,3332739.0,252289.0,94083.4,126385.0,14.850653781644796,31.47420267549855,2.747691122982375,0.777463856535797,310393.4802389524,263697.35332515725,0.2508809821498821,0.8877407623880007,0.3613705108888154,0.3590251288497203,0.5693108722689414,0.3601978198692679,0.2091130523996734,12.43833053478848,6257211435,8171208905187.323,1985162180,3728505531,543543724.0,56723036.0,0.6029016383336486,49.50913031609764,64653.31253857122,0.2562668706862813,1305.8866541541636,-0.506001216068594,3.902157103395937,11.076794620916324
MANIPUR,2019,192.0,330.0,202376.0,2743213.0,9927.0,4946.0,73795.0,2133.6,3103.0,8.998875140607424,15.46681664791901,1.285720378702662,0.0948518935133108,31991.621011923944,15939.413470834676,0.0419597610518617,0.0194052073366241,0.006692942425117,0.010329817449022,0.0306824841942429,0.0085113799370695,0.0221711042571733,11.209046257615876,1012926,2213488002.062048,436191,562999,13736.0,112463.0,0.052710442444694416,0.32643441830486625,713.3380606065252,0.009666482290216482,2185.2415695342484,-2.9429416942080304,-1.1195262132135118,6.569955446344323
MANIPUR,2020,203.0,337.0,251916.0,2896180.0,10369.0,6129.0,78574.0,2183.1,3134.0,9.298703678255691,15.436764234345656,1.3266364344281067,0.1153937061976089,33085.513720485,19556.47734524569,0.0478068221904798,0.0455359921532298,0.0080865365882804,0.0154204846332324,0.0466714071718548,0.0117535106107564,0.0349178965610984,11.271796134890542,1898206,5225202703.252603,870755,859280,168171.0,193166.0,0.08848243323713985,0.6056815571155073,1667.2631471769632,0.021219018341651987,2752.7058197332653,-2.4249512411664877,-0.5014009143353064,7.4189387270275615
MANIPUR,2021,210.0,386.0,309117.0,3069499.0,12323.0,7405.0,75784.0,2233.3,3165.0,9.403125419782386,17.28384005731429,1.3744230510903148,0.1384126628755653,38935.22906793049,23396.52448657188,0.0546357128124534,0.0748178969636183,0.0155389394615846,0.0208249791754675,0.0647268048880359,0.018181959318526,0.0465448455695098,11.23564246755537,4259959,12473820391.81626,1881402,1406751,971806.0,326912.0,0.14638069224913805,1.3459586097946288,3941.175479246843,0.052005376850612836,2928.1550343128324,-1.9215445696964641,0.29710648022567904,8.279234302782472
MANIPUR,2022,225.0,396.0,353300.0,3471552.0,13813.0,9163.0,98826.0,2277.6,3194.0,9.87881981032666,17.38672286617492,1.524214963119073,0.1551194239550404,43246.71258609893,28688.165309956166,0.0760415509895188,0.0960701975984064,0.0210316703468632,0.0282724512759199,0.0860558742939626,0.0246520608113915,0.061403813482571,11.501116007010731,7248073,22083214067.437004,3431618,1464924,2351531.0,406492.0,0.17847383210396908,2.2692777082028806,6913.968086235755,0.06996102327561325,3046.7703715783496,-1.723313287366422,0.8194615906410673,8.84129900465312
MANIPUR,2023,240.0,400.0,368547.0,3598482.0,14851.0,11313.0,107133.0,2322.4,3223.0,10.334137099552189,17.223561832586977,1.5494669307612814,0.1586923010678608,46078.18802358052,35100.83772882407,0.0796501539219511,0.1006151754173625,0.0246389049613121,0.0372976668041188,0.0901326646696568,0.0309682858827155,0.0591643787869413,11.58182633222492,12080206,32463601489.998207,6003083,3485586,2591537.0,486209.0,0.20935626937650706,3.748124728513807,10072.479519081046,0.09401845854294237,2687.338402176106,-1.5637178400988578,1.3212556425081001,9.217562183713328
MEGHALAYA,2019,346.0,389.0,278005.0,2840817.0,24063.0,7448.0,88954.0,2216.8,3224.0,15.608083724287262,17.547816672681343,1.2814944965716348,0.1254082461205341,74637.09677419355,23101.736972704715,0.0413558663032937,0.0582752665193765,0.0610222981676915,0.0204100942922408,0.0498155664113351,0.0407161962299661,0.0090993701813689,11.395874661166657,619713,1178941696.2843208,212486,392674,14553.0,69850.0,0.031509382894262,0.19221867245657567,365.676704802829,0.0041108517301395,1902.3994918362546,-3.4574699078457978,-1.6491216359859615,5.901749622833329
MEGHALAYA,2020,364.0,407.0,277395.0,2995065.0,23756.0,8435.0,95422.0,2268.1,3256.0,16.048675102508707,17.94453507340946,1.320517172964155,0.1223028085181429,72960.68796068797,25906.019656019656,0.0469323562804956,0.0543249081456237,0.058886591878315,0.0243568506468062,0.0506286322130596,0.0416217212625606,0.009006910950499,11.466064438816906,1419913,3141558020.8005905,565736,696270,157907.0,129019.0,0.056884176182707996,0.4360912162162162,964.8519719903534,0.010111420552811232,2212.500357980095,-2.8667380752486515,-0.8299038460096947,6.87197469267129
MEGHALAYA,2021,367.0,415.0,309950.0,3175652.0,25821.0,9785.0,90751.0,2320.1,3288.0,15.818283694668333,17.887160036205337,1.3687565191155553,0.133593379595707,78531.02189781022,29759.732360097325,0.0538259436811696,0.0686873934734126,0.0659830692575779,0.0297805781454579,0.0612566685772911,0.0478818237015179,0.0133748448757731,11.415874771350133,3052075,7012073008.460988,1109229,1096275,846571.0,213559.0,0.09204732554631266,0.9282466545012166,2132.625610845799,0.02349974778069442,2297.477292812591,-2.3854524260834995,-0.07445779002385648,7.665109180724104
MEGHALAYA,2022,368.0,451.0,310794.0,3338442.0,29441.0,9512.0,107971.0,2366.0,3318.0,15.553677092138631,19.061707523245985,1.411006762468301,0.1313584108199492,88731.16335141652,28667.87221217601,0.0598636653438511,0.0658443392089854,0.0789778149780103,0.0282438907056556,0.0628540022764182,0.053610852841833,0.0092431494345852,11.589617951530286,6050629,15056795919.021364,2586556,1325619,2138454.0,287587.0,0.12154987320371936,1.8235771549125979,4537.91317631747,0.04202900016039001,2488.4678797892525,-2.1074306213820515,0.600800041812458,8.420222532569156
MEGHALAYA,2023,374.0,459.0,327485.0,3506501.0,31275.0,11874.0,124673.0,2413.2,3349.0,15.498093817337974,19.020387866732968,1.453050306646776,0.1357057019724846,93386.08539862646,35455.35980889818,0.0658718489025332,0.0713744319708996,0.0849080786539657,0.037796622305535,0.0686231404367164,0.0613523504797504,0.007270789956966,11.733449588577212,13518063,31261589343.18917,6349762,4250862,2917439.0,373661.0,0.15484046079893918,4.0364475962974025,9334.604163388824,0.07487270029107203,2312.5790539065524,-1.8653599773087688,1.3953649973079647,9.14148365158334
MIZORAM,2019,192.0,181.0,143572.0,1416119.0,9255.0,3837.0,164708.0,819.6,1192.0,23.42606149341142,22.08394338701806,1.7278172279160566,0.1751732552464616,77642.61744966442,32189.59731543624,0.1051370947588748,0.121580232096248,0.0648512624142057,0.0332003778005638,0.1133586634275614,0.0490258201073848,0.0643328433201766,12.011929488149422,228627,694815993.7847703,102335,122667,3625.0,27134.0,0.03310639336261591,0.1918011744966443,582.8993236449414,0.0035389861065943454,3039.081096216852,-3.408028862301628,-1.651295993002829,6.368014484723059
MIZORAM,2020,203.0,173.0,161832.0,1490844.0,11332.0,4174.0,195365.0,838.7,1204.0,24.204125432216525,20.627161082627875,1.77756527959938,0.1929557648742101,94119.60132890363,34667.77408637874,0.1122462819608718,0.1442009686263353,0.0858425610863116,0.0366881716583827,0.1282236252936036,0.0612653663723471,0.0669582589212564,12.182624882792611,538958,1654145048.3923247,242912,237506,58540.0,52556.0,0.06266364611899368,0.44763953488372094,1373.8746249105686,0.0070323477844576494,3069.153901402938,-2.7699738062107904,-0.8037669800737741,7.225390220373337
MIZORAM,2021,210.0,177.0,172990.0,1558558.0,12000.0,5063.0,173521.0,858.0,1216.0,24.47552447552448,20.62937062937063,1.8165011655011656,0.2016200466200466,98684.2105263158,41636.51315789474,0.1178103692443981,0.1552226094800638,0.0916577682678303,0.04649599715952,0.136516489362231,0.0690768827136752,0.0674396066485557,12.064053908508583,1247012,3756673607.933133,521550,388190,337272.0,94488.0,0.11012587412587413,1.0255032894736842,3089.3697433660636,0.017804010715510306,3012.5400621109766,-2.206131257178416,0.025183506203051455,8.035722382539586
MIZORAM,2022,220.0,175.0,174667.0,1587447.0,13102.0,5982.0,190965.0,875.0,1227.0,25.142857142857142,20.0,1.8142251428571428,0.1996194285714285,106780.76609616952,48753.05623471882,0.1174851168876758,0.1526776675836451,0.1019725939317824,0.056511842487136,0.1350813922356605,0.0792422182094592,0.0558391740262012,12.159845444163857,2267139,6886352301.222475,1047797,410527,808815.0,123574.0,0.14122742857142856,1.8477090464547676,5612.3490637509985,0.029389412006132005,3037.4636496582148,-1.957383719449003,0.6139465184295313,8.632724638816017
MIZORAM,2023,227.0,182.0,184844.0,1664672.0,14682.0,6954.0,213665.0,892.1,1238.0,25.44557785001681,20.40130030265665,1.8660150207375852,0.2072009864364981,118594.50726979,56171.24394184168,0.1248860888767769,0.1623219993761461,0.117023028600404,0.0669522234254218,0.1436040441264615,0.0919876260129129,0.0516164181135486,12.272164646892262,3744283,10454129153.39726,1938513,913972,891798.0,153259.0,0.1717957628068602,3.0244612277867526,8444.369267687609,0.03952153730226106,2792.024308364849,-1.7614489332584822,1.1067329691031795,9.041255139381944
NAGALAND,2019,164.0,296.0,148940.0,1479138.0,11183.0,3991.0,109198.0,1478.3,2150.0,11.093823987012108,20.022999391192588,1.0005668673476291,0.1007508624771697,52013.95348837209,18562.79069767442,0.0012102316746284,0.0269091550652615,0.0322009337059056,0.0140219668896101,0.0140596933699449,0.0231114502977578,-0.0090517569278128,11.600918027106903,588194,1489889668.8447118,209586,369501,9107.0,55915.0,0.03782385172157208,0.2735786046511628,692.9719389975404,0.006346013104613092,2532.990252951767,-3.2748153774268927,-1.296166295665877,6.540989506303036
NAGALAND,2020,176.0,317.0,172471.0,1571267.0,12242.0,4644.0,122759.0,1512.3,2171.0,11.63790253256629,20.961449447860875,1.0389916021953316,0.1140454936189909,56388.76093965914,21391.064025794563,0.0067012735139812,0.0438209608013065,0.0377743378262209,0.0180024877538658,0.0252611171576439,0.0278884127900433,-0.0026272956323994,11.717978362724606,1432781,3957253237.7258143,598788,672407,161586.0,110228.0,0.07288765456589301,0.6599636112390603,1822.779013231605,0.014848434845767764,2761.938661753481,-2.618836001827049,-0.4155705799678997,7.508117545845065
NAGALAND,2021,180.0,320.0,198130.0,1639343.0,12579.0,7208.0,119781.0,1546.7,2192.0,11.637680222409,20.689209284282665,1.0598972004913687,0.1280985323592164,57385.948905109486,32883.211678832115,0.0096887636131382,0.0616975200409374,0.0390447323698104,0.0341765728584438,0.0356931418270378,0.0366106526141271,-0.0009175107870893,11.693420354422775,3110247,9239769912.134188,1362272,925345,822630.0,208308.0,0.13467899398719854,1.418908302919708,4215.223500061217,0.03519108623288516,2970.7511693232686,-2.004861154369682,0.34988777517354036,8.34645789395574
NAGALAND,2022,182.0,327.0,198538.0,1717794.0,14579.0,6381.0,127225.0,1578.1,2213.0,11.532855966035106,20.72112033457956,1.088520372599962,0.1258082504277295,65878.8974243109,28834.161771351108,0.0137791245810468,0.0587841031365573,0.049864553538538,0.0284779271593545,0.0362816138588021,0.0391712403489463,-0.0028896264901441,11.753712451457034,5503745,16960050017.589794,2732112,860156,1911477.0,266042.0,0.1685837399404347,2.487006326253954,7663.827391590508,0.06023837603922585,3081.5472042381675,-1.7803226796996077,0.9110797085470046,8.944266797422975
NAGALAND,2023,192.0,332.0,210762.0,1832801.0,15579.0,7805.0,138889.0,1609.0,2233.0,11.932877563704164,20.633934120571784,1.1390932256059665,0.1309894344313238,69767.12942230183,34952.978056426335,0.0210061790523938,0.0653749725196011,0.0548180717172567,0.0370895686316015,0.0431905757859975,0.0459538201744291,-0.0027632443884316,11.841430331941943,9785812,28181167021.93062,5211904,2288165,2285743.0,325241.0,0.20213859540087012,4.382360949395432,12620.316624241208,0.0908662070015711,2879.7985309681626,-1.598801701004909,1.4775876087064514,9.443063224864568
ODISHA,2019,4914.0,6888.0,7126096.0,62128831.0,309554.0,127646.0,98005.0,30614.0,43671.0,16.051479715162998,22.499510028091724,2.029425458940354,0.232772457045796,70883.19479746284,29229.007808385428,0.1482380666253503,0.1948509006082408,0.0562399133479401,0.0290336347258606,0.1715444836167955,0.0426367740369003,0.1289077095798951,11.492773776759377,104244439,101343003471.1919,71855919,31490363,898157.0,4265066.0,0.13931750179656366,2.3870403471411232,2320.601851828259,0.0236784026511735,972.1669994424536,-1.9709997650507647,0.8700542500798334,7.7495818499085845
ODISHA,2020,5223.0,7068.0,8509070.0,65762478.0,341140.0,143879.0,104633.0,30990.5,43852.0,16.853551894935546,22.806989238637648,2.122020554686113,0.2745702715348251,77793.48718416491,32810.13408738484,0.1614702605981668,0.2480209743988607,0.065043466987609,0.0340737232241552,0.2047456174985138,0.0495585951058821,0.1551870223926317,11.55821426842892,190990273,274964611036.74786,105735544,75723934,9530795.0,6631513.0,0.21398535034930058,4.3553377953115024,6270.286669633036,0.059926473193285444,1439.6786114691186,-1.5418477226152054,1.4714021722359572,8.743577353416416
ODISHA,2021,5289.0,7620.0,9429978.0,68638037.0,363567.0,155954.0,103211.0,31369.0,44033.0,16.86059485479295,24.291497975708506,2.1880849564857026,0.3006145557716216,82566.93843253923,35417.52776326846,0.1709111167501007,0.2811513313714202,0.0711247341409752,0.0377433773643657,0.2260312240607604,0.0544340557526704,0.1715971683080899,11.544530715496666,329398590,621888775632.3123,164668568,120506379,44223643.0,9201367.0,0.29332675571424016,7.4807210501215,14123.243377292309,0.13683854799674752,1887.9521482842786,-1.2264680841308635,2.0123291844155533,9.555577185611392
ODISHA,2022,5367.0,8203.0,9970819.0,73806889.0,421413.0,183405.0,133768.0,31662.4,44162.0,16.950704937086257,25.907701248168173,2.3310579425438376,0.3149103984536864,95424.34672342738,41530.04845795027,0.1913425042783185,0.2993367561261998,0.0875047767240905,0.046346158402699,0.2453396302022591,0.0669254675633947,0.1784141626388644,11.803862235142503,802771719,1385868584162.6897,377640038,313602452,111529229.0,12011836.0,0.37937225226135735,18.17788413115348,31381.472400767394,0.23459625920076096,1726.3545181798934,-0.9692373599982745,2.9002056975511388,10.353972946816812
ODISHA,2023,5548.0,8626.0,10502404.0,79578034.0,463318.0,216311.0,134612.0,31957.0,44291.0,17.36082861344932,26.992521200362987,2.490159714616516,0.3286417373345432,104607.70811225758,48838.59023277867,0.2140787571276595,0.3168040881019136,0.099204168016796,0.0566322233076512,0.2654414226147866,0.0779181956622236,0.187523226952563,11.81015184526493,1608802170,2471387916925.528,674939835,779431388,154430947.0,14605734.0,0.45704333948743625,36.32345555530469,55798.87374242008,0.4145163413545604,1536.166449182206,-0.7829770578198336,3.5924636911485934,10.929508964338108
PUDUCHERRY,2019,253.0,561.0,632880.0,2830751.0,17818.0,12363.0,204140.0,1020.9,1504.0,24.78205504946616,54.9515133705554,2.7727994906455087,0.6199235968263297,118470.74468085106,82200.79787234042,0.2544690640950817,0.6873372882794581,0.116865357907279,0.1035863002939705,0.4709031761872698,0.1102258291006247,0.360677347086645,12.22656131195749,1130255,2223390386.2119875,637708,469687,22860.0,129946.0,0.12728572827896953,0.751499335106383,1478.3180759388215,0.007241687449489671,1967.158195462075,-2.0613208906308595,-0.2856849545448113,7.2986602853495866
PUDUCHERRY,2020,267.0,623.0,759321.0,3034786.0,20043.0,13322.0,217937.0,1052.4,1537.0,25.37058152793615,59.19802356518434,2.883681109844166,0.7215136830102623,130403.38321405336,86675.34157449577,0.2703144723366278,0.8165677862092701,0.1320672650786717,0.1098837873110021,0.543441129272949,0.1209755261948369,0.422465603078112,12.291961309179642,3755875,6881989004.670558,1950475,1616976,188424.0,225275.0,0.2140583428354238,2.4436402081977877,4477.546522231983,0.02054514158785329,1832.3264231824962,-1.5415066710450367,0.8934888161505663,8.406830524105787
PUDUCHERRY,2021,268.0,633.0,793865.0,3075824.0,22138.0,14885.0,208862.0,1085.0,1571.0,24.70046082949309,58.3410138248848,2.8348608294930875,0.7316728110599078,140916.6136218969,94748.56779121578,0.2633378672128911,0.8294909879281013,0.1454608789291878,0.1212460715280193,0.5464144275704962,0.1333534752286035,0.4130609523418926,12.249429025780088,8249009,14385318141.56104,3423869,3898837,926303.0,338921.0,0.3123695852534562,5.250801400381922,9156.79066935776,0.043841343419855024,1743.8844037582019,-1.1635682240998475,1.6583807126458536,9.122251032669276
PUDUCHERRY,2022,265.0,670.0,796548.0,3245201.0,24552.0,16156.0,231557.0,1118.5,1608.0,23.69244523915959,59.901654000894055,2.901386678587394,0.7121573535985695,152686.5671641791,100472.6368159204,0.2728446659513384,0.8046658068519611,0.1604555291621201,0.1293021444523504,0.5387552364016497,0.1448788368072353,0.3938763995944144,12.352581342503557,19114117,30457482277.826904,7180440,9605278,2328399.0,433835.0,0.3878721502011623,11.88688868159204,18941.220322031655,0.08179938555963177,1593.4548416663404,-0.9470795034499623,2.4754360012362095,9.849095795605967
PUDUCHERRY,2023,272.0,671.0,824586.0,3518046.0,26469.0,18315.0,231231.0,1153.1,1646.0,23.588587286445232,58.19096348972335,3.0509461451738797,0.7151036336831151,160808.01944106925,111269.74483596598,0.2942172867840565,0.8084137044733605,0.1708020726584852,0.1444980285700924,0.5513154956287085,0.1576500506142888,0.3936654450144197,12.351172489837014,36303914,51959850235.818726,11942732,21511434,2849748.0,511080.0,0.44322261729251583,22.055840826245444,31567.3452222471,0.136518655466815,1431.246510660496,-0.8136831130539481,3.0935774568948307,10.359878486227943
PUNJAB,2019,6614.0,7210.0,5210584.0,59582908.0,379577.0,236211.0,149974.0,22036.3,29859.0,30.014113077059218,32.7187413495006,2.703852643138821,0.2364545772203137,127123.145450283,79108.81141364413,0.2446162954071192,0.1995348441057273,0.1278883175771461,0.0992346287322204,0.2220755697564232,0.1135614731546832,0.10851409660174,11.9182172247211,20127610,39437434913.21482,9656814,9736558,734238.0,2322582.0,0.10539800238697059,0.6740885495160588,1320.788871469735,0.008806785652644693,1959.3699854684596,-2.250011595739768,-0.3943937975953639,7.1859844669721
PUNJAB,2020,6735.0,7437.0,6192224.0,62079607.0,410987.0,244057.0,154385.0,22385.8,30099.0,30.0860366839693,33.22195320247657,2.773169017859536,0.2766139248988198,136545.06794245655,81084.75364630054,0.2545218709498601,0.2506206605665326,0.1398916302312202,0.1020155761058184,0.2525712657581964,0.1209536031685193,0.131617662589677,11.947204761594351,49620677,103775005548.75038,21716932,23412688,4491057.0,3875890.0,0.17314056232075692,1.6485822452573176,3447.789147438466,0.022332410191653763,2091.3661768208117,-1.7536515154190457,0.4999156732510549,8.1454884777787
PUNJAB,2021,6700.0,7464.0,6988155.0,60968084.0,459027.0,263532.0,150620.0,22738.0,30339.0,29.46609200457384,32.826106077931215,2.6813301081889347,0.307333758466004,151299.31770987838,86862.45426678532,0.2413977388646138,0.2896986802565686,0.1586882052488744,0.1101471303083781,0.2655482095605912,0.1344176677786263,0.1311305417819649,11.922515387655343,83155280,185160743806.08325,33795354,34144361,15215565.0,5679863.0,0.24979606825578327,2.7408708263291475,6103.060213127765,0.04051958712739188,2226.6865532300926,-1.3871104209830498,1.0082756897341116,8.716545598648171
PUNJAB,2022,6550.0,7649.0,7237221.0,67768161.0,510138.0,288331.0,170276.0,23017.5,30535.0,28.45660910177039,33.231237102204844,2.9442016291951774,0.3144225480612577,167066.64483379727,94426.39593908627,0.2789630864445176,0.2987161724502035,0.1787754175290299,0.1207926458401528,0.2888396294473606,0.1497840316845914,0.1390555977627691,12.045175928945012,174317197,362558020929.9304,68200457,71537048,34579692.0,7199914.0,0.31280173780818943,5.708766890453578,11873.522873094167,0.0697310417974005,2079.875234168264,-1.162185714673634,1.7420030442083072,9.382066231531635
PUNJAB,2023,6612.0,7948.0,7781977.0,71320660.0,560275.0,314823.0,185802.0,23298.0,30730.0,28.380118465104303,34.11451626749077,3.0612352991673104,0.3340191003519615,182321.83534005855,102448.0963228116,0.2956876463140158,0.3236445124621424,0.1982101795318188,0.1320824124361733,0.3096660793880791,0.1651462959839961,0.1445197834040829,12.13243686956659,347678372,631138465293.9308,120514288,178004688,49159396.0,8680448.0,0.3725833977165422,11.313972404816141,20538.186309597488,0.11053802601477641,1815.2940076868824,-0.9872943797340007,2.4260384578881276,9.930041179174758
RAJASTHAN,2019,7391.0,10534.0,8598702.0,91436253.0,379008.0,325240.0,106604.0,49207.8,77264.0,15.019976507789416,21.40717528521901,1.8581658395620209,0.1747426627485886,49053.63429281425,42094.636570718576,0.1237644108115797,0.1210324849193805,0.0284295551056619,0.0471407615056737,0.1223984478654801,0.0377851583056678,0.0846132895598122,11.576876313462051,100854436,153891896551.47815,53537949,42612877,4703610.0,7779148.0,0.15808770154325127,1.3053224787740734,1991.7671431905953,0.018683793696208352,1525.881286485784,-1.8446053268926845,0.26645012041967087,7.596777535323018
RAJASTHAN,2020,7775.0,11149.0,11063138.0,96474388.0,420150.0,352425.0,115534.0,50352.3,78273.0,15.441201295670703,22.141987555682658,1.915987710591175,0.2197146505720692,53677.51331876892,45025.1044421448,0.1320273777340367,0.1782403542856831,0.0343202706861873,0.0512651112947361,0.1551338660098599,0.0427926909904617,0.1123411750193981,11.657320137919337,299120003,532021197651.4253,141944538,133115702,24059763.0,12268753.0,0.2436582440126866,3.8214965952499584,6796.9951024162265,0.05883112419215319,1778.6212634245837,-1.4119886747933001,1.3406421247544302,8.82423589679558
RAJASTHAN,2021,7871.0,10874.0,12332401.0,99425466.0,474438.0,388631.0,114925.0,51509.0,79281.0,15.280824710244811,21.110873827874737,1.930254246830651,0.2394222563047234,59842.58523479774,49019.43719176095,0.1340661204268387,0.2033099629207639,0.0421744305781219,0.0568867478920713,0.1686880416738013,0.0495305892350966,0.1191574524387047,11.652035020674427,666940701,1303921188644.2012,311993308,265119066,89828327.0,17806048.0,0.34568809334291095,8.412364891966549,16446.830749412864,0.14310925168077324,1955.0781451621156,-1.0622183748145793,2.1297026344515704,9.70788807802211
RAJASTHAN,2022,7969.0,11244.0,13315280.0,107916435.0,530634.0,442730.0,134143.0,52510.3,80153.0,15.176070218604732,21.412941841886266,2.0551479424036807,0.2535746320245742,66202.63745586565,55235.61189225606,0.1519139080714659,0.2213128865313884,0.0502769908962662,0.065635411907379,0.1866133973014271,0.0579562014018226,0.1286571958996045,11.806661674097246,1604227815,2960459615226.846,717070403,677186558,209970854.0,23412998.0,0.44587439035770127,20.01456982271406,36935.106798583285,0.2753412909997785,1845.4109743925903,-0.8077180025982101,2.996460499468826,10.516917781486566
RAJASTHAN,2023,8304.0,11523.0,14524532.0,117782931.0,594426.0,515018.0,150020.0,53521.1,81025.0,15.51537617874072,21.52982655438696,2.2006821795516163,0.2713795493739852,73363.28293736502,63562.85097192225,0.1727113081941993,0.2439621274277648,0.0593994886233295,0.0773551946344212,0.208336717810982,0.0683773416288753,0.1399593761821067,11.918523897523627,3097805000,5216926550159.486,1209124974,1588442408,300237618.0,28357153.0,0.5298312814945881,38.23270595495217,64386.628203140834,0.4291869630925266,1684.071963909764,-0.6351966599185492,3.6436913261334243,11.07266125393579
SIKKIM,2019,143.0,179.0,82480.0,1030769.0,9632.0,2921.0,375773.0,456.6,664.0,31.31844064826982,39.20280332895313,2.2574879544459043,0.1806395094174332,145060.2409638554,43990.96385542169,0.1808290710856729,0.128533732923549,0.1507397649048273,0.0498096585486746,0.154681402004611,0.100274711726751,0.05440669027786,12.83674051665342,626258,1341121636.7669952,252228,366047,7983.0,64728.0,0.14176084099868594,0.9431596385542169,2019.7615011551131,0.005374951103871521,2141.484239350228,-1.9536138595901567,-0.05851972270785405,7.610734714689496
SIKKIM,2020,162.0,200.0,105024.0,1094265.0,10130.0,3216.0,412627.0,466.7,670.0,34.711806299550034,42.854081851296336,2.3446860938504392,0.2250353546175273,151194.02985074627,48000.0,0.1932900193181537,0.1850087040229477,0.1585540709368069,0.0554519887507757,0.1891493616705507,0.1070030298437913,0.0821463318267593,12.930299316159804,1500797,3564315078.5491776,674532,676152,150113.0,112394.0,0.24082708377973003,2.23999552238806,5319.873251565937,0.012892693041332576,2374.9481632420493,-1.423676097703902,0.8064738669310487,8.579204757158251
SIKKIM,2021,164.0,192.0,118389.0,1105684.0,10604.0,3847.0,415045.0,477.7,677.0,34.331170190496124,40.19258949131254,2.314599120787105,0.2478312748586979,156632.20088626293,56824.22451994092,0.1889904755850594,0.2140068891234215,0.1654821758177226,0.0678712303648272,0.2014986823542404,0.1166767030912749,0.0848219792629655,12.936142227069263,2844974,7276537693.672953,1258272,904685,682017.0,169708.0,0.35526062382248275,4.202324963072378,10748.209296414996,0.0258964914561433,2557.6816145500634,-1.0349036072515643,1.4356379347663266,9.282494442602632
SIKKIM,2022,165.0,227.0,142910.0,1152756.0,12411.0,5182.0,466518.0,487.0,683.0,33.88090349075976,46.61190965092403,2.3670554414784397,0.2934496919917864,181713.0307467057,75871.15666178624,0.1964866848054035,0.272037066892985,0.1974345764757206,0.0946779431520495,0.2342618758491942,0.1460562598138851,0.0882056160353091,13.053051883734147,5692587,14350419313.53017,2851040,1225426,1616121.0,217994.0,0.44762628336755644,8.334680819912153,21010.86283093729,0.04503762519546361,2520.8959149030434,-0.8037965836080436,2.120425221517774,9.95279486062727
SIKKIM,2023,168.0,235.0,130109.0,1232900.0,13554.0,5885.0,520466.0,496.5,689.0,33.8368580060423,47.3313192346425,2.4831822759315205,0.2620523665659617,196719.8838896952,85413.64296081277,0.213081654404565,0.2320972248192473,0.2165529623867389,0.1081080686751,0.2225894396119062,0.1623305155309195,0.0602589240809867,13.162479843097644,12011132,25351189914.18642,6049069,3865563,2096500.0,262655.0,0.5290130916414905,17.432702467343976,36794.17984642441,0.07069468485246762,2110.6411880400965,-0.6367420995255432,2.8583478944063443,10.513094955301826
TAMIL NADU,2019,11206.0,25701.0,31754087.0,141073289.0,798738.0,891030.0,194373.0,56698.5,75695.0,19.7641912925386,45.32924151432577,2.488130885296789,0.5600516239406687,105520.57599577252,117713.19109584516,0.2137888296441341,0.6111754780212647,0.1003671407144375,0.1535665552998647,0.4124821538326994,0.1269668480071511,0.2855153058255483,12.177534272473633,60243140,117233075264.95737,31970872,26288478,1983790.0,6377974.0,0.11248928984011923,0.795866834004888,1548.7558658426233,0.007967957822550577,1945.99875213937,-2.1848972632907677,-0.22832340109665863,7.345207220405186
TAMIL NADU,2020,11829.0,26892.0,35469823.0,150024247.0,899038.0,981665.0,206165.0,57293.6,76049.0,20.646285099906446,46.93717971989891,2.6185166755100044,0.619088746387031,118218.2540204342,129083.22265907508,0.232421458656554,0.6862752935315439,0.1165436906104258,0.1695687738318212,0.459348376094049,0.1430562322211235,0.3162921438729254,12.23643209803952,190911091,342303330194.05286,92188471,86321935,12400685.0,10970688.0,0.1914819107195219,2.5103695117621534,4501.089168747161,0.021832460256334302,1792.9986592243238,-1.652961935817821,0.9204299581499993,8.412074683971431
TAMIL NADU,2021,12028.0,27727.0,37906107.0,151821541.0,1008731.0,1046952.0,209628.0,57891.0,76402.0,20.77697742308822,47.89518232540464,2.6225413449413555,0.6547841115199253,132029.39713620063,137032.01486872073,0.2329965993393643,0.7316825766945732,0.1341387694349879,0.1807559292320944,0.4823395880169687,0.1574473493335411,0.3248922386834276,12.253089810293227,368737250,675956092704.573,153286954,161892568,53557728.0,16872782.0,0.2914577740926914,4.826277453469804,8847.361230132366,0.042205054812011596,1833.1646523495335,-1.2328601409993765,1.5740754569447621,9.087874527454892
TAMIL NADU,2022,12094.0,29169.0,39708600.0,158085491.0,1117412.0,1158606.0,242339.0,58347.4,76631.0,20.727573122367065,49.991944799596894,2.7093836400593685,0.6805547462269098,145817.2280147721,151192.85928671164,0.2454066960598351,0.7644648301629006,0.1517041490052894,0.200685946639131,0.5049357631113679,0.1761950478222103,0.3287407152891576,12.398092851343064,840333787,1469442782029.6504,337766840,367204076,135362871.0,22131653.0,0.37930829822751316,10.965977045843067,19175.565789688902,0.07912703192506737,1748.6417953936802,-0.9694059527846705,2.3947974837682002,9.861392132433204
TAMIL NADU,2023,12407.0,30078.0,42716301.0,178253442.0,1211394.0,1325333.0,275272.0,58805.4,76860.0,21.098402527659022,51.14836392576192,3.031242743013397,0.726400993786285,157610.4605776737,172434.68644288316,0.2914015951190489,0.8227848259702132,0.1667284561753285,0.2305817616402413,0.5570932105446311,0.1986551089077849,0.3584381016368462,12.52551497872969,1645136244,2603249179813.165,608622700,856887221,179626323.0,26767037.0,0.4551799154499417,21.404322716627636,33870.01274802453,0.12304198301325427,1582.3912392104378,-0.787062519617207,3.063592897733435,10.430285322192749
TELANGANA,2019,5227.0,9982.0,11136898.0,68060069.0,458581.0,518518.0,209848.0,26946.4,37220.0,19.397767419766648,37.04390939049373,2.5257573924531664,0.4132981771219903,123208.22138635142,139311.6603976357,0.2191658016878782,0.4244936696117599,0.122900794320044,0.1839643095893721,0.3218297356498191,0.1534325519547081,0.168397183695111,12.254138738099211,126707049,202251419084.17767,72154780,52823353,1728916.0,8100506.0,0.30061551821393584,3.4042732133261686,5433.944628806493,0.02589466961232174,1596.2128443554682,-1.2019231788642195,1.2250314699245155,8.600420600167446
TELANGANA,2020,5388.0,10884.0,12595625.0,69524662.0,498184.0,550411.0,231326.0,27355.5,37473.0,19.696221966332185,39.78724570927236,2.541524081080587,0.4604421414340809,132944.7869132442,146882.02172230673,0.2214189219049561,0.4844644621495886,0.135304954967009,0.1946188601602806,0.3529416920272723,0.1649619075636448,0.1879797844636275,12.351583250030185,525406638,883812295049.3268,248387011,251524922,25494705.0,12385312.0,0.4527539982818812,14.02093875590425,23585.309290671332,0.10195701862597084,1682.1490843998945,-0.7924063511546128,2.640551837703226,10.068379309504385
TELANGANA,2021,5579.0,11109.0,14205374.0,71324744.0,605468.0,601477.0,225734.0,27767.0,37725.0,20.09219577195952,40.00792307415277,2.5686874347246733,0.5115919616811323,160495.16235917827,159437.24320742214,0.225300669220793,0.5495310152734728,0.1704034999284401,0.2122891187523209,0.3874158422471329,0.1913463093403805,0.1960695329067523,12.327112593905918,1060098887,2100902539268.764,477901690,477094943,105102254.0,17082180.0,0.6151971765044837,28.10069945659377,55689.928144963924,0.2467059820184993,1981.7986463641707,-0.485812450358316,3.3357944677236353,10.927554586314681
TELANGANA,2022,5605.0,11712.0,15086377.0,74587894.0,638949.0,660857.0,269000.0,28080.2,37907.0,19.96068404071196,41.70910463600686,2.6562451122143003,0.5372603115362427,168556.99475030997,174336.402247606,0.2378129968232526,0.5821831544478282,0.1806740890609529,0.2332582425034313,0.4099980756355404,0.2069661657821921,0.2030319098533483,12.502466658583977,2516509331,4782177153882.732,1064905554,1208288044,243315733.0,21608530.0,0.7695290631833107,66.38640174637929,126155.51623401305,0.46897961425283663,1900.3216459294474,-0.2619765574972486,4.195492242533228,11.745270680691565
TELANGANA,2023,5819.0,11549.0,16614598.0,80947704.0,693887.0,776338.0,312046.0,28395.9,38090.0,20.4923950288598,40.67136452797763,2.850682809842266,0.5851055257977384,182170.3859280651,203816.74980309792,0.265598888828866,0.6430459915102655,0.1980172364626158,0.2747489772791052,0.4543224401695658,0.2363831068708605,0.2179393332987052,12.650905891821452,4877796067,8350597431916.913,1828659843,2706809917,342326307.0,25533334.0,0.8991908691043425,128.05975497505906,219233.3271703049,0.7025673367718378,1711.9611638566917,-0.1062599543600786,4.852496990728362,12.297891862509601
TRIPURA,2019,463.0,482.0,963092.0,5381675.0,24880.0,10463.0,113016.0,2744.8,3992.0,16.868259982512388,17.560477994753715,1.9606801952783448,0.3508787525502769,62324.64929859719,26209.91983967936,0.1384141050411884,0.34509130250194,0.0453365231351318,0.0247845607304397,0.2417527037715642,0.0350605419327858,0.2066921618387784,11.6352846805915,1970709,2466745964.6914644,859495,1050971,60243.0,187484.0,0.06830515884581755,0.49366457915831663,617.9223358445552,0.005467565086753691,1251.7048253656244,-2.683769983108204,-0.7058989819700853,6.426362779406094
TRIPURA,2020,565.0,583.0,1004571.0,5563642.0,26487.0,11346.0,121456.0,2808.7,4032.0,20.116067931783387,20.75693381279596,1.980860184426959,0.3576640438637092,65691.96428571429,28139.880952380958,0.1412979028129082,0.3537227212552038,0.0496264050173794,0.0275007941297827,0.247510312034056,0.038563599573581,0.2089467124604749,11.70730733625655,3815108,6362428288.083867,1712242,1753752,349114.0,314602.0,0.11200982661017553,0.9462073412698413,1577.9832063700067,0.012992221103691927,1667.6928380753225,-2.189168673944907,-0.05529355712797444,7.363902858998117
TRIPURA,2021,579.0,526.0,1141700.0,5795488.0,28400.0,12093.0,118401.0,2872.5,4071.0,20.156657963446477,18.31157528285465,2.017576327241079,0.3974586597040905,69761.7293048391,29705.232129697863,0.1465447803039585,0.4043445704252798,0.0548111920917527,0.0297038743481075,0.2754446753646192,0.0422575332199301,0.233187142144689,11.68183244734232,6910676,13625090933.216225,2735018,2672670,1502988.0,458876.0,0.159747954743255,1.6975377057234096,3346.865864214253,0.028267209434162322,1971.6003084526353,-1.8341579886655737,0.5291787927067652,8.115779623985853
TRIPURA,2022,589.0,566.0,1065510.0,6099956.0,31304.0,13562.0,137032.0,2930.1,4109.0,20.101703013549027,19.316746868707558,2.081825193679397,0.3636428790826251,76183.9863713799,33005.597468970554,0.1557261894962951,0.3613282650774809,0.0629929999529998,0.0343488190081673,0.258527227286888,0.0486709094805835,0.2098563178063044,11.82796975417782,12144433,24967172161.46193,4933135,3796780,3414518.0,573074.0,0.1955817207603836,2.9555689948892674,6076.2161502706085,0.04434158554403795,2055.853258975691,-1.631776977893622,1.083691185584081,8.712137437518493
TRIPURA,2023,613.0,605.0,1009613.0,7100330.0,34065.0,14499.0,153584.0,2988.2,4147.0,20.514021819155342,20.246302121678603,2.376122749481293,0.3378666086607322,82143.7183506149,34962.62358331324,0.1977824378616395,0.3285388425410764,0.0705855614860271,0.0371031437767752,0.263160640201358,0.0538443526314011,0.2093162875699568,11.94200292760332,24338025,45465081462.06435,9900592,10082282,4355151.0,699295.0,0.23401880730874774,5.86882686279238,10963.366641443054,0.07138352068863328,1868.067826459392,-1.4523537937398747,1.7696547608500994,9.302314688647476
UTTAR PRADESH,2019,17462.0,20192.0,19621775.0,270239353.0,1041507.0,470245.0,64113.0,140532.4,224979.0,12.425604344620885,14.368216866715432,1.9229683190495568,0.1396245634458673,46293.52072860134,20901.728605780983,0.1330249334298937,0.0763595288297238,0.0249132338772164,0.0173137955296676,0.1046922311298087,0.021113514703442,0.0835787164263667,11.0684024304583,154024769,214643767447.7702,74580952,75624266,3819551.0,13103108.0,0.09323905376980682,0.6846184266087058,954.061345493447,0.014880934373581754,1393.5665597250154,-2.3725886131950453,-0.3788936373722834,6.860727972833159
UTTAR PRADESH,2020,18041.0,21969.0,21841525.0,281156529.0,1144902.0,507550.0,67639.0,143957.7,227943.0,12.53215354232528,15.26073284027183,1.9530496041545535,0.1517218252306059,50227.55688922231,22266.531545166992,0.1373236643319473,0.0917481875340641,0.029925105506132,0.0192346235210112,0.1145359259330057,0.0245798645135716,0.0899560614194341,11.12194001875184,349750893,587862760666.9883,150916852,172241791,26592250.0,21194763.0,0.14722910271558937,1.5343787394216974,2578.990189069146,0.03812874508891536,1680.8041735778736,-1.9157653835634552,0.4281255690954226,7.85515320171325
UTTAR PRADESH,2021,18125.0,22127.0,24225667.0,283999568.0,1277878.0,565113.0,63464.0,147424.0,230907.0,12.2944703711743,15.009089429129585,1.9264133926633384,0.1643264800846537,55341.67435374415,24473.61924930816,0.1335172476495728,0.1077822897206971,0.0364403735872808,0.0223408857652673,0.1206497686851349,0.029390629676274,0.0912591390088608,11.05822809498184,670887707,1283468921334.705,280299114,287778468,102810125.0,30976739.0,0.21012005507922726,2.9054455126955876,5558.380306074329,0.08758320159577603,1913.0905335469279,-1.5600762207641659,1.0665867391978576,8.623062032947951
UTTAR PRADESH,2022,18073.0,24322.0,25307527.0,305323727.0,1394177.0,646284.0,76063.0,150223.7,233297.0,12.030724845680142,16.19052120271302,2.0324604373344552,0.1684656082895042,59759.748303664426,27702.19934246904,0.1486717766668013,0.1130475830086631,0.0420688982321996,0.0268847996419679,0.1308596798377322,0.0344768489370838,0.0963828309006484,11.239317223249772,1546498062,2871984738673.4497,642325294,654403320,249769448.0,41701425.0,0.2775955125589371,6.628881048620428,12310.422931599847,0.16184508804017522,1857.0891288148603,-1.2815902156136567,1.8914360190072073,9.418201575338916
UTTAR PRADESH,2023,18415.0,24746.0,28162680.0,361038793.0,1548627.0,755489.0,84640.0,153049.6,235687.0,12.03204712720582,16.1686146190516,2.3589659365329934,0.184010150957598,65706.9333480421,32054.759066049464,0.1953306635526569,0.1328214513510121,0.0496454752586606,0.0330106060201466,0.1640760574518345,0.0413280406394036,0.1227480168124309,11.346162247092126,3332358390,5457674823770.951,1272217096,1694721741,365419553.0,53046420.0,0.3465962668311449,14.138914704671874,23156.452514440556,0.2735875769664527,1637.7814703690833,-1.0595946725862628,2.648930903963448,10.05002874700314
UTTARAKHAND,2019,2126.0,2606.0,1391399.0,19457870.0,137040.0,53036.0,186207.0,7709.6,11141.0,27.57600913147245,33.80201307460828,2.5238494863546745,0.1804761595932344,123005.1162373216,47604.34431379589,0.2188931545960011,0.1283259392311632,0.1226420430293724,0.0548951416814567,0.1736095469135821,0.0887685923554146,0.0848409545581675,12.13461423710343,14632399,21753971084.76715,7588885,6754048,289466.0,1272751.0,0.1650865155131265,1.3133829099721748,1952.6048904736695,0.010486205623170286,1486.698871782211,-1.8012856060546856,0.2726061826390459,7.576919601384189
UTTARAKHAND,2020,2194.0,2781.0,1513394.0,20252707.0,149549.0,56551.0,190558.0,7885.3,11270.0,27.823925532319635,35.26815720391108,2.568412996334952,0.191925988865357,132696.53948535936,50178.34960070985,0.2252614509233537,0.1428910133799217,0.1349886934508538,0.0585178048969938,0.1840762321516377,0.0967532491739238,0.0873229829777138,12.15771188915202,31353104,55022480032.68231,13961367,15114542,2277195.0,2023901.0,0.2566675966672162,2.7819968056787934,4882.207633778377,0.025620586035634177,1754.9292737549147,-1.3599734294303172,1.0231689452902373,8.493352780523393
UTTARAKHAND,2021,2220.0,2809.0,1692536.0,20080177.0,165333.0,60740.0,174526.0,8063.0,11399.0,27.533176237132583,34.83814957211956,2.49041014510728,0.2099139278184298,145041.67032195805,53285.37591016756,0.2141145446043484,0.1657730720035152,0.1507161063339713,0.0628906435924703,0.1899438083039318,0.1068033749632208,0.0831404333407109,12.06982900666032,62954270,109483802456.51337,24080205,29153461,9720604.0,2888932.0,0.35829492744635993,5.522788841126415,9604.684836960556,0.055032974095324226,1739.10050035547,-1.0263988120520473,1.7088829575476456,9.170006262270832
UTTARAKHAND,2022,2176.0,2938.0,1763535.0,21882622.0,180784.0,67751.0,194670.0,8212.3,11518.0,26.49684010569512,35.7756048853549,2.6646155157507643,0.2147431292086261,156957.80517450947,58821.84407015107,0.2390091595609569,0.1719161921021484,0.1658969881956186,0.0706826864639949,0.2054626758315527,0.1182898373298067,0.0871728385017459,12.179061096283323,140736216,220659832487.8377,50627443,66822180,23286593.0,3709608.0,0.4517136490386372,12.218806737280778,19157.82535924967,0.09841180130091781,1567.8965852530646,-0.7947068197344088,2.502976300635178,9.860466546088034
UTTARAKHAND,2023,2202.0,3051.0,1961119.0,23136832.0,200425.0,77094.0,219850.0,8362.9,11637.0,26.330579105334277,36.48255987755444,2.766603929258989,0.2345022659603726,172230.81550227723,66249.03325599381,0.253583694633809,0.1970513522049587,0.1853544522413462,0.0811357361120187,0.2253175234193838,0.1332450941766825,0.0920724292427013,12.300700774608956,284288332,389674095836.64026,89962000,163366256,30960076.0,4480029.0,0.5357028064427412,24.42969253243963,33485.786357019875,0.15231196887432283,1370.7002784646127,-0.624175737276126,3.1957992995350923,10.418876339927447
WEST BENGAL,2019,8170.0,11338.0,13101376.0,147376054.0,779291.0,403677.0,103920.0,70449.7,96906.0,11.596926601532726,16.093751996105023,2.091933024555108,0.185967803979293,80417.20842878666,41656.55377376014,0.1571706372579679,0.1353117383885622,0.0683860275364239,0.0465242023859356,0.146241187823265,0.0574551149611798,0.0887860728620852,11.551376651344482,147471562,129767127842.52698,92270741,50724893,4475928.0,7438601.0,0.1055874049144283,1.5218001155759189,1339.1031292440816,0.012885903861086236,879.9467916568685,-2.2482161864670753,0.4198939207071341,7.199755362325078
WEST BENGAL,2020,9251.0,12292.0,16251170.0,152653530.0,827832.0,429211.0,110316.0,71546.6,97516.0,12.930034411139031,17.180411088717005,2.133623819999832,0.2271410521254678,84891.9151728947,44014.41814676566,0.163128411670992,0.1876873151715596,0.0740867010592043,0.0498426681928002,0.1754078634212758,0.0619646846260022,0.1134431787952735,11.611104253651757,259567316,295639998661.6306,128144555,114398128,17024633.0,12052575.0,0.16845769051219764,2.6617920751466424,3031.7076034869215,0.027482029836895114,1138.9723606866999,-1.781070655602419,0.97899960841239,8.016881305267248
WEST BENGAL,2021,9379.0,12766.0,18728314.0,158614408.0,889011.0,437348.0,105108.0,72651.0,98125.0,12.909664010130625,17.571678297614625,2.183237780622428,0.2577846691717939,90599.84713375795,44570.49681528663,0.1702184367466228,0.2266683815139712,0.0813584751574667,0.0506252950769162,0.198443409130297,0.0659918851171915,0.1324515240131054,11.56274367195109,353797857,672080706422.1633,155949700,138371177,59476980.0,16981214.0,0.23373682399416387,3.6055832560509553,6849.230129143066,0.06516373757604622,1899.617799047786,-1.4535594803414786,1.2824835485103645,8.83189153503393
WEST BENGAL,2022,9616.0,13410.0,17386744.0,172418288.0,978185.0,479463.0,122883.0,73516.6,98604.0,13.08003906600686,18.24077827320632,2.3452973614122525,0.2365009263214022,99203.3791732587,48625.10648655227,0.1933773717948919,0.1995938037703684,0.0923191771888467,0.0563317656052132,0.1964855877826301,0.0743254713970299,0.1221601163856001,11.71898796214598,748489565,1509176371815.04,344437927,258063083,145988555.0,21954680.0,0.2986356822812807,7.5908641130177275,15305.427485852906,0.12455284690195476,2016.295807430582,-1.2085309024187108,2.0269454338096873,9.635962782113452
WEST BENGAL,2023,9761.0,13633.0,18189485.0,182483391.0,1056367.0,535875.0,137909.0,74387.8,99084.0,13.12177534488182,18.326929953567653,2.453136011550281,0.2445224216874272,106613.27762302692,54082.89935812038,0.2087879280981229,0.2097977703111217,0.101759217467398,0.0640130806259586,0.2092928492046223,0.0828861490466783,0.126406700157944,11.8343493263363,1532335116,2949981078776.841,686607668,636079442,209648006.0,26980199.0,0.36269655776888143,15.465010657623834,29772.527136337256,0.2158853094166244,1925.1540005670931,-1.0141887233121198,2.7385800952815633,10.301341339098188
