year,fy_end,state_name,state_code,no_of_credit_accounts,amount_outstanding_rs_crore
2010,2010,Andaman And Nicobar Islands,35,27516.0,662.89
2010,2010,Andhra Pradesh,28,11812769.0,127597.68
2010,2010,Arunachal Pradesh,12,62572.0,1418.42
2010,2010,Assam,18,1509265.0,19663.58
2010,2010,Bihar,10,4121515.0,29852.83
2010,2010,Chandigarh,4,289519.0,42089.15
2010,2010,Chhattisgarh,22,1012290.0,26335.43
2010,2010,Delhi,7,1991554.0,398818.79
2010,2010,Goa,30,233742.0,8142.84
2010,2010,Gujarat,24,3621407.0,161843.75
2010,2010,Haryana,6,1982888.0,83126.31999999999
2010,2010,Himachal Pradesh,2,556579.0,13725.07
2010,2010,Jammu And Kashmir,1,597777.0,16094.65
2010,2010,Jharkhand,20,1452974.0,23380.1
2010,2010,Karnataka,29,8764496.0,233046.24
2010,2010,Kerala,32,6060588.0,98137.74
2010,2010,Ladakh,37,8304.0,142.91
2010,2010,Lakshadweep,31,4057.0,32.97
2010,2010,Madhya Pradesh,23,3946200.0,75303.27
2010,2010,Maharashtra,27,24134001.0,911172.32
2010,2010,Manipur,14,86704.0,1210.16
2010,2010,Meghalaya,17,129677.0,2497.31
2010,2010,Mizoram,15,72776.0,1292.99
2010,2010,Nagaland,13,101107.0,1682.96
2010,2010,Odisha,21,3376684.0,47918.31
2010,2010,Puducherry,34,245037.0,3621.27
2010,2010,Punjab,3,2284628.0,97242.68
2010,2010,Rajasthan,8,3847554.0,103084.4
2010,2010,Sikkim,11,44323.0,1552.8
2010,2010,Tamil Nadu,33,19163255.0,322008.87
2010,2010,Telangana,36,1950963.0,145840.76
2010,2010,The Dadra And Nagar Haveli And Daman And Diu,38,15068.0,1540.91
2010,2010,Tripura,16,318137.0,2357.05
2010,2010,Uttar Pradesh,9,9800521.0,147856.11
2010,2010,Uttarakhand,5,785939.0,16022.78
2010,2010,West Bengal,19,4235493.0,178851.24
2011,2011,Andaman And Nicobar Islands,35,28615.0,699.03
2011,2011,Andhra Pradesh,28,12487954.0,156472.23
2011,2011,Arunachal Pradesh,12,66279.0,1424.27
2011,2011,Assam,18,1652762.0,22740.32
2011,2011,Bihar,10,4738919.0,37690.91
2011,2011,Chandigarh,4,239063.0,45539.81
2011,2011,Chhattisgarh,22,1057174.0,31896.82
2011,2011,Delhi,7,2448328.0,514010.63
2011,2011,Goa,30,229994.0,9824.85
2011,2011,Gujarat,24,3743159.0,193012.29
2011,2011,Haryana,6,2137465.0,110787.28
2011,2011,Himachal Pradesh,2,631449.0,15749.96
2011,2011,Jammu And Kashmir,1,589450.0,14190.7
2011,2011,Jharkhand,20,1609761.0,26880.47
2011,2011,Karnataka,29,9106718.0,265227.46
2011,2011,Kerala,32,6432794.0,126229.92
2011,2011,Ladakh,37,7470.0,147.33
2011,2011,Lakshadweep,31,4955.0,46.06
2011,2011,Madhya Pradesh,23,3601264.0,83011.6
2011,2011,Maharashtra,27,23390025.0,1089700.21
2011,2011,Manipur,14,91441.0,1231.98
2011,2011,Meghalaya,17,137913.0,2833.87
2011,2011,Mizoram,15,71818.0,1269.75
2011,2011,Nagaland,13,99114.0,1431.13
2011,2011,Odisha,21,3807974.0,57239.2
2011,2011,Puducherry,34,277169.0,4389.49
2011,2011,Punjab,3,2353207.0,141952.28
2011,2011,Rajasthan,8,4107089.0,122602.35
2011,2011,Sikkim,11,37745.0,2052.83
2011,2011,Tamil Nadu,33,17776469.0,408517.25
2011,2011,Telangana,36,2039133.0,179869.01
2011,2011,The Dadra And Nagar Haveli And Daman And Diu,38,16672.0,1419.86
2011,2011,Tripura,16,278196.0,2841.24
2011,2011,Uttar Pradesh,9,10235306.0,179190.49
2011,2011,Uttarakhand,5,807430.0,19015.6
2011,2011,West Bengal,19,4383819.0,204507.2
2012,2012,Andaman And Nicobar Islands,35,33057.0,837.85
2012,2012,Andhra Pradesh,28,13354973.0,186141.84
2012,2012,Arunachal Pradesh,12,71401.0,1631.91
2012,2012,Assam,18,1787055.0,26852.42
2012,2012,Bihar,10,4863478.0,44242.32
2012,2012,Chandigarh,4,271135.0,45085.01
2012,2012,Chhattisgarh,22,1085975.0,38318.27
2012,2012,Delhi,7,3739905.0,641837.81
2012,2012,Goa,30,245460.0,10986.63
2012,2012,Gujarat,24,3945108.0,236844.5
2012,2012,Haryana,6,2042622.0,137834.84
2012,2012,Himachal Pradesh,2,590547.0,17105.94
2012,2012,Jammu And Kashmir,1,678900.0,16864.74
2012,2012,Jharkhand,20,1708681.0,30133.52
2012,2012,Karnataka,29,8839088.0,306519.97
2012,2012,Kerala,32,7083494.0,151848.91
2012,2012,Ladakh,37,8011.0,183.97
2012,2012,Lakshadweep,31,6382.0,54.04
2012,2012,Madhya Pradesh,23,3989941.0,101335.03
2012,2012,Maharashtra,27,24180287.0,1261993.92
2012,2012,Manipur,14,92537.0,1349.43
2012,2012,Meghalaya,17,143681.0,3119.31
2012,2012,Mizoram,15,82112.0,1406.54
2012,2012,Nagaland,13,136529.0,2734.7
2012,2012,Odisha,21,3670610.0,62937.22
2012,2012,Puducherry,34,305956.0,5387.27
2012,2012,Punjab,3,2370707.0,143921.71
2012,2012,Rajasthan,8,4324623.0,144774.88
2012,2012,Sikkim,11,38468.0,2322.4
2012,2012,Tamil Nadu,33,22029297.0,476592.36
2012,2012,Telangana,36,2429595.0,227273.7
2012,2012,The Dadra And Nagar Haveli And Daman And Diu,38,16257.0,1656.89
2012,2012,Tripura,16,339014.0,3303.76
2012,2012,Uttar Pradesh,9,10861882.0,204472.12
2012,2012,Uttarakhand,5,805110.0,22002.64
2012,2012,West Bengal,19,4709413.0,243355.86
2013,2013,Andaman And Nicobar Islands,35,36909.0,906.75
2013,2013,Andhra Pradesh,28,14754315.0,222783.39
2013,2013,Arunachal Pradesh,12,75548.0,2691.25
2013,2013,Assam,18,1945415.0,28550.03
2013,2013,Bihar,10,5397248.0,57208.52
2013,2013,Chandigarh,4,293881.0,55864.73
2013,2013,Chhattisgarh,22,1406657.0,50518.71
2013,2013,Delhi,7,3751657.0,713913.71
2013,2013,Goa,30,278894.0,11746.39
2013,2013,Gujarat,24,4729076.0,292517.59
2013,2013,Haryana,6,2372581.0,145657.75
2013,2013,Himachal Pradesh,2,635997.0,18713.63
2013,2013,Jammu And Kashmir,1,961794.0,21859.56
2013,2013,Jharkhand,20,1959909.0,37255.31
2013,2013,Karnataka,29,9373307.0,353745.21
2013,2013,Kerala,32,7733483.0,175129.3
2013,2013,Ladakh,37,12058.0,251.54
2013,2013,Lakshadweep,31,6600.0,61.25
2013,2013,Madhya Pradesh,23,3964279.0,114009.77
2013,2013,Maharashtra,27,11775717.0,1437962.89
2013,2013,Manipur,14,103461.0,1549.06
2013,2013,Meghalaya,17,128653.0,3361.87
2013,2013,Mizoram,15,96022.0,1603.44
2013,2013,Nagaland,13,116463.0,2127.2
2013,2013,Odisha,21,3674345.0,72607.06999999999
2013,2013,Puducherry,34,354144.0,6618.89
2013,2013,Punjab,3,2651772.0,157579.46
2013,2013,Rajasthan,8,4816902.0,181399.67
2013,2013,Sikkim,11,40917.0,1854.78
2013,2013,Tamil Nadu,33,23589569.0,544264.71
2013,2013,Telangana,36,3249714.0,233700.23
2013,2013,The Dadra And Nagar Haveli And Daman And Diu,38,23552.0,2056.15
2013,2013,Tripura,16,414583.0,4218.57
2013,2013,Uttar Pradesh,9,11399023.0,270701.94
2013,2013,Uttarakhand,5,859972.0,24556.24
2013,2013,West Bengal,19,5301872.0,275763.86
2014,2014,Andaman And Nicobar Islands,35,37901.0,997.83
2014,2014,Andhra Pradesh,28,11911666.0,189530.51
2014,2014,Arunachal Pradesh,12,78680.0,1866.34
2014,2014,Assam,18,2238367.0,33482.8
2014,2014,Bihar,10,5474477.0,66320.18
2014,2014,Chandigarh,4,309567.0,59059.33
2014,2014,Chhattisgarh,22,1267642.0,54383.61
2014,2014,Delhi,7,4174527.0,856346.81
2014,2014,Goa,30,391668.0,13611.71
2014,2014,Gujarat,24,5032853.0,335999.97000000003
2014,2014,Haryana,6,2974862.0,171042.01
2014,2014,Himachal Pradesh,2,672831.0,19653.22
2014,2014,Jammu And Kashmir,1,1014191.0,26605.83
2014,2014,Jharkhand,20,2164228.0,39655.66
2014,2014,Karnataka,29,10977122.0,410913.93
2014,2014,Kerala,32,8544964.0,190870.91
2014,2014,Ladakh,37,14494.0,311.01
2014,2014,Lakshadweep,31,6264.0,61.39
2014,2014,Madhya Pradesh,23,4998287.0,142282.58
2014,2014,Maharashtra,27,15179082.0,1649678.49
2014,2014,Manipur,14,108061.0,1722.34
2014,2014,Meghalaya,17,177816.0,4176.55
2014,2014,Mizoram,15,111702.0,1911.48
2014,2014,Nagaland,13,115229.0,2128.52
2014,2014,Odisha,21,3868965.0,76084.91
2014,2014,Puducherry,34,403220.0,7587.84
2014,2014,Punjab,3,2983608.0,186975.4
2014,2014,Rajasthan,8,5043578.0,184004.62
2014,2014,Sikkim,11,43603.0,1919.33
2014,2014,Tamil Nadu,33,20597273.0,602983.64
2014,2014,Telangana,36,7922398.0,321682.4
2014,2014,The Dadra And Nagar Haveli And Daman And Diu,38,42682.0,2202.1
2014,2014,Tripura,16,444253.0,4383.52
2014,2014,Uttar Pradesh,9,12920846.0,286791.09
2014,2014,Uttarakhand,5,947387.0,27865.07
2014,2014,West Bengal,19,5556580.0,306984.82
2015,2015,Andaman And Nicobar Islands,35,39865.0,1158.1
2015,2015,Andhra Pradesh,28,11723194.0,204333.73
2015,2015,Arunachal Pradesh,12,81682.0,2333.5
2015,2015,Assam,18,2307482.0,36188.46
2015,2015,Bihar,10,5919120.0,74369.65
2015,2015,Chandigarh,4,321737.0,61115.08
2015,2015,Chhattisgarh,22,1302035.0,62876.47
2015,2015,Delhi,7,4259716.0,929015.92
2015,2015,Goa,30,404398.0,14537.89
2015,2015,Gujarat,24,5213519.0,377491.92
2015,2015,Haryana,6,3237503.0,189820.68
2015,2015,Himachal Pradesh,2,701741.0,21918.07
2015,2015,Jammu And Kashmir,1,1157616.0,30972.01
2015,2015,Jharkhand,20,2270563.0,43433.24
2015,2015,Karnataka,29,11625909.0,460669.67
2015,2015,Kerala,32,9073113.0,214749.71
2015,2015,Ladakh,37,17377.0,392.67
2015,2015,Lakshadweep,31,5787.0,69.41
2015,2015,Madhya Pradesh,23,5532161.0,161003.53
2015,2015,Maharashtra,27,15596704.0,1777639.62
2015,2015,Manipur,14,111642.0,1978.85
2015,2015,Meghalaya,17,191486.0,4478.19
2015,2015,Mizoram,15,115037.0,2120.64
2015,2015,Nagaland,13,115642.0,2363.59
2015,2015,Odisha,21,3924190.0,83522.97
2015,2015,Puducherry,34,420825.0,8234.52
2015,2015,Punjab,3,3176828.0,201321.0
2015,2015,Rajasthan,8,5324722.0,212181.96
2015,2015,Sikkim,11,42768.0,2111.55
2015,2015,Tamil Nadu,33,21402983.0,640631.05
2015,2015,Telangana,36,8139582.0,353863.27
2015,2015,The Dadra And Nagar Haveli And Daman And Diu,38,48320.0,2102.9
2015,2015,Tripura,16,460145.0,5262.77
2015,2015,Uttar Pradesh,9,13332752.0,329139.21
2015,2015,Uttarakhand,5,962631.0,31229.36
2015,2015,West Bengal,19,5678854.0,333836.38
2016,2016,Andaman And Nicobar Islands,35,41595.0,1408.47
2016,2016,Andhra Pradesh,28,11791278.0,230520.91
2016,2016,Arunachal Pradesh,12,83359.0,2538.26
2016,2016,Assam,18,3443425.0,44359.45
2016,2016,Bihar,10,7295681.0,83960.85
2016,2016,Chandigarh,4,352283.0,55682.84
2016,2016,Chhattisgarh,22,1552423.0,69337.84
2016,2016,Delhi,7,4790275.0,994804.57
2016,2016,Goa,30,358530.0,16242.18
2016,2016,Gujarat,24,6080715.0,427039.35
2016,2016,Haryana,6,3431747.0,208766.23
2016,2016,Himachal Pradesh,2,755070.0,22274.62
2016,2016,Jammu And Kashmir,1,1298195.0,35404.45
2016,2016,Jharkhand,20,2589127.0,49062.11
2016,2016,Karnataka,29,12858101.0,524535.37
2016,2016,Kerala,32,8687294.0,230730.7
2016,2016,Ladakh,37,21557.0,504.23
2016,2016,Lakshadweep,31,5803.0,79.13
2016,2016,Madhya Pradesh,23,6549391.0,179575.68
2016,2016,Maharashtra,27,18683752.0,1994311.71
2016,2016,Manipur,14,124605.0,2551.25
2016,2016,Meghalaya,17,220070.0,4572.2
2016,2016,Mizoram,15,127972.0,2467.37
2016,2016,Nagaland,13,123843.0,2683.46
2016,2016,Odisha,21,4419277.0,90554.71
2016,2016,Puducherry,34,433761.0,8802.82
2016,2016,Punjab,3,3583132.0,207972.02
2016,2016,Rajasthan,8,6070894.0,197665.76
2016,2016,Sikkim,11,62025.0,2237.07
2016,2016,Tamil Nadu,33,22143108.0,674267.47
2016,2016,Telangana,36,8558192.0,396745.15
2016,2016,The Dadra And Nagar Haveli And Daman And Diu,38,58530.0,2328.08
2016,2016,Tripura,16,796581.0,6220.68
2016,2016,Uttar Pradesh,9,14864222.0,368307.82
2016,2016,Uttarakhand,5,1125310.0,34580.29
2016,2016,West Bengal,19,8992786.0,349542.86
2017,2017,Andaman And Nicobar Islands,35,43141.0,1738.86
2017,2017,Andhra Pradesh,28,11808010.0,260224.67
2017,2017,Arunachal Pradesh,12,89020.0,2973.08
2017,2017,Assam,18,3817425.0,50979.55
2017,2017,Bihar,10,7825246.0,94539.43
2017,2017,Chandigarh,4,343967.0,61717.57
2017,2017,Chhattisgarh,22,1670512.0,77310.31999999999
2017,2017,Delhi,7,5032784.0,1003768.5
2017,2017,Goa,30,353578.0,17039.59
2017,2017,Gujarat,24,6453806.0,454359.36
2017,2017,Haryana,6,3688455.0,213878.21
2017,2017,Himachal Pradesh,2,820019.0,24386.63
2017,2017,Jammu And Kashmir,1,1387329.0,37176.94
2017,2017,Jharkhand,20,2692060.0,53597.64
2017,2017,Karnataka,29,13336076.0,557489.08
2017,2017,Kerala,32,8998265.0,251699.7
2017,2017,Ladakh,37,24091.0,573.88
2017,2017,Lakshadweep,31,5506.0,80.61
2017,2017,Madhya Pradesh,23,7135986.0,198567.81
2017,2017,Maharashtra,27,21140993.0,2063566.61
2017,2017,Manipur,14,137421.0,3085.36
2017,2017,Meghalaya,17,231735.0,5373.02
2017,2017,Mizoram,15,131781.0,2709.73
2017,2017,Nagaland,13,137978.0,3117.09
2017,2017,Odisha,21,4669104.0,99241.26
2017,2017,Puducherry,34,466415.0,9678.99
2017,2017,Punjab,3,3793379.0,235791.65
2017,2017,Rajasthan,8,6426032.0,224704.24
2017,2017,Sikkim,11,64872.0,2195.19
2017,2017,Tamil Nadu,33,23074198.0,694214.26
2017,2017,Telangana,36,8748001.0,422350.91
2017,2017,The Dadra And Nagar Haveli And Daman And Diu,38,67107.0,3001.96
2017,2017,Tripura,16,854127.0,7482.06
2017,2017,Uttar Pradesh,9,15860623.0,380578.1
2017,2017,Uttarakhand,5,1131505.0,40272.85
2017,2017,West Bengal,19,9922961.0,358397.58
2018,2018,Andaman And Nicobar Islands,35,45326.0,2001.92
2018,2018,Andhra Pradesh,28,12884824.0,313199.17
2018,2018,Arunachal Pradesh,12,104518.0,4068.73
2018,2018,Assam,18,4115926.0,59064.6
2018,2018,Bihar,10,8348492.0,106938.27
2018,2018,Chandigarh,4,388232.0,71487.88
2018,2018,Chhattisgarh,22,2003350.0,87304.84
2018,2018,Delhi,7,5860623.0,1102228.98
2018,2018,Goa,30,391693.0,18345.01
2018,2018,Gujarat,24,7689200.0,526311.14
2018,2018,Haryana,6,4489417.0,247610.68
2018,2018,Himachal Pradesh,2,838395.0,26949.7
2018,2018,Jammu And Kashmir,1,1618631.0,44607.34
2018,2018,Jharkhand,20,2929862.0,59976.42
2018,2018,Karnataka,29,15318334.0,632422.38
2018,2018,Kerala,32,9818152.0,289553.64
2018,2018,Ladakh,37,28291.0,717.36
2018,2018,Lakshadweep,31,4558.0,71.31
2018,2018,Madhya Pradesh,23,7725514.0,231148.22
2018,2018,Maharashtra,27,25291457.0,2156726.06
2018,2018,Manipur,14,165976.0,4071.92
2018,2018,Meghalaya,17,254285.0,6613.01
2018,2018,Mizoram,15,137842.0,3233.77
2018,2018,Nagaland,13,136659.0,3487.42
2018,2018,Odisha,21,5508448.0,108938.35
2018,2018,Puducherry,34,577191.0,10851.19
2018,2018,Punjab,3,4411352.0,237364.92
2018,2018,Rajasthan,8,7412895.0,269399.01
2018,2018,Sikkim,11,71078.0,2532.38
2018,2018,Tamil Nadu,33,28111636.0,794178.53
2018,2018,Telangana,36,9426603.0,480840.28
2018,2018,The Dadra And Nagar Haveli And Daman And Diu,38,86534.0,3592.76
2018,2018,Tripura,16,940933.0,9125.27
2018,2018,Uttar Pradesh,9,17301362.0,418730.4
2018,2018,Uttarakhand,5,1230009.0,46320.95
2018,2018,West Bengal,19,11307859.0,386768.37
2019,2019,Andaman And Nicobar Islands,35,47929.0,2180.81
2019,2019,Andhra Pradesh,28,14465301.0,373572.52
2019,2019,Arunachal Pradesh,12,91622.0,3868.68
2019,2019,Assam,18,4565307.0,67360.33
2019,2019,Bihar,10,10079827.0,124995.26
2019,2019,Chandigarh,4,573780.0,77956.04000000001
2019,2019,Chhattisgarh,22,2196361.0,94403.47
2019,2019,Delhi,7,5882615.0,1314165.1
2019,2019,Goa,30,439323.0,19416.14
2019,2019,Gujarat,24,9404949.0,591532.43
2019,2019,Haryana,6,5471358.0,278874.08
2019,2019,Himachal Pradesh,2,939105.0,30332.0
2019,2019,Jammu And Kashmir,1,1773906.0,53337.8
2019,2019,Jharkhand,20,3328128.0,63245.17
2019,2019,Karnataka,29,17637535.0,701677.53
2019,2019,Kerala,32,13756280.0,334847.19
2019,2019,Ladakh,37,31252.0,943.74
2019,2019,Lakshadweep,31,5045.0,89.81
2019,2019,Madhya Pradesh,23,8708168.0,262104.2
2019,2019,Maharashtra,27,32407969.0,2426918.73
2019,2019,Manipur,14,202376.0,4945.59
2019,2019,Meghalaya,17,278005.0,7447.89
2019,2019,Mizoram,15,143572.0,3836.76
2019,2019,Nagaland,13,148940.0,3991.14
2019,2019,Odisha,21,7126096.0,127645.71
2019,2019,Puducherry,34,632880.0,12363.44
2019,2019,Punjab,3,5210584.0,236210.5
2019,2019,Rajasthan,8,8598702.0,325239.87
2019,2019,Sikkim,11,82480.0,2921.18
2019,2019,Tamil Nadu,33,31754087.0,891029.36
2019,2019,Telangana,36,11136898.0,518518.36
2019,2019,The Dadra And Nagar Haveli And Daman And Diu,38,103866.0,4199.02
2019,2019,Tripura,16,963092.0,10462.95
2019,2019,Uttar Pradesh,9,19621775.0,470245.19
2019,2019,Uttarakhand,5,1391399.0,53035.22
2019,2019,West Bengal,19,13101376.0,403676.4
2020,2020,Andaman And Nicobar Islands,35,50461.0,2560.61
2020,2020,Andhra Pradesh,28,15114394.0,418830.13
2020,2020,Arunachal Pradesh,12,114234.0,4338.23
2020,2020,Assam,18,5328692.0,72953.55
2020,2020,Bihar,10,12646671.0,139589.54
2020,2020,Chandigarh,4,689948.0,78001.5
2020,2020,Chhattisgarh,22,2621265.0,104647.1
2020,2020,Delhi,7,6713375.0,1370412.04
2020,2020,Goa,30,491872.0,20145.67
2020,2020,Gujarat,24,11538101.0,611498.09
2020,2020,Haryana,6,7052823.0,308057.83
2020,2020,Himachal Pradesh,2,1002960.0,32326.84
2020,2020,Jammu And Kashmir,1,2535584.0,59201.93
2020,2020,Jharkhand,20,4414091.0,71054.72
2020,2020,Karnataka,29,21089978.0,741837.44
2020,2020,Kerala,32,14049449.0,360892.12
2020,2020,Ladakh,37,71534.0,1812.23
2020,2020,Lakshadweep,31,4981.0,96.63
2020,2020,Madhya Pradesh,23,10955380.0,285988.49
2020,2020,Maharashtra,27,39746027.0,2511091.22
2020,2020,Manipur,14,251916.0,6128.97
2020,2020,Meghalaya,17,277395.0,8435.11
2020,2020,Mizoram,15,161832.0,4173.48
2020,2020,Nagaland,13,172471.0,4643.94
2020,2020,Odisha,21,8509070.0,143878.38
2020,2020,Puducherry,34,759321.0,13322.01
2020,2020,Punjab,3,6192224.0,244057.09
2020,2020,Rajasthan,8,11063138.0,352425.28
2020,2020,Sikkim,11,105024.0,3215.55
2020,2020,Tamil Nadu,33,35469823.0,981665.19
2020,2020,Telangana,36,12595625.0,550410.67
2020,2020,The Dadra And Nagar Haveli And Daman And Diu,38,119841.0,6457.75
2020,2020,Tripura,16,1004571.0,11345.34
2020,2020,Uttar Pradesh,9,21841525.0,507548.16
2020,2020,Uttarakhand,5,1513394.0,56550.77
2020,2020,West Bengal,19,16251170.0,429210.88
2021,2021,Andaman And Nicobar Islands,35,58904.0,2811.73
2021,2021,Andhra Pradesh,28,16651870.0,486535.59
2021,2021,Arunachal Pradesh,12,130083.0,5897.34
2021,2021,Assam,18,6014883.0,83234.93000000001
2021,2021,Bihar,10,13722593.0,163963.61000000002
2021,2021,Chandigarh,4,722264.0,80792.90000000001
2021,2021,Chhattisgarh,22,3269960.0,115658.51
2021,2021,Delhi,7,7113677.0,1353057.93
2021,2021,Goa,30,529515.0,22166.04
2021,2021,Gujarat,24,12769737.0,659771.58
2021,2021,Haryana,6,7643585.0,321935.95
2021,2021,Himachal Pradesh,2,1134908.0,35899.14
2021,2021,Jammu And Kashmir,1,2645543.0,69907.84
2021,2021,Jharkhand,20,4959862.0,80678.68
2021,2021,Karnataka,29,22558957.0,793375.31
2021,2021,Kerala,32,13702398.0,388732.48
2021,2021,Ladakh,37,66728.0,2181.05
2021,2021,Lakshadweep,31,5369.0,97.41
2021,2021,Madhya Pradesh,23,12471562.0,320451.7
2021,2021,Maharashtra,27,43477791.0,2504794.59
2021,2021,Manipur,14,309117.0,7405.49
2021,2021,Meghalaya,17,309950.0,9784.83
2021,2021,Mizoram,15,172990.0,5063.27
2021,2021,Nagaland,13,198130.0,7208.2
2021,2021,Odisha,21,9429978.0,155953.44
2021,2021,Puducherry,34,793865.0,14884.92
2021,2021,Punjab,3,6988155.0,263531.87
2021,2021,Rajasthan,8,12332401.0,388630.35
2021,2021,Sikkim,11,118389.0,3846.98
2021,2021,Tamil Nadu,33,37906107.0,1046951.39
2021,2021,Telangana,36,14205374.0,601476.87
2021,2021,The Dadra And Nagar Haveli And Daman And Diu,38,132185.0,6066.52
2021,2021,Tripura,16,1141700.0,12093.53
2021,2021,Uttar Pradesh,9,24225667.0,565112.65
2021,2021,Uttarakhand,5,1692536.0,60739.6
2021,2021,West Bengal,19,18728314.0,437348.31
2022,2022,Andaman And Nicobar Islands,35,94580.0,3461.96
2022,2022,Andhra Pradesh,28,18331300.0,550560.12
2022,2022,Arunachal Pradesh,12,135606.0,6053.12
2022,2022,Assam,18,5531837.0,95991.96
2022,2022,Bihar,10,14316914.0,195591.71
2022,2022,Chandigarh,4,688165.0,82007.48
2022,2022,Chhattisgarh,22,3314286.0,138102.54
2022,2022,Delhi,7,7372252.0,1425078.84
2022,2022,Goa,30,545107.0,24091.64
2022,2022,Gujarat,24,14327974.0,758867.35
2022,2022,Haryana,6,8122278.0,372954.86
2022,2022,Himachal Pradesh,2,1205487.0,40942.0
2022,2022,Jammu And Kashmir,1,2738747.0,79961.3
2022,2022,Jharkhand,20,5248065.0,92188.18
2022,2022,Karnataka,29,23427263.0,888922.07
2022,2022,Kerala,32,13611613.0,424246.71
2022,2022,Ladakh,37,72137.0,2754.16
2022,2022,Lakshadweep,31,6044.0,117.92
2022,2022,Madhya Pradesh,23,13117402.0,359320.76
2022,2022,Maharashtra,27,55676170.0,2717398.22
2022,2022,Manipur,14,353300.0,9163.13
2022,2022,Meghalaya,17,310794.0,9511.41
2022,2022,Mizoram,15,174667.0,5982.2
2022,2022,Nagaland,13,198538.0,6381.01
2022,2022,Odisha,21,9970819.0,183405.55
2022,2022,Puducherry,34,796548.0,16156.1
2022,2022,Punjab,3,7237221.0,288330.23
2022,2022,Rajasthan,8,13315280.0,442729.03
2022,2022,Sikkim,11,142910.0,5181.72
2022,2022,Tamil Nadu,33,39708600.0,1158605.94
2022,2022,Telangana,36,15086377.0,660856.33
2022,2022,The Dadra And Nagar Haveli And Daman And Diu,38,143564.0,6765.52
2022,2022,Tripura,16,1065510.0,13562.09
2022,2022,Uttar Pradesh,9,25307527.0,646283.54
2022,2022,Uttarakhand,5,1763535.0,67750.76
2022,2022,West Bengal,19,17386744.0,479463.51
2023,2023,Andaman And Nicobar Islands,35,74253.0,3705.05
2023,2023,Andhra Pradesh,28,20317775.0,641271.24
2023,2023,Arunachal Pradesh,12,148780.0,7509.6
2023,2023,Assam,18,5233473.0,112373.82
2023,2023,Bihar,10,16096444.0,231858.6
2023,2023,Chandigarh,4,719278.0,77839.11
2023,2023,Chhattisgarh,22,3583952.0,165324.99
2023,2023,Delhi,7,8354710.0,1535985.53
2023,2023,Goa,30,576839.0,27003.65
2023,2023,Gujarat,24,15470786.0,828363.75
2023,2023,Haryana,6,9017016.0,453537.75
2023,2023,Himachal Pradesh,2,1284705.0,46720.27
2023,2023,Jammu And Kashmir,1,2990865.0,92151.22
2023,2023,Jharkhand,20,5736948.0,109382.05
2023,2023,Karnataka,29,25215292.0,1027655.61
2023,2023,Kerala,32,14497035.0,489202.71
2023,2023,Ladakh,37,81288.0,3427.36
2023,2023,Lakshadweep,31,6840.0,145.19
2023,2023,Madhya Pradesh,23,14029167.0,411419.37
2023,2023,Maharashtra,27,73146443.0,3332738.02
2023,2023,Manipur,14,368547.0,11313.04
2023,2023,Meghalaya,17,327485.0,11873.81
2023,2023,Mizoram,15,184844.0,6954.2
2023,2023,Nagaland,13,210762.0,7805.37
2023,2023,Odisha,21,10502404.0,216310.32
2023,2023,Puducherry,34,824586.0,18314.62
2023,2023,Punjab,3,7781977.0,314822.22
2023,2023,Rajasthan,8,14524532.0,515017.86
2023,2023,Sikkim,11,130109.0,5885.4
2023,2023,Tamil Nadu,33,42716301.0,1325332.9
2023,2023,Telangana,36,16614598.0,776337.66
2023,2023,The Dadra And Nagar Haveli And Daman And Diu,38,152603.0,7462.55
2023,2023,Tripura,16,1009613.0,14498.97
2023,2023,Uttar Pradesh,9,28162680.0,755488.89
2023,2023,Uttarakhand,5,1961119.0,77093.95
2023,2023,West Bengal,19,18189485.0,535874.84
