march_year,fy_end,state_key,no_of_credit_accounts,credit_outstanding_rs_crore,credit_offices,credit_src,no_of_deposit_accounts,deposit_amount_rs_crore,no_of_offices,deposit_src
2018,2018,andaman and nicobar islands,43648,1842.9808,66,"RBI DBIE BSR-1 Table 1.3 (quarterly, excl RRBs)",601404.0,4683.3509,,"India Data Portal, RBI BSR-2 bank-group file (year label 2017 = 31-Mar-2018)"
2018,2018,andhra pradesh,10020013,284644.9544,5557,"RBI DBIE BSR-1 Table 1.3 (quarterly, excl RRBs)",91175427.0,274565.8859,,"India Data Portal, RBI BSR-2 bank-group file (year label 2017 = 31-Mar-2018)"
2018,2018,arunachal pradesh,79804,3183.539,122,"RBI DBIE BSR-1 Table 1.3 (quarterly, excl RRBs)",1546379.0,13448.9272,,"India Data Portal, RBI BSR-2 bank-group file (year label 2017 = 31-Mar-2018)"
2018,2018,assam,3503630,52842.5959,1817,"RBI DBIE BSR-1 Table 1.3 (quarterly, excl RRBs)",42720628.0,134287.0908,,"India Data Portal, RBI BSR-2 bank-group file (year label 2017 = 31-Mar-2018)"
2018,2018,bihar,5656263,85158.5958,4482,"RBI DBIE BSR-1 Table 1.3 (quarterly, excl RRBs)",114165114.0,314811.2411,,"India Data Portal, RBI BSR-2 bank-group file (year label 2017 = 31-Mar-2018)"
2018,2018,chandigarh,230698,69673.1373,392,"RBI DBIE BSR-1 Table 1.3 (quarterly, excl RRBs)",4254424.0,61928.3963,,"India Data Portal, RBI BSR-2 bank-group file (year label 2017 = 31-Mar-2018)"
2018,2018,chhattisgarh,1504076,80820.7555,1836,"RBI DBIE BSR-1 Table 1.3 (quarterly, excl RRBs)",36974712.0,132428.8082,,"India Data Portal, RBI BSR-2 bank-group file (year label 2017 = 31-Mar-2018)"
2018,2018,dadra and nagar haveli and daman and diu,48378,2946.3044,105,"RBI DBIE BSR-1 Table 1.3 (quarterly, excl RRBs)",1362020.0,8473.0576,,"India Data Portal, RBI BSR-2 bank-group file (year label 2017 = 31-Mar-2018)"
2018,2018,delhi,3488712,1076997.5999,3456,"RBI DBIE BSR-1 Table 1.3 (quarterly, excl RRBs)",49891675.0,1144641.5234,,"India Data Portal, RBI BSR-2 bank-group file (year label 2017 = 31-Mar-2018)"
2018,2018,goa,308465,17426.6031,659,"RBI DBIE BSR-1 Table 1.3 (quarterly, excl RRBs)",5757458.0,65275.4331,,"India Data Portal, RBI BSR-2 bank-group file (year label 2017 = 31-Mar-2018)"
2018,2018,gujarat,5410386,476403.7081,6967,"RBI DBIE BSR-1 Table 1.3 (quarterly, excl RRBs)",94293480.0,640357.9003,,"India Data Portal, RBI BSR-2 bank-group file (year label 2017 = 31-Mar-2018)"
2018,2018,haryana,2918829,206090.3722,4051,"RBI DBIE BSR-1 Table 1.3 (quarterly, excl RRBs)",50062029.0,366392.9075,,"India Data Portal, RBI BSR-2 bank-group file (year label 2017 = 31-Mar-2018)"
2018,2018,himachal pradesh,702750,25002.2155,1324,"RBI DBIE BSR-1 Table 1.3 (quarterly, excl RRBs)",13232267.0,84896.1811,,"India Data Portal, RBI BSR-2 bank-group file (year label 2017 = 31-Mar-2018)"
2018,2018,jammu and kashmir,1407164,42560.5837,1402,"RBI DBIE BSR-1 Table 1.3 (quarterly, excl RRBs)",20578048.0,103991.1491,,"India Data Portal, RBI BSR-2 bank-group file (year label 2017 = 31-Mar-2018)"
2018,2018,jharkhand,2437205,51724.8334,2441,"RBI DBIE BSR-1 Table 1.3 (quarterly, excl RRBs)",44821510.0,195691.0753,,"India Data Portal, RBI BSR-2 bank-group file (year label 2017 = 31-Mar-2018)"
2018,2018,karnataka,10079603,551405.6301,7976,"RBI DBIE BSR-1 Table 1.3 (quarterly, excl RRBs)",117549212.0,835662.1836,,"India Data Portal, RBI BSR-2 bank-group file (year label 2017 = 31-Mar-2018)"
2018,2018,kerala,7562074,265714.28,5589,"RBI DBIE BSR-1 Table 1.3 (quarterly, excl RRBs)",69198441.0,441923.4521,,"India Data Portal, RBI BSR-2 bank-group file (year label 2017 = 31-Mar-2018)"
2018,2018,lakshadweep,5301,82.3505,13,"RBI DBIE BSR-1 Table 1.3 (quarterly, excl RRBs)",86383.99999999999,997.3094,,"India Data Portal, RBI BSR-2 bank-group file (year label 2017 = 31-Mar-2018)"
2018,2018,madhya pradesh,6056046,210503.3223,5077,"RBI DBIE BSR-1 Table 1.3 (quarterly, excl RRBs)",100452566.0,341432.6776,,"India Data Portal, RBI BSR-2 bank-group file (year label 2017 = 31-Mar-2018)"
2018,2018,maharashtra,29949044,2442939.4237,11197,"RBI DBIE BSR-1 Table 1.3 (quarterly, excl RRBs)",197698212.0,2292825.4457,,"India Data Portal, RBI BSR-2 bank-group file (year label 2017 = 31-Mar-2018)"
2018,2018,manipur,135676,3893.2592,150,"RBI DBIE BSR-1 Table 1.3 (quarterly, excl RRBs)",2785256.0,9018.7422,,"India Data Portal, RBI BSR-2 bank-group file (year label 2017 = 31-Mar-2018)"
2018,2018,meghalaya,191417,5181.208,241,"RBI DBIE BSR-1 Table 1.3 (quarterly, excl RRBs)",2745651.0,21502.6243,,"India Data Portal, RBI BSR-2 bank-group file (year label 2017 = 31-Mar-2018)"
2018,2018,mizoram,70238,1938.9456,102,"RBI DBIE BSR-1 Table 1.3 (quarterly, excl RRBs)",1373928.9999999998,8467.9457,,"India Data Portal, RBI BSR-2 bank-group file (year label 2017 = 31-Mar-2018)"
2018,2018,nagaland,131527,3453.2275,147,"RBI DBIE BSR-1 Table 1.3 (quarterly, excl RRBs)",1433284.0,10014.0852,,"India Data Portal, RBI BSR-2 bank-group file (year label 2017 = 31-Mar-2018)"
2018,2018,odisha,4060703,93268.5251,3731,"RBI DBIE BSR-1 Table 1.3 (quarterly, excl RRBs)",60007175.0,268905.4205,,"India Data Portal, RBI BSR-2 bank-group file (year label 2017 = 31-Mar-2018)"
2018,2018,puducherry,418645,9832.0699,198,"RBI DBIE BSR-1 Table 1.3 (quarterly, excl RRBs)",2742377.0,16241.5102,,"India Data Portal, RBI BSR-2 bank-group file (year label 2017 = 31-Mar-2018)"
2018,2018,punjab,3438412,214522.7103,5932,"RBI DBIE BSR-1 Table 1.3 (quarterly, excl RRBs)",60450968.0,347797.4044,,"India Data Portal, RBI BSR-2 bank-group file (year label 2017 = 31-Mar-2018)"
2018,2018,rajasthan,5784112,238458.0163,5555,"RBI DBIE BSR-1 Table 1.3 (quarterly, excl RRBs)",87727566.0,334008.1655,,"India Data Portal, RBI BSR-2 bank-group file (year label 2017 = 31-Mar-2018)"
2018,2018,sikkim,64373,2272.1698,135,"RBI DBIE BSR-1 Table 1.3 (quarterly, excl RRBs)",1004464.0,8532.8445,,"India Data Portal, RBI BSR-2 bank-group file (year label 2017 = 31-Mar-2018)"
2018,2018,tamil nadu,38552759,804302.9493,9905,"RBI DBIE BSR-1 Table 1.3 (quarterly, excl RRBs)",136223243.0,716716.4979,,"India Data Portal, RBI BSR-2 bank-group file (year label 2017 = 31-Mar-2018)"
2018,2018,telangana,5829719,432149.6061,4087,"RBI DBIE BSR-1 Table 1.3 (quarterly, excl RRBs)",67677137.99999999,417817.3143,,"India Data Portal, RBI BSR-2 bank-group file (year label 2017 = 31-Mar-2018)"
2018,2018,tripura,636230,6586.4861,303,"RBI DBIE BSR-1 Table 1.3 (quarterly, excl RRBs)",6244568.999999999,22020.2338,,"India Data Portal, RBI BSR-2 bank-group file (year label 2017 = 31-Mar-2018)"
2018,2018,uttar pradesh,11057943,347993.2161,12426,"RBI DBIE BSR-1 Table 1.3 (quarterly, excl RRBs)",258710682.0,953577.9099,,"India Data Portal, RBI BSR-2 bank-group file (year label 2017 = 31-Mar-2018)"
2018,2018,uttarakhand,1003057,42472.801,1712,"RBI DBIE BSR-1 Table 1.3 (quarterly, excl RRBs)",19150429.0,122535.9172,,"India Data Portal, RBI BSR-2 bank-group file (year label 2017 = 31-Mar-2018)"
2018,2018,west bengal,9204830,357431.4778,6814,"RBI DBIE BSR-1 Table 1.3 (quarterly, excl RRBs)",146805494.0,718580.3238,,"India Data Portal, RBI BSR-2 bank-group file (year label 2017 = 31-Mar-2018)"
2019,2019,andaman and nicobar islands,46881,2173.1822,67,"RBI DBIE BSR-1 Table 1.3 (quarterly, excl RRBs)",615681.0,5185.8272,69.0,"RBI DBIE BSR-2 Table 2.3 (annual, incl RRBs)"
2019,2019,andhra pradesh,11571487,336259.9986,5603,"RBI DBIE BSR-1 Table 1.3 (quarterly, excl RRBs)",91670674.0,300451.8124,7087.0,"RBI DBIE BSR-2 Table 2.3 (annual, incl RRBs)"
2019,2019,arunachal pradesh,84161,3636.1948,123,"RBI DBIE BSR-1 Table 1.3 (quarterly, excl RRBs)",1548936.0,16658.7667,155.0,"RBI DBIE BSR-2 Table 2.3 (annual, incl RRBs)"
2019,2019,assam,3937536,61017.1923,1841,"RBI DBIE BSR-1 Table 1.3 (quarterly, excl RRBs)",41005351.0,147091.1249,2404.0,"RBI DBIE BSR-2 Table 2.3 (annual, incl RRBs)"
2019,2019,bihar,7164536,104761.1922,4641,"RBI DBIE BSR-1 Table 1.3 (quarterly, excl RRBs)",125866480.0,353168.8148,6917.0,"RBI DBIE BSR-2 Table 2.3 (annual, incl RRBs)"
2019,2019,chandigarh,454062,76110.9325,383,"RBI DBIE BSR-1 Table 1.3 (quarterly, excl RRBs)",4185926.0,68300.2662,442.0,"RBI DBIE BSR-2 Table 2.3 (annual, incl RRBs)"
2019,2019,chhattisgarh,1778344,87206.2351,1881,"RBI DBIE BSR-1 Table 1.3 (quarterly, excl RRBs)",39671833.0,142655.6777,2634.0,"RBI DBIE BSR-2 Table 2.3 (annual, incl RRBs)"
2019,2019,dadra and nagar haveli and daman and diu,90576,3585.4593,104,"RBI DBIE BSR-1 Table 1.3 (quarterly, excl RRBs)",1482981.0,9049.0759,106.0,"RBI DBIE BSR-2 Table 2.3 (annual, incl RRBs)"
2019,2019,delhi,5480599,1300025.5191,3453,"RBI DBIE BSR-1 Table 1.3 (quarterly, excl RRBs)",50850314.0,1210108.3568,3716.0,"RBI DBIE BSR-2 Table 2.3 (annual, incl RRBs)"
2019,2019,goa,400388,18802.8204,658,"RBI DBIE BSR-1 Table 1.3 (quarterly, excl RRBs)",5782595.0,71135.309,697.0,"RBI DBIE BSR-2 Table 2.3 (annual, incl RRBs)"
2019,2019,gujarat,7596644,523536.1129,7080,"RBI DBIE BSR-1 Table 1.3 (quarterly, excl RRBs)",98768872.0,674921.5635,8150.0,"RBI DBIE BSR-2 Table 2.3 (annual, incl RRBs)"
2019,2019,haryana,4266885,240905.8083,4148,"RBI DBIE BSR-1 Table 1.3 (quarterly, excl RRBs)",51270033.0,409974.4523,5008.0,"RBI DBIE BSR-2 Table 2.3 (annual, incl RRBs)"
2019,2019,himachal pradesh,794894,27585.383,1332,"RBI DBIE BSR-1 Table 1.3 (quarterly, excl RRBs)",13464595.0,95529.464,1635.0,"RBI DBIE BSR-2 Table 2.3 (annual, incl RRBs)"
2019,2019,jammu and kashmir,1608218,51392.2874,1427,"RBI DBIE BSR-1 Table 1.3 (quarterly, excl RRBs)",21661174.0,118121.756,1830.0,"RBI DBIE BSR-2 Table 2.3 (annual, incl RRBs)"
2019,2019,jharkhand,2820073,57759.3077,2496,"RBI DBIE BSR-1 Table 1.3 (quarterly, excl RRBs)",45663953.0,218584.6903,3051.0,"RBI DBIE BSR-2 Table 2.3 (annual, incl RRBs)"
2019,2019,karnataka,12927241,618391.3382,8133,"RBI DBIE BSR-1 Table 1.3 (quarterly, excl RRBs)",125117732.0,934363.5635,10285.0,"RBI DBIE BSR-2 Table 2.3 (annual, incl RRBs)"
2019,2019,kerala,11598492,308951.0745,5710,"RBI DBIE BSR-1 Table 1.3 (quarterly, excl RRBs)",73495187.0,495761.7621,6622.0,"RBI DBIE BSR-2 Table 2.3 (annual, incl RRBs)"
2019,2019,lakshadweep,5033,88.9274,13,"RBI DBIE BSR-1 Table 1.3 (quarterly, excl RRBs)",100606.0,1095.5798,13.0,"RBI DBIE BSR-2 Table 2.3 (annual, incl RRBs)"
2019,2019,madhya pradesh,7179708,238788.9189,5167,"RBI DBIE BSR-1 Table 1.3 (quarterly, excl RRBs)",105532190.0,368951.1468,6747.0,"RBI DBIE BSR-2 Table 2.3 (annual, incl RRBs)"
2019,2019,maharashtra,41547151,2735586.3891,11391,"RBI DBIE BSR-1 Table 1.3 (quarterly, excl RRBs)",197887425.0,2607844.9044,12943.0,"RBI DBIE BSR-2 Table 2.3 (annual, incl RRBs)"
2019,2019,manipur,173280,4760.0773,153,"RBI DBIE BSR-1 Table 1.3 (quarterly, excl RRBs)",2743213.0,9927.144,192.0,"RBI DBIE BSR-2 Table 2.3 (annual, incl RRBs)"
2019,2019,meghalaya,201633,5779.159,243,"RBI DBIE BSR-1 Table 1.3 (quarterly, excl RRBs)",2840817.0,24063.3983,346.0,"RBI DBIE BSR-2 Table 2.3 (annual, incl RRBs)"
2019,2019,mizoram,77890,2173.7824,102,"RBI DBIE BSR-1 Table 1.3 (quarterly, excl RRBs)",1416119.0,9254.9414,192.0,"RBI DBIE BSR-2 Table 2.3 (annual, incl RRBs)"
2019,2019,nagaland,144338,3929.2198,146,"RBI DBIE BSR-1 Table 1.3 (quarterly, excl RRBs)",1479138.0,11182.8619,164.0,"RBI DBIE BSR-2 Table 2.3 (annual, incl RRBs)"
2019,2019,odisha,5776171,112164.302,3784,"RBI DBIE BSR-1 Table 1.3 (quarterly, excl RRBs)",62128831.0,309553.8177,4914.0,"RBI DBIE BSR-2 Table 2.3 (annual, incl RRBs)"
2019,2019,puducherry,486822,11264.2024,198,"RBI DBIE BSR-1 Table 1.3 (quarterly, excl RRBs)",2830751.0,17817.8613,253.0,"RBI DBIE BSR-2 Table 2.3 (annual, incl RRBs)"
2019,2019,punjab,4689693,222152.2334,5959,"RBI DBIE BSR-1 Table 1.3 (quarterly, excl RRBs)",59582908.0,379577.0044,6614.0,"RBI DBIE BSR-2 Table 2.3 (annual, incl RRBs)"
2019,2019,rajasthan,7069195,288688.2383,5642,"RBI DBIE BSR-1 Table 1.3 (quarterly, excl RRBs)",91436253.0,379007.9058,7391.0,"RBI DBIE BSR-2 Table 2.3 (annual, incl RRBs)"
2019,2019,sikkim,79993,2731.2178,138,"RBI DBIE BSR-1 Table 1.3 (quarterly, excl RRBs)",1030769.0,9632.1536,143.0,"RBI DBIE BSR-2 Table 2.3 (annual, incl RRBs)"
2019,2019,tamil nadu,31777338,869717.717,10040,"RBI DBIE BSR-1 Table 1.3 (quarterly, excl RRBs)",141073289.0,798738.4202,11206.0,"RBI DBIE BSR-2 Table 2.3 (annual, incl RRBs)"
2019,2019,telangana,7959457,468213.8041,4129,"RBI DBIE BSR-1 Table 1.3 (quarterly, excl RRBs)",68060069.0,458580.7597,5227.0,"RBI DBIE BSR-2 Table 2.3 (annual, incl RRBs)"
2019,2019,tripura,691026,7794.5648,305,"RBI DBIE BSR-1 Table 1.3 (quarterly, excl RRBs)",5381675.0,24880.0369,463.0,"RBI DBIE BSR-2 Table 2.3 (annual, incl RRBs)"
2019,2019,uttar pradesh,13593958,393285.6834,12592,"RBI DBIE BSR-1 Table 1.3 (quarterly, excl RRBs)",270239353.0,1041506.6525,17462.0,"RBI DBIE BSR-2 Table 2.3 (annual, incl RRBs)"
2019,2019,uttarakhand,1204160,49172.0743,1744,"RBI DBIE BSR-1 Table 1.3 (quarterly, excl RRBs)",19457870.0,137040.3613,2126.0,"RBI DBIE BSR-2 Table 2.3 (annual, incl RRBs)"
2019,2019,west bengal,11397748,374710.3995,6899,"RBI DBIE BSR-1 Table 1.3 (quarterly, excl RRBs)",147376054.0,779291.2792,8170.0,"RBI DBIE BSR-2 Table 2.3 (annual, incl RRBs)"
2020,2020,andaman and nicobar islands,48807,2381.34,69,"RBI DBIE BSR-1 Table 1.3 (quarterly, excl RRBs)",624585.0,5811.1278,71.0,"RBI DBIE BSR-2 Table 2.3 (annual, incl RRBs)"
2020,2020,andhra pradesh,11979845,375233.7685,5773,"RBI DBIE BSR-1 Table 1.3 (quarterly, excl RRBs)",92229340.0,324872.7126,7252.0,"RBI DBIE BSR-2 Table 2.3 (annual, incl RRBs)"
2020,2020,arunachal pradesh,97683,4115.613,130,"RBI DBIE BSR-1 Table 1.3 (quarterly, excl RRBs)",1668551.0,17170.7788,164.0,"RBI DBIE BSR-2 Table 2.3 (annual, incl RRBs)"
2020,2020,assam,4711540,66581.8354,2389,"RBI DBIE BSR-1 Table 1.3 (quarterly, excl RRBs)",44199128.0,164298.5636,2957.0,"RBI DBIE BSR-2 Table 2.3 (annual, incl RRBs)"
2020,2020,bihar,9903993,116795.485,5148,"RBI DBIE BSR-1 Table 1.3 (quarterly, excl RRBs)",134966208.0,375706.7035,7463.0,"RBI DBIE BSR-2 Table 2.3 (annual, incl RRBs)"
2020,2020,chandigarh,551633,78689.9836,392,"RBI DBIE BSR-1 Table 1.3 (quarterly, excl RRBs)",4354455.0,72551.9738,454.0,"RBI DBIE BSR-2 Table 2.3 (annual, incl RRBs)"
2020,2020,chhattisgarh,2217453,96652.7039,2093,"RBI DBIE BSR-1 Table 1.3 (quarterly, excl RRBs)",40993071.0,160542.0925,2823.0,"RBI DBIE BSR-2 Table 2.3 (annual, incl RRBs)"
2020,2020,dadra and nagar haveli and daman and diu,101785,4457.8753,109,"RBI DBIE BSR-1 Table 1.3 (quarterly, excl RRBs)",1570839.0,9978.8494,110.0,"RBI DBIE BSR-2 Table 2.3 (annual, incl RRBs)"
2020,2020,delhi,6265103,1365109.8536,3555,"RBI DBIE BSR-1 Table 1.3 (quarterly, excl RRBs)",53149594.0,1238244.5074,3825.0,"RBI DBIE BSR-2 Table 2.3 (annual, incl RRBs)"
2020,2020,goa,442171,19241.7067,667,"RBI DBIE BSR-1 Table 1.3 (quarterly, excl RRBs)",5976224.0,76533.1665,697.0,"RBI DBIE BSR-2 Table 2.3 (annual, incl RRBs)"
2020,2020,gujarat,9699503,543038.8289,7517,"RBI DBIE BSR-1 Table 1.3 (quarterly, excl RRBs)",103155310.0,738912.2492,8626.0,"RBI DBIE BSR-2 Table 2.3 (annual, incl RRBs)"
2020,2020,haryana,5365664,250466.4527,4311,"RBI DBIE BSR-1 Table 1.3 (quarterly, excl RRBs)",54161437.0,475351.6274,5224.0,"RBI DBIE BSR-2 Table 2.3 (annual, incl RRBs)"
2020,2020,himachal pradesh,845151,29189.6536,1346,"RBI DBIE BSR-1 Table 1.3 (quarterly, excl RRBs)",14095312.0,103544.6093,1652.0,"RBI DBIE BSR-2 Table 2.3 (annual, incl RRBs)"
2020,2020,jammu and kashmir,2388608,57812.1878,1461,"RBI DBIE BSR-1 Table 1.3 (quarterly, excl RRBs)",22158550.0,132980.3413,1835.0,"RBI DBIE BSR-2 Table 2.3 (annual, incl RRBs)"
2020,2020,jharkhand,3825875,63602.9419,2625,"RBI DBIE BSR-1 Table 1.3 (quarterly, excl RRBs)",47965103.0,234105.5142,3169.0,"RBI DBIE BSR-2 Table 2.3 (annual, incl RRBs)"
2020,2020,karnataka,16034297,659094.1659,8549,"RBI DBIE BSR-1 Table 1.3 (quarterly, excl RRBs)",132963226.0,1061241.8786,10778.0,"RBI DBIE BSR-2 Table 2.3 (annual, incl RRBs)"
2020,2020,kerala,11832389,336474.0195,5844,"RBI DBIE BSR-1 Table 1.3 (quarterly, excl RRBs)",76371710.0,545023.8033,6801.0,"RBI DBIE BSR-2 Table 2.3 (annual, incl RRBs)"
2020,2020,lakshadweep,4971,96.5768,13,"RBI DBIE BSR-1 Table 1.3 (quarterly, excl RRBs)",102342.0,1114.6209,13.0,"RBI DBIE BSR-2 Table 2.3 (annual, incl RRBs)"
2020,2020,madhya pradesh,9355399,262243.899,5641,"RBI DBIE BSR-1 Table 1.3 (quarterly, excl RRBs)",110583441.0,396778.9348,7234.0,"RBI DBIE BSR-2 Table 2.3 (annual, incl RRBs)"
2020,2020,maharashtra,51034142,2855325.6755,12008,"RBI DBIE BSR-1 Table 1.3 (quarterly, excl RRBs)",211184851.0,2807751.0244,13578.0,"RBI DBIE BSR-2 Table 2.3 (annual, incl RRBs)"
2020,2020,manipur,216015,5767.3136,172,"RBI DBIE BSR-1 Table 1.3 (quarterly, excl RRBs)",2896180.0,10368.8324,203.0,"RBI DBIE BSR-2 Table 2.3 (annual, incl RRBs)"
2020,2020,meghalaya,223344,7617.8834,262,"RBI DBIE BSR-1 Table 1.3 (quarterly, excl RRBs)",2995065.0,23755.9773,364.0,"RBI DBIE BSR-2 Table 2.3 (annual, incl RRBs)"
2020,2020,mizoram,94839,2551.2283,112,"RBI DBIE BSR-1 Table 1.3 (quarterly, excl RRBs)",1490844.0,11332.1984,203.0,"RBI DBIE BSR-2 Table 2.3 (annual, incl RRBs)"
2020,2020,nagaland,164355,4561.7808,161,"RBI DBIE BSR-1 Table 1.3 (quarterly, excl RRBs)",1571267.0,12242.2413,176.0,"RBI DBIE BSR-2 Table 2.3 (annual, incl RRBs)"
2020,2020,odisha,7253754,126844.2928,4081,"RBI DBIE BSR-1 Table 1.3 (quarterly, excl RRBs)",65762478.0,341140.1865,5223.0,"RBI DBIE BSR-2 Table 2.3 (annual, incl RRBs)"
2020,2020,puducherry,600588,12140.0135,214,"RBI DBIE BSR-1 Table 1.3 (quarterly, excl RRBs)",3034786.0,20042.6096,267.0,"RBI DBIE BSR-2 Table 2.3 (annual, incl RRBs)"
2020,2020,punjab,5531327,227892.616,6049,"RBI DBIE BSR-1 Table 1.3 (quarterly, excl RRBs)",62079607.0,410987.0131,6735.0,"RBI DBIE BSR-2 Table 2.3 (annual, incl RRBs)"
2020,2020,rajasthan,9121408,312919.9761,5947,"RBI DBIE BSR-1 Table 1.3 (quarterly, excl RRBs)",96474388.0,420149.6877,7775.0,"RBI DBIE BSR-2 Table 2.3 (annual, incl RRBs)"
2020,2020,sikkim,102013,3158.7149,160,"RBI DBIE BSR-1 Table 1.3 (quarterly, excl RRBs)",1094265.0,10129.9112,162.0,"RBI DBIE BSR-2 Table 2.3 (annual, incl RRBs)"
2020,2020,tamil nadu,35820637,954276.6661,10594,"RBI DBIE BSR-1 Table 1.3 (quarterly, excl RRBs)",150024247.0,899037.531,11829.0,"RBI DBIE BSR-2 Table 2.3 (annual, incl RRBs)"
2020,2020,telangana,8951513,493295.9513,4288,"RBI DBIE BSR-1 Table 1.3 (quarterly, excl RRBs)",69524662.0,498183.9804,5388.0,"RBI DBIE BSR-2 Table 2.3 (annual, incl RRBs)"
2020,2020,tripura,737881,8498.5144,409,"RBI DBIE BSR-1 Table 1.3 (quarterly, excl RRBs)",5563642.0,26486.635,565.0,"RBI DBIE BSR-2 Table 2.3 (annual, incl RRBs)"
2020,2020,uttar pradesh,15904239,422533.198,13114,"RBI DBIE BSR-1 Table 1.3 (quarterly, excl RRBs)",281156529.0,1144902.0633,18041.0,"RBI DBIE BSR-2 Table 2.3 (annual, incl RRBs)"
2020,2020,uttarakhand,1317075,52200.6089,1815,"RBI DBIE BSR-1 Table 1.3 (quarterly, excl RRBs)",20252707.0,149549.3211,2194.0,"RBI DBIE BSR-2 Table 2.3 (annual, incl RRBs)"
2020,2020,west bengal,14348369,396897.0752,7966,"RBI DBIE BSR-1 Table 1.3 (quarterly, excl RRBs)",152653530.0,827831.789,9251.0,"RBI DBIE BSR-2 Table 2.3 (annual, incl RRBs)"
2021,2021,andaman and nicobar islands,57035,2795.2096,69,"RBI DBIE BSR-1 Table 1.3 (quarterly, excl RRBs)",583380.0,6043.3168,72.0,"RBI DBIE BSR-2 Table 2.3 (annual, incl RRBs)"
2021,2021,andhra pradesh,13169442,434888.218,5930,"RBI DBIE BSR-1 Table 1.3 (quarterly, excl RRBs)",95917846.0,359770.0462,7431.0,"RBI DBIE BSR-2 Table 2.3 (annual, incl RRBs)"
2021,2021,arunachal pradesh,109693,4720.2966,132,"RBI DBIE BSR-1 Table 1.3 (quarterly, excl RRBs)",1603533.0,19525.1886,169.0,"RBI DBIE BSR-2 Table 2.3 (annual, incl RRBs)"
2021,2021,assam,5378910,76466.7008,2428,"RBI DBIE BSR-1 Table 1.3 (quarterly, excl RRBs)",47975276.0,173013.5673,3020.0,"RBI DBIE BSR-2 Table 2.3 (annual, incl RRBs)"
2021,2021,bihar,10796631,138927.3961,5263,"RBI DBIE BSR-1 Table 1.3 (quarterly, excl RRBs)",142163767.0,397491.6831,7584.0,"RBI DBIE BSR-2 Table 2.3 (annual, incl RRBs)"
2021,2021,chandigarh,576544,78152.8793,384,"RBI DBIE BSR-1 Table 1.3 (quarterly, excl RRBs)",4275328.0,81320.1926,442.0,"RBI DBIE BSR-2 Table 2.3 (annual, incl RRBs)"
2021,2021,chhattisgarh,2860184,104136.439,2145,"RBI DBIE BSR-1 Table 1.3 (quarterly, excl RRBs)",42380082.0,173216.7106,2844.0,"RBI DBIE BSR-2 Table 2.3 (annual, incl RRBs)"
2021,2021,dadra and nagar haveli and daman and diu,111737,4089.4123,104,"RBI DBIE BSR-1 Table 1.3 (quarterly, excl RRBs)",1548725.0,11586.1021,104.0,"RBI DBIE BSR-2 Table 2.3 (annual, incl RRBs)"
2021,2021,delhi,6369108,1315663.4217,3510,"RBI DBIE BSR-1 Table 1.3 (quarterly, excl RRBs)",52543234.0,1400864.0287,3747.0,"RBI DBIE BSR-2 Table 2.3 (annual, incl RRBs)"
2021,2021,goa,474863,21037.7284,659,"RBI DBIE BSR-1 Table 1.3 (quarterly, excl RRBs)",5868775.0,85771.2951,687.0,"RBI DBIE BSR-2 Table 2.3 (annual, incl RRBs)"
2021,2021,gujarat,10445820,569804.6558,7541,"RBI DBIE BSR-1 Table 1.3 (quarterly, excl RRBs)",105125462.0,830161.0341,8582.0,"RBI DBIE BSR-2 Table 2.3 (annual, incl RRBs)"
2021,2021,haryana,5944910,276803.6931,4347,"RBI DBIE BSR-1 Table 1.3 (quarterly, excl RRBs)",54791434.0,538564.7577,5225.0,"RBI DBIE BSR-2 Table 2.3 (annual, incl RRBs)"
2021,2021,himachal pradesh,953588,32328.2784,1361,"RBI DBIE BSR-1 Table 1.3 (quarterly, excl RRBs)",13811004.0,112344.3356,1683.0,"RBI DBIE BSR-2 Table 2.3 (annual, incl RRBs)"
2021,2021,jammu and kashmir,2448300,68354.3333,1476,"RBI DBIE BSR-1 Table 1.3 (quarterly, excl RRBs)",22646991.0,149058.25650000002,1875.0,"RBI DBIE BSR-2 Table 2.3 (annual, incl RRBs)"
2021,2021,jharkhand,4318552,72920.785,2659,"RBI DBIE BSR-1 Table 1.3 (quarterly, excl RRBs)",50250909.0,256069.774,3190.0,"RBI DBIE BSR-2 Table 2.3 (annual, incl RRBs)"
2021,2021,karnataka,17322557,714113.1023,8659,"RBI DBIE BSR-1 Table 1.3 (quarterly, excl RRBs)",131364488.0,1256023.429,10875.0,"RBI DBIE BSR-2 Table 2.3 (annual, incl RRBs)"
2021,2021,kerala,11686495,360305.8833,5969,"RBI DBIE BSR-1 Table 1.3 (quarterly, excl RRBs)",76629780.0,607649.0836,6869.0,"RBI DBIE BSR-2 Table 2.3 (annual, incl RRBs)"
2021,2021,lakshadweep,5355,97.2256,12,"RBI DBIE BSR-1 Table 1.3 (quarterly, excl RRBs)",87547.0,1238.6616,21.0,"RBI DBIE BSR-2 Table 2.3 (annual, incl RRBs)"
2021,2021,madhya pradesh,10637955,294251.8729,5743,"RBI DBIE BSR-1 Table 1.3 (quarterly, excl RRBs)",112592643.0,453371.9983,7248.0,"RBI DBIE BSR-2 Table 2.3 (annual, incl RRBs)"
2021,2021,maharashtra,56772651,2915896.6242,12158,"RBI DBIE BSR-1 Table 1.3 (quarterly, excl RRBs)",220073570.0,3163107.7141,13648.0,"RBI DBIE BSR-2 Table 2.3 (annual, incl RRBs)"
2021,2021,manipur,255299,6925.7856,178,"RBI DBIE BSR-1 Table 1.3 (quarterly, excl RRBs)",3069499.0,12322.6519,210.0,"RBI DBIE BSR-2 Table 2.3 (annual, incl RRBs)"
2021,2021,meghalaya,243519,8876.9412,264,"RBI DBIE BSR-1 Table 1.3 (quarterly, excl RRBs)",3175652.0,25821.4491,367.0,"RBI DBIE BSR-2 Table 2.3 (annual, incl RRBs)"
2021,2021,mizoram,106317,2988.466,115,"RBI DBIE BSR-1 Table 1.3 (quarterly, excl RRBs)",1558558.0,11999.8455,210.0,"RBI DBIE BSR-2 Table 2.3 (annual, incl RRBs)"
2021,2021,nagaland,187122,5399.1531,164,"RBI DBIE BSR-1 Table 1.3 (quarterly, excl RRBs)",1639343.0,12579.4336,180.0,"RBI DBIE BSR-2 Table 2.3 (annual, incl RRBs)"
2021,2021,odisha,8108425,135070.6597,4150,"RBI DBIE BSR-1 Table 1.3 (quarterly, excl RRBs)",68638037.0,363567.2283,5289.0,"RBI DBIE BSR-2 Table 2.3 (annual, incl RRBs)"
2021,2021,puducherry,629170,13501.3082,217,"RBI DBIE BSR-1 Table 1.3 (quarterly, excl RRBs)",3075824.0,22137.8457,268.0,"RBI DBIE BSR-2 Table 2.3 (annual, incl RRBs)"
2021,2021,punjab,6168376,245058.6383,5998,"RBI DBIE BSR-1 Table 1.3 (quarterly, excl RRBs)",60968084.0,459027.494,6700.0,"RBI DBIE BSR-2 Table 2.3 (annual, incl RRBs)"
2021,2021,rajasthan,10184102,344143.3092,6079,"RBI DBIE BSR-1 Table 1.3 (quarterly, excl RRBs)",99425466.0,474437.8967,7871.0,"RBI DBIE BSR-2 Table 2.3 (annual, incl RRBs)"
2021,2021,sikkim,114686,3799.5892,163,"RBI DBIE BSR-1 Table 1.3 (quarterly, excl RRBs)",1105684.0,10604.1765,164.0,"RBI DBIE BSR-2 Table 2.3 (annual, incl RRBs)"
2021,2021,tamil nadu,37847074,1010122.3929,10906,"RBI DBIE BSR-1 Table 1.3 (quarterly, excl RRBs)",151821541.0,1008730.9389,12028.0,"RBI DBIE BSR-2 Table 2.3 (annual, incl RRBs)"
2021,2021,telangana,10256008,538079.4063,4469,"RBI DBIE BSR-1 Table 1.3 (quarterly, excl RRBs)",71324744.0,605467.8497,5579.0,"RBI DBIE BSR-2 Table 2.3 (annual, incl RRBs)"
2021,2021,tripura,860733,9247.3363,420,"RBI DBIE BSR-1 Table 1.3 (quarterly, excl RRBs)",5795488.0,28400.0286,579.0,"RBI DBIE BSR-2 Table 2.3 (annual, incl RRBs)"
2021,2021,uttar pradesh,18056326,472504.8698,13230,"RBI DBIE BSR-1 Table 1.3 (quarterly, excl RRBs)",283999568.0,1277877.944,18125.0,"RBI DBIE BSR-2 Table 2.3 (annual, incl RRBs)"
2021,2021,uttarakhand,1472045,55741.4332,1838,"RBI DBIE BSR-1 Table 1.3 (quarterly, excl RRBs)",20080177.0,165332.7231,2220.0,"RBI DBIE BSR-2 Table 2.3 (annual, incl RRBs)"
2021,2021,west bengal,16566328,401227.685,8096,"RBI DBIE BSR-1 Table 1.3 (quarterly, excl RRBs)",158614408.0,889011.2839,9379.0,"RBI DBIE BSR-2 Table 2.3 (annual, incl RRBs)"
2022,2022,andaman and nicobar islands,61020,3146.2971,68,"RBI DBIE BSR-1 Table 1.3 (quarterly, excl RRBs)",608150.0,6772.6593,72.0,"RBI DBIE BSR-2 Table 2.3 (annual, incl RRBs)"
2022,2022,andhra pradesh,14392242,493143.7953,5935,"RBI DBIE BSR-1 Table 1.3 (quarterly, excl RRBs)",98507220.0,385881.0001,7446.0,"RBI DBIE BSR-2 Table 2.3 (annual, incl RRBs)"
2022,2022,arunachal pradesh,118293,5647.3434,133,"RBI DBIE BSR-1 Table 1.3 (quarterly, excl RRBs)",1946181.0,24121.2383,172.0,"RBI DBIE BSR-2 Table 2.3 (annual, incl RRBs)"
2022,2022,assam,4820670,87559.6612,2434,"RBI DBIE BSR-1 Table 1.3 (quarterly, excl RRBs)",51977238.0,189482.7869,3043.0,"RBI DBIE BSR-2 Table 2.3 (annual, incl RRBs)"
2022,2022,bihar,11469178,167104.8212,5305,"RBI DBIE BSR-1 Table 1.3 (quarterly, excl RRBs)",153926494.0,442416.927,7640.0,"RBI DBIE BSR-2 Table 2.3 (annual, incl RRBs)"
2022,2022,chandigarh,541374,80475.9462,380,"RBI DBIE BSR-1 Table 1.3 (quarterly, excl RRBs)",4526153.0,89738.4708,438.0,"RBI DBIE BSR-2 Table 2.3 (annual, incl RRBs)"
2022,2022,chhattisgarh,2859690,125716.5619,2170,"RBI DBIE BSR-1 Table 1.3 (quarterly, excl RRBs)",44757758.0,197250.3787,2897.0,"RBI DBIE BSR-2 Table 2.3 (annual, incl RRBs)"
2022,2022,dadra and nagar haveli and daman and diu,117759,4721.2839,103,"RBI DBIE BSR-1 Table 1.3 (quarterly, excl RRBs)",1631456.0,13210.0566,102.0,"RBI DBIE BSR-2 Table 2.3 (annual, incl RRBs)"
2022,2022,delhi,6573243,1388168.4266,3459,"RBI DBIE BSR-1 Table 1.3 (quarterly, excl RRBs)",57770996.0,1489929.9302,3712.0,"RBI DBIE BSR-2 Table 2.3 (annual, incl RRBs)"
2022,2022,goa,480978,22605.4458,640,"RBI DBIE BSR-1 Table 1.3 (quarterly, excl RRBs)",6013367.0,92899.5292,663.0,"RBI DBIE BSR-2 Table 2.3 (annual, incl RRBs)"
2022,2022,gujarat,11335070,637585.6221,7538,"RBI DBIE BSR-1 Table 1.3 (quarterly, excl RRBs)",108522063.0,928467.6584,8599.0,"RBI DBIE BSR-2 Table 2.3 (annual, incl RRBs)"
2022,2022,haryana,6329300,325073.623,4297,"RBI DBIE BSR-1 Table 1.3 (quarterly, excl RRBs)",60376428.0,614013.9498,5190.0,"RBI DBIE BSR-2 Table 2.3 (annual, incl RRBs)"
2022,2022,himachal pradesh,988494,36810.4535,1353,"RBI DBIE BSR-1 Table 1.3 (quarterly, excl RRBs)",15319423.0,123671.7909,1674.0,"RBI DBIE BSR-2 Table 2.3 (annual, incl RRBs)"
2022,2022,jammu and kashmir,2511554,78153.9701,1500,"RBI DBIE BSR-1 Table 1.3 (quarterly, excl RRBs)",23707551.0,160683.687,1897.0,"RBI DBIE BSR-2 Table 2.3 (annual, incl RRBs)"
2022,2022,jharkhand,4546715,83304.2417,2653,"RBI DBIE BSR-1 Table 1.3 (quarterly, excl RRBs)",52988029.0,282989.1434,3206.0,"RBI DBIE BSR-2 Table 2.3 (annual, incl RRBs)"
2022,2022,karnataka,18304964,797946.1328,8573,"RBI DBIE BSR-1 Table 1.3 (quarterly, excl RRBs)",133941008.0,1382551.7441,10780.0,"RBI DBIE BSR-2 Table 2.3 (annual, incl RRBs)"
2022,2022,kerala,11533174,394412.0393,5882,"RBI DBIE BSR-1 Table 1.3 (quarterly, excl RRBs)",83172705.0,670289.4697,6814.0,"RBI DBIE BSR-2 Table 2.3 (annual, incl RRBs)"
2022,2022,lakshadweep,6016,117.5588,12,"RBI DBIE BSR-1 Table 1.3 (quarterly, excl RRBs)",91566.0,1230.4191,21.0,"RBI DBIE BSR-2 Table 2.3 (annual, incl RRBs)"
2022,2022,madhya pradesh,11167181,329216.6846,5787,"RBI DBIE BSR-1 Table 1.3 (quarterly, excl RRBs)",119624584.0,510313.0058,7338.0,"RBI DBIE BSR-2 Table 2.3 (annual, incl RRBs)"
2022,2022,maharashtra,72371088,3198247.83,12164,"RBI DBIE BSR-1 Table 1.3 (quarterly, excl RRBs)",233188807.0,3491987.694,13590.0,"RBI DBIE BSR-2 Table 2.3 (annual, incl RRBs)"
2022,2022,manipur,265209,8096.5808,186,"RBI DBIE BSR-1 Table 1.3 (quarterly, excl RRBs)",3471552.0,13813.2222,225.0,"RBI DBIE BSR-2 Table 2.3 (annual, incl RRBs)"
2022,2022,meghalaya,240653,8469.417,264,"RBI DBIE BSR-1 Table 1.3 (quarterly, excl RRBs)",3338442.0,29440.6962,368.0,"RBI DBIE BSR-2 Table 2.3 (annual, incl RRBs)"
2022,2022,mizoram,101864,3434.0657,118,"RBI DBIE BSR-1 Table 1.3 (quarterly, excl RRBs)",1587447.0,13101.6704,220.0,"RBI DBIE BSR-2 Table 2.3 (annual, incl RRBs)"
2022,2022,nagaland,188369,6220.5993,165,"RBI DBIE BSR-1 Table 1.3 (quarterly, excl RRBs)",1717794.0,14579.2979,182.0,"RBI DBIE BSR-2 Table 2.3 (annual, incl RRBs)"
2022,2022,odisha,8459533,162369.8743,4211,"RBI DBIE BSR-1 Table 1.3 (quarterly, excl RRBs)",73806889.0,421412.6277,5367.0,"RBI DBIE BSR-2 Table 2.3 (annual, incl RRBs)"
2022,2022,puducherry,656663,14676.2824,215,"RBI DBIE BSR-1 Table 1.3 (quarterly, excl RRBs)",3245201.0,24552.4056,265.0,"RBI DBIE BSR-2 Table 2.3 (annual, incl RRBs)"
2022,2022,punjab,6303778,267627.7115,5867,"RBI DBIE BSR-1 Table 1.3 (quarterly, excl RRBs)",67768161.0,510137.9739,6550.0,"RBI DBIE BSR-2 Table 2.3 (annual, incl RRBs)"
2022,2022,rajasthan,10926226,389204.8119,6159,"RBI DBIE BSR-1 Table 1.3 (quarterly, excl RRBs)",107916435.0,530633.8932,7969.0,"RBI DBIE BSR-2 Table 2.3 (annual, incl RRBs)"
2022,2022,sikkim,115104,4878.1011,159,"RBI DBIE BSR-1 Table 1.3 (quarterly, excl RRBs)",1152756.0,12410.573,165.0,"RBI DBIE BSR-2 Table 2.3 (annual, incl RRBs)"
2022,2022,tamil nadu,38123038,1109683.1736,10942,"RBI DBIE BSR-1 Table 1.3 (quarterly, excl RRBs)",158085491.0,1117411.8049,12094.0,"RBI DBIE BSR-2 Table 2.3 (annual, incl RRBs)"
2022,2022,telangana,10945772,589688.3931,4479,"RBI DBIE BSR-1 Table 1.3 (quarterly, excl RRBs)",74587894.0,638949.1259,5605.0,"RBI DBIE BSR-2 Table 2.3 (annual, incl RRBs)"
2022,2022,tripura,764151,10307.3605,420,"RBI DBIE BSR-1 Table 1.3 (quarterly, excl RRBs)",6099956.0,31304.2481,589.0,"RBI DBIE BSR-2 Table 2.3 (annual, incl RRBs)"
2022,2022,uttar pradesh,19021514,551027.2597,13158,"RBI DBIE BSR-1 Table 1.3 (quarterly, excl RRBs)",305323727.0,1394176.5309,18073.0,"RBI DBIE BSR-2 Table 2.3 (annual, incl RRBs)"
2022,2022,uttarakhand,1514188,61755.7516,1802,"RBI DBIE BSR-1 Table 1.3 (quarterly, excl RRBs)",21882622.0,180784.1851,2176.0,"RBI DBIE BSR-2 Table 2.3 (annual, incl RRBs)"
2022,2022,west bengal,15082207,440085.0649,8293,"RBI DBIE BSR-1 Table 1.3 (quarterly, excl RRBs)",172418288.0,978185.2807,9616.0,"RBI DBIE BSR-2 Table 2.3 (annual, incl RRBs)"
2023,2023,andaman and nicobar islands,70739,3674.7137,70,"RBI DBIE BSR-1 Table 1.3 (quarterly, excl RRBs)",643072.0,7121.6694,70.0,"RBI DBIE BSR-2 Table 2.3 (annual, incl RRBs)"
2023,2023,andhra pradesh,15940925,574544.0818,6123,"RBI DBIE BSR-1 Table 1.3 (quarterly, excl RRBs)",100356722.0,429718.6632,7663.0,"RBI DBIE BSR-2 Table 2.3 (annual, incl RRBs)"
2023,2023,arunachal pradesh,129805,6912.6701,147,"RBI DBIE BSR-1 Table 1.3 (quarterly, excl RRBs)",2093419.0,26656.4016,187.0,"RBI DBIE BSR-2 Table 2.3 (annual, incl RRBs)"
2023,2023,assam,4477590,101891.8632,2473,"RBI DBIE BSR-1 Table 1.3 (quarterly, excl RRBs)",56882605.0,207312.2152,3085.0,"RBI DBIE BSR-2 Table 2.3 (annual, incl RRBs)"
2023,2023,bihar,12949890,197375.5904,5467,"RBI DBIE BSR-1 Table 1.3 (quarterly, excl RRBs)",158631066.0,478429.1163,7832.0,"RBI DBIE BSR-2 Table 2.3 (annual, incl RRBs)"
2023,2023,chandigarh,572289,75587.2819,387,"RBI DBIE BSR-1 Table 1.3 (quarterly, excl RRBs)",6633819.0,99918.1913,449.0,"RBI DBIE BSR-2 Table 2.3 (annual, incl RRBs)"
2023,2023,chhattisgarh,3091736,150393.4311,2260,"RBI DBIE BSR-1 Table 1.3 (quarterly, excl RRBs)",45493127.0,216407.0054,2979.0,"RBI DBIE BSR-2 Table 2.3 (annual, incl RRBs)"
2023,2023,dadra and nagar haveli and daman and diu,123391,5407.1938,103,"RBI DBIE BSR-1 Table 1.3 (quarterly, excl RRBs)",1735839.0,14188.1721,103.0,"RBI DBIE BSR-2 Table 2.3 (annual, incl RRBs)"
2023,2023,delhi,7270725,1496251.4732,3524,"RBI DBIE BSR-1 Table 1.3 (quarterly, excl RRBs)",126406800.0,1658865.9538,3775.0,"RBI DBIE BSR-2 Table 2.3 (annual, incl RRBs)"
2023,2023,goa,508433,25565.91,647,"RBI DBIE BSR-1 Table 1.3 (quarterly, excl RRBs)",6320770.0,102037.7539,668.0,"RBI DBIE BSR-2 Table 2.3 (annual, incl RRBs)"
2023,2023,gujarat,12606273,721270.0599,7817,"RBI DBIE BSR-1 Table 1.3 (quarterly, excl RRBs)",115748971.0,1027452.765,8862.0,"RBI DBIE BSR-2 Table 2.3 (annual, incl RRBs)"
2023,2023,haryana,7128432,397500.5764,4426,"RBI DBIE BSR-1 Table 1.3 (quarterly, excl RRBs)",66351754.0,702370.0609,5326.0,"RBI DBIE BSR-2 Table 2.3 (annual, incl RRBs)"
2023,2023,himachal pradesh,1043441,42064.9254,1398,"RBI DBIE BSR-1 Table 1.3 (quarterly, excl RRBs)",16594860.0,136485.6652,1734.0,"RBI DBIE BSR-2 Table 2.3 (annual, incl RRBs)"
2023,2023,jammu and kashmir,2722456,89906.7625,1571,"RBI DBIE BSR-1 Table 1.3 (quarterly, excl RRBs)",25126764.0,171156.98510000002,1967.0,"RBI DBIE BSR-2 Table 2.3 (annual, incl RRBs)"
2023,2023,jharkhand,4963601,99191.9032,2724,"RBI DBIE BSR-1 Table 1.3 (quarterly, excl RRBs)",54789800.0,304044.0182,3298.0,"RBI DBIE BSR-2 Table 2.3 (annual, incl RRBs)"
2023,2023,karnataka,19888746,916494.8504,8830,"RBI DBIE BSR-1 Table 1.3 (quarterly, excl RRBs)",143759011.0,1485252.9164,11034.0,"RBI DBIE BSR-2 Table 2.3 (annual, incl RRBs)"
2023,2023,kerala,12250096,454590.7984,6004,"RBI DBIE BSR-1 Table 1.3 (quarterly, excl RRBs)",90843196.0,724012.8399,6921.0,"RBI DBIE BSR-2 Table 2.3 (annual, incl RRBs)"
2023,2023,lakshadweep,6808,144.8379,13,"RBI DBIE BSR-1 Table 1.3 (quarterly, excl RRBs)",94804.0,1412.509,22.0,"RBI DBIE BSR-2 Table 2.3 (annual, incl RRBs)"
2023,2023,madhya pradesh,11734183,375456.6829,5978,"RBI DBIE BSR-1 Table 1.3 (quarterly, excl RRBs)",129791040.0,547367.403,7541.0,"RBI DBIE BSR-2 Table 2.3 (annual, incl RRBs)"
2023,2023,maharashtra,93269579,3891878.9035,12561,"RBI DBIE BSR-1 Table 1.3 (quarterly, excl RRBs)",258512123.0,3922907.8327,13972.0,"RBI DBIE BSR-2 Table 2.3 (annual, incl RRBs)"
2023,2023,manipur,312948,10477.3222,200,"RBI DBIE BSR-1 Table 1.3 (quarterly, excl RRBs)",3598482.0,14850.5826,240.0,"RBI DBIE BSR-2 Table 2.3 (annual, incl RRBs)"
2023,2023,meghalaya,252439,10652.4008,269,"RBI DBIE BSR-1 Table 1.3 (quarterly, excl RRBs)",3506501.0,31274.5838,374.0,"RBI DBIE BSR-2 Table 2.3 (annual, incl RRBs)"
2023,2023,mizoram,111899,4021.9384,121,"RBI DBIE BSR-1 Table 1.3 (quarterly, excl RRBs)",1664672.0,14681.8489,227.0,"RBI DBIE BSR-2 Table 2.3 (annual, incl RRBs)"
2023,2023,nagaland,199446,7574.9572,176,"RBI DBIE BSR-1 Table 1.3 (quarterly, excl RRBs)",1832801.0,15579.4457,192.0,"RBI DBIE BSR-2 Table 2.3 (annual, incl RRBs)"
2023,2023,odisha,8934020,192227.931,4376,"RBI DBIE BSR-1 Table 1.3 (quarterly, excl RRBs)",79578034.0,463318.1299,5548.0,"RBI DBIE BSR-2 Table 2.3 (annual, incl RRBs)"
2023,2023,puducherry,673567,16495.1835,218,"RBI DBIE BSR-1 Table 1.3 (quarterly, excl RRBs)",3518046.0,26468.5339,272.0,"RBI DBIE BSR-2 Table 2.3 (annual, incl RRBs)"
2023,2023,punjab,6728426,291055.3242,5950,"RBI DBIE BSR-1 Table 1.3 (quarterly, excl RRBs)",71320660.0,560275.3074,6612.0,"RBI DBIE BSR-2 Table 2.3 (annual, incl RRBs)"
2023,2023,rajasthan,11966012,452458.9363,6475,"RBI DBIE BSR-1 Table 1.3 (quarterly, excl RRBs)",117782931.0,594425.8077,8304.0,"RBI DBIE BSR-2 Table 2.3 (annual, incl RRBs)"
2023,2023,sikkim,123613,5803.6072,164,"RBI DBIE BSR-1 Table 1.3 (quarterly, excl RRBs)",1232900.0,13553.9585,168.0,"RBI DBIE BSR-2 Table 2.3 (annual, incl RRBs)"
2023,2023,tamil nadu,39869393,1260693.9827,11299,"RBI DBIE BSR-1 Table 1.3 (quarterly, excl RRBs)",178253442.0,1211393.8636,12407.0,"RBI DBIE BSR-2 Table 2.3 (annual, incl RRBs)"
2023,2023,telangana,12154235,686926.1631,4668,"RBI DBIE BSR-1 Table 1.3 (quarterly, excl RRBs)",80947704.0,693886.8658,5819.0,"RBI DBIE BSR-2 Table 2.3 (annual, incl RRBs)"
2023,2023,tripura,727859,10878.2872,433,"RBI DBIE BSR-1 Table 1.3 (quarterly, excl RRBs)",7100330.0,34065.312,613.0,"RBI DBIE BSR-2 Table 2.3 (annual, incl RRBs)"
2023,2023,uttar pradesh,21177443,644125.8247,13423,"RBI DBIE BSR-1 Table 1.3 (quarterly, excl RRBs)",361038793.0,1548627.2016,18415.0,"RBI DBIE BSR-2 Table 2.3 (annual, incl RRBs)"
2023,2023,uttarakhand,1676856,69892.281,1828,"RBI DBIE BSR-1 Table 1.3 (quarterly, excl RRBs)",23136832.0,200424.6734,2202.0,"RBI DBIE BSR-2 Table 2.3 (annual, incl RRBs)"
2023,2023,west bengal,15954201,489030.3749,8477,"RBI DBIE BSR-1 Table 1.3 (quarterly, excl RRBs)",182483391.0,1056366.6272,9761.0,"RBI DBIE BSR-2 Table 2.3 (annual, incl RRBs)"
2024,2024,andaman and nicobar islands,78959,4109.8492,70,"RBI DBIE BSR-1 Table 1.3 (quarterly, excl RRBs)",670742.0,7745.6798,74.0,"RBI DBIE BSR-2 Table 2.3 (annual, incl RRBs)"
2024,2024,andhra pradesh,17805519,680889.8161,6344,"RBI DBIE BSR-1 Table 1.3 (quarterly, excl RRBs)",101659953.0,480579.6867,7898.0,"RBI DBIE BSR-2 Table 2.3 (annual, incl RRBs)"
2024,2024,arunachal pradesh,144146,8282.1737,163,"RBI DBIE BSR-1 Table 1.3 (quarterly, excl RRBs)",2217677.0,29204.6564,206.0,"RBI DBIE BSR-2 Table 2.3 (annual, incl RRBs)"
2024,2024,assam,4449117,120820.7597,2570,"RBI DBIE BSR-1 Table 1.3 (quarterly, excl RRBs)",57741399.0,220474.2979,3190.0,"RBI DBIE BSR-2 Table 2.3 (annual, incl RRBs)"
2024,2024,bihar,15350386,238171.4005,5649,"RBI DBIE BSR-1 Table 1.3 (quarterly, excl RRBs)",159765676.0,524251.0505,7979.0,"RBI DBIE BSR-2 Table 2.3 (annual, incl RRBs)"
2024,2024,chandigarh,596069,83007.7182,402,"RBI DBIE BSR-1 Table 1.3 (quarterly, excl RRBs)",4979675.0,114088.583,466.0,"RBI DBIE BSR-2 Table 2.3 (annual, incl RRBs)"
2024,2024,chhattisgarh,3393720,177413.0398,2381,"RBI DBIE BSR-1 Table 1.3 (quarterly, excl RRBs)",46889681.0,243955.1691,3092.0,"RBI DBIE BSR-2 Table 2.3 (annual, incl RRBs)"
2024,2024,dadra and nagar haveli and daman and diu,143940,6899.6149,105,"RBI DBIE BSR-1 Table 1.3 (quarterly, excl RRBs)",1834367.0,15654.5042,108.0,"RBI DBIE BSR-2 Table 2.3 (annual, incl RRBs)"
2024,2024,delhi,7800281,1680085.2096,3659,"RBI DBIE BSR-1 Table 1.3 (quarterly, excl RRBs)",152815310.0,1855609.4497,3894.0,"RBI DBIE BSR-2 Table 2.3 (annual, incl RRBs)"
2024,2024,goa,548631,29810.4135,649,"RBI DBIE BSR-1 Table 1.3 (quarterly, excl RRBs)",6482438.0,112021.356,680.0,"RBI DBIE BSR-2 Table 2.3 (annual, incl RRBs)"
2024,2024,gujarat,14625279,873701.7537,8068,"RBI DBIE BSR-1 Table 1.3 (quarterly, excl RRBs)",120706719.0,1195365.0107,9191.0,"RBI DBIE BSR-2 Table 2.3 (annual, incl RRBs)"
2024,2024,haryana,8082106,510036.6344,4598,"RBI DBIE BSR-1 Table 1.3 (quarterly, excl RRBs)",118173995.0,788798.2172,5515.0,"RBI DBIE BSR-2 Table 2.3 (annual, incl RRBs)"
2024,2024,himachal pradesh,1139391,49807.5373,1438,"RBI DBIE BSR-1 Table 1.3 (quarterly, excl RRBs)",16792035.0,150334.4192,1774.0,"RBI DBIE BSR-2 Table 2.3 (annual, incl RRBs)"
2024,2024,jammu and kashmir,3146882,102103.7793,1636,"RBI DBIE BSR-1 Table 1.3 (quarterly, excl RRBs)",25339256.0,184814.5826,2033.0,"RBI DBIE BSR-2 Table 2.3 (annual, incl RRBs)"
2024,2024,jharkhand,5387084,119135.5387,2820,"RBI DBIE BSR-1 Table 1.3 (quarterly, excl RRBs)",57397687.0,336723.934,3399.0,"RBI DBIE BSR-2 Table 2.3 (annual, incl RRBs)"
2024,2024,karnataka,23078693,1114887.5003,9052,"RBI DBIE BSR-1 Table 1.3 (quarterly, excl RRBs)",148103436.0,1682410.9868,11236.0,"RBI DBIE BSR-2 Table 2.3 (annual, incl RRBs)"
2024,2024,kerala,13883973,540550.344,6214,"RBI DBIE BSR-1 Table 1.3 (quarterly, excl RRBs)",94434672.0,803411.0902,7130.0,"RBI DBIE BSR-2 Table 2.3 (annual, incl RRBs)"
2024,2024,lakshadweep,7618,167.448,14,"RBI DBIE BSR-1 Table 1.3 (quarterly, excl RRBs)",95790.0,1531.569,23.0,"RBI DBIE BSR-2 Table 2.3 (annual, incl RRBs)"
2024,2024,madhya pradesh,13050471,448527.7543,6150,"RBI DBIE BSR-1 Table 1.3 (quarterly, excl RRBs)",133314358.0,617814.2023,7703.0,"RBI DBIE BSR-2 Table 2.3 (annual, incl RRBs)"
2024,2024,maharashtra,109356920,4679667.7751,12910,"RBI DBIE BSR-1 Table 1.3 (quarterly, excl RRBs)",267519063.0,4667846.7919,14410.0,"RBI DBIE BSR-2 Table 2.3 (annual, incl RRBs)"
2024,2024,manipur,299875,11287.7569,210,"RBI DBIE BSR-1 Table 1.3 (quarterly, excl RRBs)",3661460.0,15669.124,250.0,"RBI DBIE BSR-2 Table 2.3 (annual, incl RRBs)"
2024,2024,meghalaya,278421,12874.4916,280,"RBI DBIE BSR-1 Table 1.3 (quarterly, excl RRBs)",3687269.0,34372.1282,388.0,"RBI DBIE BSR-2 Table 2.3 (annual, incl RRBs)"
2024,2024,mizoram,120819,4697.3308,126,"RBI DBIE BSR-1 Table 1.3 (quarterly, excl RRBs)",1759105.0,15713.356,235.0,"RBI DBIE BSR-2 Table 2.3 (annual, incl RRBs)"
2024,2024,nagaland,216487,8756.6871,186,"RBI DBIE BSR-1 Table 1.3 (quarterly, excl RRBs)",1914326.0,17135.0695,209.0,"RBI DBIE BSR-2 Table 2.3 (annual, incl RRBs)"
2024,2024,odisha,9799522,237387.7806,4556,"RBI DBIE BSR-1 Table 1.3 (quarterly, excl RRBs)",81616282.0,522543.0552,5712.0,"RBI DBIE BSR-2 Table 2.3 (annual, incl RRBs)"
2024,2024,puducherry,700664,19801.0275,227,"RBI DBIE BSR-1 Table 1.3 (quarterly, excl RRBs)",3567357.0,30226.0071,285.0,"RBI DBIE BSR-2 Table 2.3 (annual, incl RRBs)"
2024,2024,punjab,7325044,349048.7224,6110,"RBI DBIE BSR-1 Table 1.3 (quarterly, excl RRBs)",76466367.0,617488.8581,6784.0,"RBI DBIE BSR-2 Table 2.3 (annual, incl RRBs)"
2024,2024,rajasthan,13444342,544387.1998,6759,"RBI DBIE BSR-1 Table 1.3 (quarterly, excl RRBs)",120702553.0,670969.9614,8552.0,"RBI DBIE BSR-2 Table 2.3 (annual, incl RRBs)"
2024,2024,sikkim,127886,6519.6746,169,"RBI DBIE BSR-1 Table 1.3 (quarterly, excl RRBs)",1274785.0,14748.1132,176.0,"RBI DBIE BSR-2 Table 2.3 (annual, incl RRBs)"
2024,2024,tamil nadu,40418857,1493712.2964,11641,"RBI DBIE BSR-1 Table 1.3 (quarterly, excl RRBs)",173548102.0,1344553.3028,12832.0,"RBI DBIE BSR-2 Table 2.3 (annual, incl RRBs)"
2024,2024,telangana,13826552,833213.7938,4886,"RBI DBIE BSR-1 Table 1.3 (quarterly, excl RRBs)",80808682.0,788090.7525,6047.0,"RBI DBIE BSR-2 Table 2.3 (annual, incl RRBs)"
2024,2024,tripura,749511,12870.3308,453,"RBI DBIE BSR-1 Table 1.3 (quarterly, excl RRBs)",6087440.0,37109.0281,634.0,"RBI DBIE BSR-2 Table 2.3 (annual, incl RRBs)"
2024,2024,uttar pradesh,24262301,795540.6663,13884,"RBI DBIE BSR-1 Table 1.3 (quarterly, excl RRBs)",369115511.0,1745806.7478,18883.0,"RBI DBIE BSR-2 Table 2.3 (annual, incl RRBs)"
2024,2024,uttarakhand,1905531,86239.9694,1895,"RBI DBIE BSR-1 Table 1.3 (quarterly, excl RRBs)",24285000.0,222834.806,2280.0,"RBI DBIE BSR-2 Table 2.3 (annual, incl RRBs)"
2024,2024,west bengal,17615241,549750.3074,8640,"RBI DBIE BSR-1 Table 1.3 (quarterly, excl RRBs)",186945284.0,1143462.521,9948.0,"RBI DBIE BSR-2 Table 2.3 (annual, incl RRBs)"
