state_raw,year_label,fy_end,value,table,source_title,source_url
Andaman & Nicobar Islands,2011-12,2012,89100.0,t19_pc_nsdp_current,Table 19: Per Capita Net State Domestic Product (Current Prices),https://www.rbi.org.in/Scripts/PublicationsView.aspx?id=23468
Andaman & Nicobar Islands,2012-13,2013,98777.0,t19_pc_nsdp_current,Table 19: Per Capita Net State Domestic Product (Current Prices),https://www.rbi.org.in/Scripts/PublicationsView.aspx?id=23468
Andaman & Nicobar Islands,2013-14,2014,111087.0,t19_pc_nsdp_current,Table 19: Per Capita Net State Domestic Product (Current Prices),https://www.rbi.org.in/Scripts/PublicationsView.aspx?id=23468
Andaman & Nicobar Islands,2014-15,2015,126344.0,t19_pc_nsdp_current,Table 19: Per Capita Net State Domestic Product (Current Prices),https://www.rbi.org.in/Scripts/PublicationsView.aspx?id=23468
Andaman & Nicobar Islands,2015-16,2016,137064.0,t19_pc_nsdp_current,Table 19: Per Capita Net State Domestic Product (Current Prices),https://www.rbi.org.in/Scripts/PublicationsView.aspx?id=23468
Andaman & Nicobar Islands,2016-17,2017,153904.0,t19_pc_nsdp_current,Table 19: Per Capita Net State Domestic Product (Current Prices),https://www.rbi.org.in/Scripts/PublicationsView.aspx?id=23468
Andhra Pradesh,2011-12,2012,69000.0,t19_pc_nsdp_current,Table 19: Per Capita Net State Domestic Product (Current Prices),https://www.rbi.org.in/Scripts/PublicationsView.aspx?id=23468
Andhra Pradesh,2012-13,2013,74687.0,t19_pc_nsdp_current,Table 19: Per Capita Net State Domestic Product (Current Prices),https://www.rbi.org.in/Scripts/PublicationsView.aspx?id=23468
Andhra Pradesh,2013-14,2014,82870.0,t19_pc_nsdp_current,Table 19: Per Capita Net State Domestic Product (Current Prices),https://www.rbi.org.in/Scripts/PublicationsView.aspx?id=23468
Andhra Pradesh,2014-15,2015,93903.0,t19_pc_nsdp_current,Table 19: Per Capita Net State Domestic Product (Current Prices),https://www.rbi.org.in/Scripts/PublicationsView.aspx?id=23468
Andhra Pradesh,2015-16,2016,108002.0,t19_pc_nsdp_current,Table 19: Per Capita Net State Domestic Product (Current Prices),https://www.rbi.org.in/Scripts/PublicationsView.aspx?id=23468
Andhra Pradesh,2016-17,2017,120676.0,t19_pc_nsdp_current,Table 19: Per Capita Net State Domestic Product (Current Prices),https://www.rbi.org.in/Scripts/PublicationsView.aspx?id=23468
Arunachal Pradesh,2011-12,2012,73540.0,t19_pc_nsdp_current,Table 19: Per Capita Net State Domestic Product (Current Prices),https://www.rbi.org.in/Scripts/PublicationsView.aspx?id=23468
Arunachal Pradesh,2012-13,2013,82626.0,t19_pc_nsdp_current,Table 19: Per Capita Net State Domestic Product (Current Prices),https://www.rbi.org.in/Scripts/PublicationsView.aspx?id=23468
Arunachal Pradesh,2013-14,2014,94135.0,t19_pc_nsdp_current,Table 19: Per Capita Net State Domestic Product (Current Prices),https://www.rbi.org.in/Scripts/PublicationsView.aspx?id=23468
Arunachal Pradesh,2014-15,2015,114789.0,t19_pc_nsdp_current,Table 19: Per Capita Net State Domestic Product (Current Prices),https://www.rbi.org.in/Scripts/PublicationsView.aspx?id=23468
Arunachal Pradesh,2015-16,2016,116985.0,t19_pc_nsdp_current,Table 19: Per Capita Net State Domestic Product (Current Prices),https://www.rbi.org.in/Scripts/PublicationsView.aspx?id=23468
Arunachal Pradesh,2016-17,2017,124129.0,t19_pc_nsdp_current,Table 19: Per Capita Net State Domestic Product (Current Prices),https://www.rbi.org.in/Scripts/PublicationsView.aspx?id=23468
Assam,2011-12,2012,41142.0,t19_pc_nsdp_current,Table 19: Per Capita Net State Domestic Product (Current Prices),https://www.rbi.org.in/Scripts/PublicationsView.aspx?id=23468
Assam,2012-13,2013,44599.0,t19_pc_nsdp_current,Table 19: Per Capita Net State Domestic Product (Current Prices),https://www.rbi.org.in/Scripts/PublicationsView.aspx?id=23468
Assam,2013-14,2014,49734.0,t19_pc_nsdp_current,Table 19: Per Capita Net State Domestic Product (Current Prices),https://www.rbi.org.in/Scripts/PublicationsView.aspx?id=23468
Assam,2014-15,2015,52895.0,t19_pc_nsdp_current,Table 19: Per Capita Net State Domestic Product (Current Prices),https://www.rbi.org.in/Scripts/PublicationsView.aspx?id=23468
Assam,2015-16,2016,60817.0,t19_pc_nsdp_current,Table 19: Per Capita Net State Domestic Product (Current Prices),https://www.rbi.org.in/Scripts/PublicationsView.aspx?id=23468
Assam,2016-17,2017,66330.0,t19_pc_nsdp_current,Table 19: Per Capita Net State Domestic Product (Current Prices),https://www.rbi.org.in/Scripts/PublicationsView.aspx?id=23468
Bihar,2011-12,2012,21750.0,t19_pc_nsdp_current,Table 19: Per Capita Net State Domestic Product (Current Prices),https://www.rbi.org.in/Scripts/PublicationsView.aspx?id=23468
Bihar,2012-13,2013,24487.0,t19_pc_nsdp_current,Table 19: Per Capita Net State Domestic Product (Current Prices),https://www.rbi.org.in/Scripts/PublicationsView.aspx?id=23468
Bihar,2013-14,2014,26948.0,t19_pc_nsdp_current,Table 19: Per Capita Net State Domestic Product (Current Prices),https://www.rbi.org.in/Scripts/PublicationsView.aspx?id=23468
Bihar,2014-15,2015,28671.0,t19_pc_nsdp_current,Table 19: Per Capita Net State Domestic Product (Current Prices),https://www.rbi.org.in/Scripts/PublicationsView.aspx?id=23468
Bihar,2015-16,2016,30404.0,t19_pc_nsdp_current,Table 19: Per Capita Net State Domestic Product (Current Prices),https://www.rbi.org.in/Scripts/PublicationsView.aspx?id=23468
Bihar,2016-17,2017,34045.0,t19_pc_nsdp_current,Table 19: Per Capita Net State Domestic Product (Current Prices),https://www.rbi.org.in/Scripts/PublicationsView.aspx?id=23468
Chandigarh,2011-12,2012,158967.0,t19_pc_nsdp_current,Table 19: Per Capita Net State Domestic Product (Current Prices),https://www.rbi.org.in/Scripts/PublicationsView.aspx?id=23468
Chandigarh,2012-13,2013,180457.0,t19_pc_nsdp_current,Table 19: Per Capita Net State Domestic Product (Current Prices),https://www.rbi.org.in/Scripts/PublicationsView.aspx?id=23468
Chandigarh,2013-14,2014,203356.0,t19_pc_nsdp_current,Table 19: Per Capita Net State Domestic Product (Current Prices),https://www.rbi.org.in/Scripts/PublicationsView.aspx?id=23468
Chandigarh,2014-15,2015,212594.0,t19_pc_nsdp_current,Table 19: Per Capita Net State Domestic Product (Current Prices),https://www.rbi.org.in/Scripts/PublicationsView.aspx?id=23468
Chandigarh,2015-16,2016,230009.0,t19_pc_nsdp_current,Table 19: Per Capita Net State Domestic Product (Current Prices),https://www.rbi.org.in/Scripts/PublicationsView.aspx?id=23468
Chandigarh,2016-17,2017,252236.0,t19_pc_nsdp_current,Table 19: Per Capita Net State Domestic Product (Current Prices),https://www.rbi.org.in/Scripts/PublicationsView.aspx?id=23468
Chhattisgarh,2011-12,2012,55177.0,t19_pc_nsdp_current,Table 19: Per Capita Net State Domestic Product (Current Prices),https://www.rbi.org.in/Scripts/PublicationsView.aspx?id=23468
Chhattisgarh,2012-13,2013,60849.0,t19_pc_nsdp_current,Table 19: Per Capita Net State Domestic Product (Current Prices),https://www.rbi.org.in/Scripts/PublicationsView.aspx?id=23468
Chhattisgarh,2013-14,2014,69880.0,t19_pc_nsdp_current,Table 19: Per Capita Net State Domestic Product (Current Prices),https://www.rbi.org.in/Scripts/PublicationsView.aspx?id=23468
Chhattisgarh,2014-15,2015,72936.0,t19_pc_nsdp_current,Table 19: Per Capita Net State Domestic Product (Current Prices),https://www.rbi.org.in/Scripts/PublicationsView.aspx?id=23468
Chhattisgarh,2015-16,2016,72991.0,t19_pc_nsdp_current,Table 19: Per Capita Net State Domestic Product (Current Prices),https://www.rbi.org.in/Scripts/PublicationsView.aspx?id=23468
Chhattisgarh,2016-17,2017,83285.0,t19_pc_nsdp_current,Table 19: Per Capita Net State Domestic Product (Current Prices),https://www.rbi.org.in/Scripts/PublicationsView.aspx?id=23468
Delhi,2011-12,2012,185001.0,t19_pc_nsdp_current,Table 19: Per Capita Net State Domestic Product (Current Prices),https://www.rbi.org.in/Scripts/PublicationsView.aspx?id=23468
Delhi,2012-13,2013,205568.0,t19_pc_nsdp_current,Table 19: Per Capita Net State Domestic Product (Current Prices),https://www.rbi.org.in/Scripts/PublicationsView.aspx?id=23468
Delhi,2013-14,2014,227900.0,t19_pc_nsdp_current,Table 19: Per Capita Net State Domestic Product (Current Prices),https://www.rbi.org.in/Scripts/PublicationsView.aspx?id=23468
Delhi,2014-15,2015,247209.0,t19_pc_nsdp_current,Table 19: Per Capita Net State Domestic Product (Current Prices),https://www.rbi.org.in/Scripts/PublicationsView.aspx?id=23468
Delhi,2015-16,2016,270261.0,t19_pc_nsdp_current,Table 19: Per Capita Net State Domestic Product (Current Prices),https://www.rbi.org.in/Scripts/PublicationsView.aspx?id=23468
Delhi,2016-17,2017,295558.0,t19_pc_nsdp_current,Table 19: Per Capita Net State Domestic Product (Current Prices),https://www.rbi.org.in/Scripts/PublicationsView.aspx?id=23468
Goa,2011-12,2012,259444.0,t19_pc_nsdp_current,Table 19: Per Capita Net State Domestic Product (Current Prices),https://www.rbi.org.in/Scripts/PublicationsView.aspx?id=23468
Goa,2012-13,2013,234354.0,t19_pc_nsdp_current,Table 19: Per Capita Net State Domestic Product (Current Prices),https://www.rbi.org.in/Scripts/PublicationsView.aspx?id=23468
Goa,2013-14,2014,215776.0,t19_pc_nsdp_current,Table 19: Per Capita Net State Domestic Product (Current Prices),https://www.rbi.org.in/Scripts/PublicationsView.aspx?id=23468
Goa,2014-15,2015,289185.0,t19_pc_nsdp_current,Table 19: Per Capita Net State Domestic Product (Current Prices),https://www.rbi.org.in/Scripts/PublicationsView.aspx?id=23468
Goa,2015-16,2016,334576.0,t19_pc_nsdp_current,Table 19: Per Capita Net State Domestic Product (Current Prices),https://www.rbi.org.in/Scripts/PublicationsView.aspx?id=23468
Goa,2016-17,2017,378953.0,t19_pc_nsdp_current,Table 19: Per Capita Net State Domestic Product (Current Prices),https://www.rbi.org.in/Scripts/PublicationsView.aspx?id=23468
Gujarat,2011-12,2012,87481.0,t19_pc_nsdp_current,Table 19: Per Capita Net State Domestic Product (Current Prices),https://www.rbi.org.in/Scripts/PublicationsView.aspx?id=23468
Gujarat,2012-13,2013,102826.0,t19_pc_nsdp_current,Table 19: Per Capita Net State Domestic Product (Current Prices),https://www.rbi.org.in/Scripts/PublicationsView.aspx?id=23468
Gujarat,2013-14,2014,113139.0,t19_pc_nsdp_current,Table 19: Per Capita Net State Domestic Product (Current Prices),https://www.rbi.org.in/Scripts/PublicationsView.aspx?id=23468
Gujarat,2014-15,2015,127017.0,t19_pc_nsdp_current,Table 19: Per Capita Net State Domestic Product (Current Prices),https://www.rbi.org.in/Scripts/PublicationsView.aspx?id=23468
Gujarat,2015-16,2016,139254.0,t19_pc_nsdp_current,Table 19: Per Capita Net State Domestic Product (Current Prices),https://www.rbi.org.in/Scripts/PublicationsView.aspx?id=23468
Gujarat,2016-17,2017,156295.0,t19_pc_nsdp_current,Table 19: Per Capita Net State Domestic Product (Current Prices),https://www.rbi.org.in/Scripts/PublicationsView.aspx?id=23468
Haryana,2011-12,2012,106085.0,t19_pc_nsdp_current,Table 19: Per Capita Net State Domestic Product (Current Prices),https://www.rbi.org.in/Scripts/PublicationsView.aspx?id=23468
Haryana,2012-13,2013,121269.0,t19_pc_nsdp_current,Table 19: Per Capita Net State Domestic Product (Current Prices),https://www.rbi.org.in/Scripts/PublicationsView.aspx?id=23468
Haryana,2013-14,2014,137770.0,t19_pc_nsdp_current,Table 19: Per Capita Net State Domestic Product (Current Prices),https://www.rbi.org.in/Scripts/PublicationsView.aspx?id=23468
Haryana,2014-15,2015,147382.0,t19_pc_nsdp_current,Table 19: Per Capita Net State Domestic Product (Current Prices),https://www.rbi.org.in/Scripts/PublicationsView.aspx?id=23468
Haryana,2015-16,2016,164963.0,t19_pc_nsdp_current,Table 19: Per Capita Net State Domestic Product (Current Prices),https://www.rbi.org.in/Scripts/PublicationsView.aspx?id=23468
Haryana,2016-17,2017,184982.0,t19_pc_nsdp_current,Table 19: Per Capita Net State Domestic Product (Current Prices),https://www.rbi.org.in/Scripts/PublicationsView.aspx?id=23468
Himachal Pradesh,2011-12,2012,87721.0,t19_pc_nsdp_current,Table 19: Per Capita Net State Domestic Product (Current Prices),https://www.rbi.org.in/Scripts/PublicationsView.aspx?id=23468
Himachal Pradesh,2012-13,2013,99730.0,t19_pc_nsdp_current,Table 19: Per Capita Net State Domestic Product (Current Prices),https://www.rbi.org.in/Scripts/PublicationsView.aspx?id=23468
Himachal Pradesh,2013-14,2014,114095.0,t19_pc_nsdp_current,Table 19: Per Capita Net State Domestic Product (Current Prices),https://www.rbi.org.in/Scripts/PublicationsView.aspx?id=23468
Himachal Pradesh,2014-15,2015,123299.0,t19_pc_nsdp_current,Table 19: Per Capita Net State Domestic Product (Current Prices),https://www.rbi.org.in/Scripts/PublicationsView.aspx?id=23468
Himachal Pradesh,2015-16,2016,135512.0,t19_pc_nsdp_current,Table 19: Per Capita Net State Domestic Product (Current Prices),https://www.rbi.org.in/Scripts/PublicationsView.aspx?id=23468
Himachal Pradesh,2016-17,2017,150290.0,t19_pc_nsdp_current,Table 19: Per Capita Net State Domestic Product (Current Prices),https://www.rbi.org.in/Scripts/PublicationsView.aspx?id=23468
Jammu & Kashmir,2011-12,2012,51775.0,t19_pc_nsdp_current,Table 19: Per Capita Net State Domestic Product (Current Prices),https://www.rbi.org.in/Scripts/PublicationsView.aspx?id=23468
Jammu & Kashmir,2012-13,2013,57279.0,t19_pc_nsdp_current,Table 19: Per Capita Net State Domestic Product (Current Prices),https://www.rbi.org.in/Scripts/PublicationsView.aspx?id=23468
Jammu & Kashmir,2013-14,2014,61907.0,t19_pc_nsdp_current,Table 19: Per Capita Net State Domestic Product (Current Prices),https://www.rbi.org.in/Scripts/PublicationsView.aspx?id=23468
Jammu & Kashmir,2014-15,2015,62327.0,t19_pc_nsdp_current,Table 19: Per Capita Net State Domestic Product (Current Prices),https://www.rbi.org.in/Scripts/PublicationsView.aspx?id=23468
Jammu & Kashmir,2015-16,2016,74950.0,t19_pc_nsdp_current,Table 19: Per Capita Net State Domestic Product (Current Prices),https://www.rbi.org.in/Scripts/PublicationsView.aspx?id=23468
Jammu & Kashmir,2016-17,2017,78960.0,t19_pc_nsdp_current,Table 19: Per Capita Net State Domestic Product (Current Prices),https://www.rbi.org.in/Scripts/PublicationsView.aspx?id=23468
Jharkhand,2011-12,2012,41254.0,t19_pc_nsdp_current,Table 19: Per Capita Net State Domestic Product (Current Prices),https://www.rbi.org.in/Scripts/PublicationsView.aspx?id=23468
Jharkhand,2012-13,2013,47360.0,t19_pc_nsdp_current,Table 19: Per Capita Net State Domestic Product (Current Prices),https://www.rbi.org.in/Scripts/PublicationsView.aspx?id=23468
Jharkhand,2013-14,2014,50006.0,t19_pc_nsdp_current,Table 19: Per Capita Net State Domestic Product (Current Prices),https://www.rbi.org.in/Scripts/PublicationsView.aspx?id=23468
Jharkhand,2014-15,2015,57301.0,t19_pc_nsdp_current,Table 19: Per Capita Net State Domestic Product (Current Prices),https://www.rbi.org.in/Scripts/PublicationsView.aspx?id=23468
Jharkhand,2015-16,2016,52754.0,t19_pc_nsdp_current,Table 19: Per Capita Net State Domestic Product (Current Prices),https://www.rbi.org.in/Scripts/PublicationsView.aspx?id=23468
Jharkhand,2016-17,2017,60018.0,t19_pc_nsdp_current,Table 19: Per Capita Net State Domestic Product (Current Prices),https://www.rbi.org.in/Scripts/PublicationsView.aspx?id=23468
Karnataka,2011-12,2012,90263.0,t19_pc_nsdp_current,Table 19: Per Capita Net State Domestic Product (Current Prices),https://www.rbi.org.in/Scripts/PublicationsView.aspx?id=23468
Karnataka,2012-13,2013,102319.0,t19_pc_nsdp_current,Table 19: Per Capita Net State Domestic Product (Current Prices),https://www.rbi.org.in/Scripts/PublicationsView.aspx?id=23468
Karnataka,2013-14,2014,118829.0,t19_pc_nsdp_current,Table 19: Per Capita Net State Domestic Product (Current Prices),https://www.rbi.org.in/Scripts/PublicationsView.aspx?id=23468
Karnataka,2014-15,2015,130024.0,t19_pc_nsdp_current,Table 19: Per Capita Net State Domestic Product (Current Prices),https://www.rbi.org.in/Scripts/PublicationsView.aspx?id=23468
Karnataka,2015-16,2016,148108.0,t19_pc_nsdp_current,Table 19: Per Capita Net State Domestic Product (Current Prices),https://www.rbi.org.in/Scripts/PublicationsView.aspx?id=23468
Karnataka,2016-17,2017,169898.0,t19_pc_nsdp_current,Table 19: Per Capita Net State Domestic Product (Current Prices),https://www.rbi.org.in/Scripts/PublicationsView.aspx?id=23468
Kerala,2011-12,2012,97912.0,t19_pc_nsdp_current,Table 19: Per Capita Net State Domestic Product (Current Prices),https://www.rbi.org.in/Scripts/PublicationsView.aspx?id=23468
Kerala,2012-13,2013,110314.0,t19_pc_nsdp_current,Table 19: Per Capita Net State Domestic Product (Current Prices),https://www.rbi.org.in/Scripts/PublicationsView.aspx?id=23468
Kerala,2013-14,2014,123388.0,t19_pc_nsdp_current,Table 19: Per Capita Net State Domestic Product (Current Prices),https://www.rbi.org.in/Scripts/PublicationsView.aspx?id=23468
Kerala,2014-15,2015,135537.0,t19_pc_nsdp_current,Table 19: Per Capita Net State Domestic Product (Current Prices),https://www.rbi.org.in/Scripts/PublicationsView.aspx?id=23468
Kerala,2015-16,2016,148133.0,t19_pc_nsdp_current,Table 19: Per Capita Net State Domestic Product (Current Prices),https://www.rbi.org.in/Scripts/PublicationsView.aspx?id=23468
Kerala,2016-17,2017,166246.0,t19_pc_nsdp_current,Table 19: Per Capita Net State Domestic Product (Current Prices),https://www.rbi.org.in/Scripts/PublicationsView.aspx?id=23468
Madhya Pradesh,2011-12,2012,38497.0,t19_pc_nsdp_current,Table 19: Per Capita Net State Domestic Product (Current Prices),https://www.rbi.org.in/Scripts/PublicationsView.aspx?id=23468
Madhya Pradesh,2012-13,2013,44773.0,t19_pc_nsdp_current,Table 19: Per Capita Net State Domestic Product (Current Prices),https://www.rbi.org.in/Scripts/PublicationsView.aspx?id=23468
Madhya Pradesh,2013-14,2014,51849.0,t19_pc_nsdp_current,Table 19: Per Capita Net State Domestic Product (Current Prices),https://www.rbi.org.in/Scripts/PublicationsView.aspx?id=23468
Madhya Pradesh,2014-15,2015,55678.0,t19_pc_nsdp_current,Table 19: Per Capita Net State Domestic Product (Current Prices),https://www.rbi.org.in/Scripts/PublicationsView.aspx?id=23468
Madhya Pradesh,2015-16,2016,62080.0,t19_pc_nsdp_current,Table 19: Per Capita Net State Domestic Product (Current Prices),https://www.rbi.org.in/Scripts/PublicationsView.aspx?id=23468
Madhya Pradesh,2016-17,2017,74324.0,t19_pc_nsdp_current,Table 19: Per Capita Net State Domestic Product (Current Prices),https://www.rbi.org.in/Scripts/PublicationsView.aspx?id=23468
Maharashtra,2011-12,2012,99597.0,t19_pc_nsdp_current,Table 19: Per Capita Net State Domestic Product (Current Prices),https://www.rbi.org.in/Scripts/PublicationsView.aspx?id=23468
Maharashtra,2012-13,2013,112092.0,t19_pc_nsdp_current,Table 19: Per Capita Net State Domestic Product (Current Prices),https://www.rbi.org.in/Scripts/PublicationsView.aspx?id=23468
Maharashtra,2013-14,2014,125261.0,t19_pc_nsdp_current,Table 19: Per Capita Net State Domestic Product (Current Prices),https://www.rbi.org.in/Scripts/PublicationsView.aspx?id=23468
Maharashtra,2014-15,2015,132836.0,t19_pc_nsdp_current,Table 19: Per Capita Net State Domestic Product (Current Prices),https://www.rbi.org.in/Scripts/PublicationsView.aspx?id=23468
Maharashtra,2015-16,2016,146815.0,t19_pc_nsdp_current,Table 19: Per Capita Net State Domestic Product (Current Prices),https://www.rbi.org.in/Scripts/PublicationsView.aspx?id=23468
Maharashtra,2016-17,2017,163726.0,t19_pc_nsdp_current,Table 19: Per Capita Net State Domestic Product (Current Prices),https://www.rbi.org.in/Scripts/PublicationsView.aspx?id=23468
Manipur,2011-12,2012,39762.0,t19_pc_nsdp_current,Table 19: Per Capita Net State Domestic Product (Current Prices),https://www.rbi.org.in/Scripts/PublicationsView.aspx?id=23468
Manipur,2012-13,2013,41230.0,t19_pc_nsdp_current,Table 19: Per Capita Net State Domestic Product (Current Prices),https://www.rbi.org.in/Scripts/PublicationsView.aspx?id=23468
Manipur,2013-14,2014,47798.0,t19_pc_nsdp_current,Table 19: Per Capita Net State Domestic Product (Current Prices),https://www.rbi.org.in/Scripts/PublicationsView.aspx?id=23468
Manipur,2014-15,2015,52717.0,t19_pc_nsdp_current,Table 19: Per Capita Net State Domestic Product (Current Prices),https://www.rbi.org.in/Scripts/PublicationsView.aspx?id=23468
Manipur,2015-16,2016,55447.0,t19_pc_nsdp_current,Table 19: Per Capita Net State Domestic Product (Current Prices),https://www.rbi.org.in/Scripts/PublicationsView.aspx?id=23468
Manipur,2016-17,2017,59345.0,t19_pc_nsdp_current,Table 19: Per Capita Net State Domestic Product (Current Prices),https://www.rbi.org.in/Scripts/PublicationsView.aspx?id=23468
Meghalaya,2011-12,2012,59794.0,t19_pc_nsdp_current,Table 19: Per Capita Net State Domestic Product (Current Prices),https://www.rbi.org.in/Scripts/PublicationsView.aspx?id=23468
Meghalaya,2012-13,2013,64477.0,t19_pc_nsdp_current,Table 19: Per Capita Net State Domestic Product (Current Prices),https://www.rbi.org.in/Scripts/PublicationsView.aspx?id=23468
Meghalaya,2013-14,2014,66281.0,t19_pc_nsdp_current,Table 19: Per Capita Net State Domestic Product (Current Prices),https://www.rbi.org.in/Scripts/PublicationsView.aspx?id=23468
Meghalaya,2014-15,2015,66485.0,t19_pc_nsdp_current,Table 19: Per Capita Net State Domestic Product (Current Prices),https://www.rbi.org.in/Scripts/PublicationsView.aspx?id=23468
Meghalaya,2015-16,2016,71594.0,t19_pc_nsdp_current,Table 19: Per Capita Net State Domestic Product (Current Prices),https://www.rbi.org.in/Scripts/PublicationsView.aspx?id=23468
Meghalaya,2016-17,2017,77585.0,t19_pc_nsdp_current,Table 19: Per Capita Net State Domestic Product (Current Prices),https://www.rbi.org.in/Scripts/PublicationsView.aspx?id=23468
Mizoram,2011-12,2012,57654.0,t19_pc_nsdp_current,Table 19: Per Capita Net State Domestic Product (Current Prices),https://www.rbi.org.in/Scripts/PublicationsView.aspx?id=23468
Mizoram,2012-13,2013,65013.0,t19_pc_nsdp_current,Table 19: Per Capita Net State Domestic Product (Current Prices),https://www.rbi.org.in/Scripts/PublicationsView.aspx?id=23468
Mizoram,2013-14,2014,77584.0,t19_pc_nsdp_current,Table 19: Per Capita Net State Domestic Product (Current Prices),https://www.rbi.org.in/Scripts/PublicationsView.aspx?id=23468
Mizoram,2014-15,2015,103049.0,t19_pc_nsdp_current,Table 19: Per Capita Net State Domestic Product (Current Prices),https://www.rbi.org.in/Scripts/PublicationsView.aspx?id=23468
Mizoram,2015-16,2016,114055.0,t19_pc_nsdp_current,Table 19: Per Capita Net State Domestic Product (Current Prices),https://www.rbi.org.in/Scripts/PublicationsView.aspx?id=23468
Mizoram,2016-17,2017,127107.0,t19_pc_nsdp_current,Table 19: Per Capita Net State Domestic Product (Current Prices),https://www.rbi.org.in/Scripts/PublicationsView.aspx?id=23468
Nagaland,2011-12,2012,53010.0,t19_pc_nsdp_current,Table 19: Per Capita Net State Domestic Product (Current Prices),https://www.rbi.org.in/Scripts/PublicationsView.aspx?id=23468
Nagaland,2012-13,2013,61225.0,t19_pc_nsdp_current,Table 19: Per Capita Net State Domestic Product (Current Prices),https://www.rbi.org.in/Scripts/PublicationsView.aspx?id=23468
Nagaland,2013-14,2014,71510.0,t19_pc_nsdp_current,Table 19: Per Capita Net State Domestic Product (Current Prices),https://www.rbi.org.in/Scripts/PublicationsView.aspx?id=23468
Nagaland,2014-15,2015,78367.0,t19_pc_nsdp_current,Table 19: Per Capita Net State Domestic Product (Current Prices),https://www.rbi.org.in/Scripts/PublicationsView.aspx?id=23468
Nagaland,2015-16,2016,82466.0,t19_pc_nsdp_current,Table 19: Per Capita Net State Domestic Product (Current Prices),https://www.rbi.org.in/Scripts/PublicationsView.aspx?id=23468
Nagaland,2016-17,2017,91347.0,t19_pc_nsdp_current,Table 19: Per Capita Net State Domestic Product (Current Prices),https://www.rbi.org.in/Scripts/PublicationsView.aspx?id=23468
Odisha,2011-12,2012,48387.0,t19_pc_nsdp_current,Table 19: Per Capita Net State Domestic Product (Current Prices),https://www.rbi.org.in/Scripts/PublicationsView.aspx?id=23468
Odisha,2012-13,2013,54762.0,t19_pc_nsdp_current,Table 19: Per Capita Net State Domestic Product (Current Prices),https://www.rbi.org.in/Scripts/PublicationsView.aspx?id=23468
Odisha,2013-14,2014,60687.0,t19_pc_nsdp_current,Table 19: Per Capita Net State Domestic Product (Current Prices),https://www.rbi.org.in/Scripts/PublicationsView.aspx?id=23468
Odisha,2014-15,2015,63345.0,t19_pc_nsdp_current,Table 19: Per Capita Net State Domestic Product (Current Prices),https://www.rbi.org.in/Scripts/PublicationsView.aspx?id=23468
Odisha,2015-16,2016,64835.0,t19_pc_nsdp_current,Table 19: Per Capita Net State Domestic Product (Current Prices),https://www.rbi.org.in/Scripts/PublicationsView.aspx?id=23468
Odisha,2016-17,2017,77507.0,t19_pc_nsdp_current,Table 19: Per Capita Net State Domestic Product (Current Prices),https://www.rbi.org.in/Scripts/PublicationsView.aspx?id=23468
Puducherry,2011-12,2012,119649.0,t19_pc_nsdp_current,Table 19: Per Capita Net State Domestic Product (Current Prices),https://www.rbi.org.in/Scripts/PublicationsView.aspx?id=23468
Puducherry,2012-13,2013,130548.0,t19_pc_nsdp_current,Table 19: Per Capita Net State Domestic Product (Current Prices),https://www.rbi.org.in/Scripts/PublicationsView.aspx?id=23468
Puducherry,2013-14,2014,148147.0,t19_pc_nsdp_current,Table 19: Per Capita Net State Domestic Product (Current Prices),https://www.rbi.org.in/Scripts/PublicationsView.aspx?id=23468
Puducherry,2014-15,2015,146921.0,t19_pc_nsdp_current,Table 19: Per Capita Net State Domestic Product (Current Prices),https://www.rbi.org.in/Scripts/PublicationsView.aspx?id=23468
Puducherry,2015-16,2016,172727.0,t19_pc_nsdp_current,Table 19: Per Capita Net State Domestic Product (Current Prices),https://www.rbi.org.in/Scripts/PublicationsView.aspx?id=23468
Puducherry,2016-17,2017,187356.0,t19_pc_nsdp_current,Table 19: Per Capita Net State Domestic Product (Current Prices),https://www.rbi.org.in/Scripts/PublicationsView.aspx?id=23468
Punjab,2011-12,2012,85577.0,t19_pc_nsdp_current,Table 19: Per Capita Net State Domestic Product (Current Prices),https://www.rbi.org.in/Scripts/PublicationsView.aspx?id=23468
Punjab,2012-13,2013,94318.0,t19_pc_nsdp_current,Table 19: Per Capita Net State Domestic Product (Current Prices),https://www.rbi.org.in/Scripts/PublicationsView.aspx?id=23468
Punjab,2013-14,2014,103831.0,t19_pc_nsdp_current,Table 19: Per Capita Net State Domestic Product (Current Prices),https://www.rbi.org.in/Scripts/PublicationsView.aspx?id=23468
Punjab,2014-15,2015,108970.0,t19_pc_nsdp_current,Table 19: Per Capita Net State Domestic Product (Current Prices),https://www.rbi.org.in/Scripts/PublicationsView.aspx?id=23468
Punjab,2015-16,2016,118858.0,t19_pc_nsdp_current,Table 19: Per Capita Net State Domestic Product (Current Prices),https://www.rbi.org.in/Scripts/PublicationsView.aspx?id=23468
Punjab,2016-17,2017,128780.0,t19_pc_nsdp_current,Table 19: Per Capita Net State Domestic Product (Current Prices),https://www.rbi.org.in/Scripts/PublicationsView.aspx?id=23468
Rajasthan,2011-12,2012,57192.0,t19_pc_nsdp_current,Table 19: Per Capita Net State Domestic Product (Current Prices),https://www.rbi.org.in/Scripts/PublicationsView.aspx?id=23468
Rajasthan,2012-13,2013,63658.0,t19_pc_nsdp_current,Table 19: Per Capita Net State Domestic Product (Current Prices),https://www.rbi.org.in/Scripts/PublicationsView.aspx?id=23468
Rajasthan,2013-14,2014,69480.0,t19_pc_nsdp_current,Table 19: Per Capita Net State Domestic Product (Current Prices),https://www.rbi.org.in/Scripts/PublicationsView.aspx?id=23468
Rajasthan,2014-15,2015,76429.0,t19_pc_nsdp_current,Table 19: Per Capita Net State Domestic Product (Current Prices),https://www.rbi.org.in/Scripts/PublicationsView.aspx?id=23468
Rajasthan,2015-16,2016,83426.0,t19_pc_nsdp_current,Table 19: Per Capita Net State Domestic Product (Current Prices),https://www.rbi.org.in/Scripts/PublicationsView.aspx?id=23468
Rajasthan,2016-17,2017,91924.0,t19_pc_nsdp_current,Table 19: Per Capita Net State Domestic Product (Current Prices),https://www.rbi.org.in/Scripts/PublicationsView.aspx?id=23468
Sikkim,2011-12,2012,158667.0,t19_pc_nsdp_current,Table 19: Per Capita Net State Domestic Product (Current Prices),https://www.rbi.org.in/Scripts/PublicationsView.aspx?id=23468
Sikkim,2012-13,2013,174183.0,t19_pc_nsdp_current,Table 19: Per Capita Net State Domestic Product (Current Prices),https://www.rbi.org.in/Scripts/PublicationsView.aspx?id=23468
Sikkim,2013-14,2014,194624.0,t19_pc_nsdp_current,Table 19: Per Capita Net State Domestic Product (Current Prices),https://www.rbi.org.in/Scripts/PublicationsView.aspx?id=23468
Sikkim,2014-15,2015,214148.0,t19_pc_nsdp_current,Table 19: Per Capita Net State Domestic Product (Current Prices),https://www.rbi.org.in/Scripts/PublicationsView.aspx?id=23468
Sikkim,2015-16,2016,245987.0,t19_pc_nsdp_current,Table 19: Per Capita Net State Domestic Product (Current Prices),https://www.rbi.org.in/Scripts/PublicationsView.aspx?id=23468
Sikkim,2016-17,2017,280729.0,t19_pc_nsdp_current,Table 19: Per Capita Net State Domestic Product (Current Prices),https://www.rbi.org.in/Scripts/PublicationsView.aspx?id=23468
Tamil Nadu,2011-12,2012,93112.0,t19_pc_nsdp_current,Table 19: Per Capita Net State Domestic Product (Current Prices),https://www.rbi.org.in/Scripts/PublicationsView.aspx?id=23468
Tamil Nadu,2012-13,2013,105340.0,t19_pc_nsdp_current,Table 19: Per Capita Net State Domestic Product (Current Prices),https://www.rbi.org.in/Scripts/PublicationsView.aspx?id=23468
Tamil Nadu,2013-14,2014,116960.0,t19_pc_nsdp_current,Table 19: Per Capita Net State Domestic Product (Current Prices),https://www.rbi.org.in/Scripts/PublicationsView.aspx?id=23468
Tamil Nadu,2014-15,2015,129494.0,t19_pc_nsdp_current,Table 19: Per Capita Net State Domestic Product (Current Prices),https://www.rbi.org.in/Scripts/PublicationsView.aspx?id=23468
Tamil Nadu,2015-16,2016,142028.0,t19_pc_nsdp_current,Table 19: Per Capita Net State Domestic Product (Current Prices),https://www.rbi.org.in/Scripts/PublicationsView.aspx?id=23468
Tamil Nadu,2016-17,2017,156595.0,t19_pc_nsdp_current,Table 19: Per Capita Net State Domestic Product (Current Prices),https://www.rbi.org.in/Scripts/PublicationsView.aspx?id=23468
Telangana,2011-12,2012,91121.0,t19_pc_nsdp_current,Table 19: Per Capita Net State Domestic Product (Current Prices),https://www.rbi.org.in/Scripts/PublicationsView.aspx?id=23468
Telangana,2012-13,2013,101007.0,t19_pc_nsdp_current,Table 19: Per Capita Net State Domestic Product (Current Prices),https://www.rbi.org.in/Scripts/PublicationsView.aspx?id=23468
Telangana,2013-14,2014,112162.0,t19_pc_nsdp_current,Table 19: Per Capita Net State Domestic Product (Current Prices),https://www.rbi.org.in/Scripts/PublicationsView.aspx?id=23468
Telangana,2014-15,2015,124104.0,t19_pc_nsdp_current,Table 19: Per Capita Net State Domestic Product (Current Prices),https://www.rbi.org.in/Scripts/PublicationsView.aspx?id=23468
Telangana,2015-16,2016,140840.0,t19_pc_nsdp_current,Table 19: Per Capita Net State Domestic Product (Current Prices),https://www.rbi.org.in/Scripts/PublicationsView.aspx?id=23468
Telangana,2016-17,2017,159395.0,t19_pc_nsdp_current,Table 19: Per Capita Net State Domestic Product (Current Prices),https://www.rbi.org.in/Scripts/PublicationsView.aspx?id=23468
Tripura,2011-12,2012,47155.0,t19_pc_nsdp_current,Table 19: Per Capita Net State Domestic Product (Current Prices),https://www.rbi.org.in/Scripts/PublicationsView.aspx?id=23468
Tripura,2012-13,2013,52574.0,t19_pc_nsdp_current,Table 19: Per Capita Net State Domestic Product (Current Prices),https://www.rbi.org.in/Scripts/PublicationsView.aspx?id=23468
Tripura,2013-14,2014,61815.0,t19_pc_nsdp_current,Table 19: Per Capita Net State Domestic Product (Current Prices),https://www.rbi.org.in/Scripts/PublicationsView.aspx?id=23468
Tripura,2014-15,2015,69857.0,t19_pc_nsdp_current,Table 19: Per Capita Net State Domestic Product (Current Prices),https://www.rbi.org.in/Scripts/PublicationsView.aspx?id=23468
Tripura,2015-16,2016,84267.0,t19_pc_nsdp_current,Table 19: Per Capita Net State Domestic Product (Current Prices),https://www.rbi.org.in/Scripts/PublicationsView.aspx?id=23468
Tripura,2016-17,2017,91596.0,t19_pc_nsdp_current,Table 19: Per Capita Net State Domestic Product (Current Prices),https://www.rbi.org.in/Scripts/PublicationsView.aspx?id=23468
Uttar Pradesh,2011-12,2012,32648.0,t19_pc_nsdp_current,Table 19: Per Capita Net State Domestic Product (Current Prices),https://www.rbi.org.in/Scripts/PublicationsView.aspx?id=23468
Uttar Pradesh,2012-13,2013,36571.0,t19_pc_nsdp_current,Table 19: Per Capita Net State Domestic Product (Current Prices),https://www.rbi.org.in/Scripts/PublicationsView.aspx?id=23468
Uttar Pradesh,2013-14,2014,41137.0,t19_pc_nsdp_current,Table 19: Per Capita Net State Domestic Product (Current Prices),https://www.rbi.org.in/Scripts/PublicationsView.aspx?id=23468
Uttar Pradesh,2014-15,2015,43458.0,t19_pc_nsdp_current,Table 19: Per Capita Net State Domestic Product (Current Prices),https://www.rbi.org.in/Scripts/PublicationsView.aspx?id=23468
Uttar Pradesh,2015-16,2016,48725.0,t19_pc_nsdp_current,Table 19: Per Capita Net State Domestic Product (Current Prices),https://www.rbi.org.in/Scripts/PublicationsView.aspx?id=23468
Uttar Pradesh,2016-17,2017,54564.0,t19_pc_nsdp_current,Table 19: Per Capita Net State Domestic Product (Current Prices),https://www.rbi.org.in/Scripts/PublicationsView.aspx?id=23468
Uttarakhand,2011-12,2012,100314.0,t19_pc_nsdp_current,Table 19: Per Capita Net State Domestic Product (Current Prices),https://www.rbi.org.in/Scripts/PublicationsView.aspx?id=23468
Uttarakhand,2012-13,2013,113654.0,t19_pc_nsdp_current,Table 19: Per Capita Net State Domestic Product (Current Prices),https://www.rbi.org.in/Scripts/PublicationsView.aspx?id=23468
Uttarakhand,2013-14,2014,126356.0,t19_pc_nsdp_current,Table 19: Per Capita Net State Domestic Product (Current Prices),https://www.rbi.org.in/Scripts/PublicationsView.aspx?id=23468
Uttarakhand,2014-15,2015,136099.0,t19_pc_nsdp_current,Table 19: Per Capita Net State Domestic Product (Current Prices),https://www.rbi.org.in/Scripts/PublicationsView.aspx?id=23468
Uttarakhand,2015-16,2016,147936.0,t19_pc_nsdp_current,Table 19: Per Capita Net State Domestic Product (Current Prices),https://www.rbi.org.in/Scripts/PublicationsView.aspx?id=23468
Uttarakhand,2016-17,2017,161752.0,t19_pc_nsdp_current,Table 19: Per Capita Net State Domestic Product (Current Prices),https://www.rbi.org.in/Scripts/PublicationsView.aspx?id=23468
West Bengal,2011-12,2012,51543.0,t19_pc_nsdp_current,Table 19: Per Capita Net State Domestic Product (Current Prices),https://www.rbi.org.in/Scripts/PublicationsView.aspx?id=23468
West Bengal,2012-13,2013,58195.0,t19_pc_nsdp_current,Table 19: Per Capita Net State Domestic Product (Current Prices),https://www.rbi.org.in/Scripts/PublicationsView.aspx?id=23468
West Bengal,2013-14,2014,65932.0,t19_pc_nsdp_current,Table 19: Per Capita Net State Domestic Product (Current Prices),https://www.rbi.org.in/Scripts/PublicationsView.aspx?id=23468
West Bengal,2014-15,2015,68876.0,t19_pc_nsdp_current,Table 19: Per Capita Net State Domestic Product (Current Prices),https://www.rbi.org.in/Scripts/PublicationsView.aspx?id=23468
West Bengal,2015-16,2016,75992.0,t19_pc_nsdp_current,Table 19: Per Capita Net State Domestic Product (Current Prices),https://www.rbi.org.in/Scripts/PublicationsView.aspx?id=23468
West Bengal,2016-17,2017,82291.0,t19_pc_nsdp_current,Table 19: Per Capita Net State Domestic Product (Current Prices),https://www.rbi.org.in/Scripts/PublicationsView.aspx?id=23468
Andaman & Nicobar Islands,2017-18,2018,178709.0,t19_pc_nsdp_current,Table 19: Per Capita Net State Domestic Product (Current Prices),https://www.rbi.org.in/Scripts/PublicationsView.aspx?id=23468
Andaman & Nicobar Islands,2018-19,2019,204254.0,t19_pc_nsdp_current,Table 19: Per Capita Net State Domestic Product (Current Prices),https://www.rbi.org.in/Scripts/PublicationsView.aspx?id=23468
Andaman & Nicobar Islands,2019-20,2020,219653.0,t19_pc_nsdp_current,Table 19: Per Capita Net State Domestic Product (Current Prices),https://www.rbi.org.in/Scripts/PublicationsView.aspx?id=23468
Andaman & Nicobar Islands,2020-21,2021,205368.0,t19_pc_nsdp_current,Table 19: Per Capita Net State Domestic Product (Current Prices),https://www.rbi.org.in/Scripts/PublicationsView.aspx?id=23468
Andaman & Nicobar Islands,2021-22,2022,229570.0,t19_pc_nsdp_current,Table 19: Per Capita Net State Domestic Product (Current Prices),https://www.rbi.org.in/Scripts/PublicationsView.aspx?id=23468
Andaman & Nicobar Islands,2022-23,2023,263984.0,t19_pc_nsdp_current,Table 19: Per Capita Net State Domestic Product (Current Prices),https://www.rbi.org.in/Scripts/PublicationsView.aspx?id=23468
Andaman & Nicobar Islands,2023-24,2024,276000.0,t19_pc_nsdp_current,Table 19: Per Capita Net State Domestic Product (Current Prices),https://www.rbi.org.in/Scripts/PublicationsView.aspx?id=23468
Andaman & Nicobar Islands,2024-25,2025,,t19_pc_nsdp_current,Table 19: Per Capita Net State Domestic Product (Current Prices),https://www.rbi.org.in/Scripts/PublicationsView.aspx?id=23468
Andhra Pradesh,2017-18,2018,138299.0,t19_pc_nsdp_current,Table 19: Per Capita Net State Domestic Product (Current Prices),https://www.rbi.org.in/Scripts/PublicationsView.aspx?id=23468
Andhra Pradesh,2018-19,2019,154031.0,t19_pc_nsdp_current,Table 19: Per Capita Net State Domestic Product (Current Prices),https://www.rbi.org.in/Scripts/PublicationsView.aspx?id=23468
Andhra Pradesh,2019-20,2020,160341.0,t19_pc_nsdp_current,Table 19: Per Capita Net State Domestic Product (Current Prices),https://www.rbi.org.in/Scripts/PublicationsView.aspx?id=23468
Andhra Pradesh,2020-21,2021,168063.0,t19_pc_nsdp_current,Table 19: Per Capita Net State Domestic Product (Current Prices),https://www.rbi.org.in/Scripts/PublicationsView.aspx?id=23468
Andhra Pradesh,2021-22,2022,193703.0,t19_pc_nsdp_current,Table 19: Per Capita Net State Domestic Product (Current Prices),https://www.rbi.org.in/Scripts/PublicationsView.aspx?id=23468
Andhra Pradesh,2022-23,2023,219917.0,t19_pc_nsdp_current,Table 19: Per Capita Net State Domestic Product (Current Prices),https://www.rbi.org.in/Scripts/PublicationsView.aspx?id=23468
Andhra Pradesh,2023-24,2024,237951.0,t19_pc_nsdp_current,Table 19: Per Capita Net State Domestic Product (Current Prices),https://www.rbi.org.in/Scripts/PublicationsView.aspx?id=23468
Andhra Pradesh,2024-25,2025,266240.0,t19_pc_nsdp_current,Table 19: Per Capita Net State Domestic Product (Current Prices),https://www.rbi.org.in/Scripts/PublicationsView.aspx?id=23468
Arunachal Pradesh,2017-18,2018,138836.0,t19_pc_nsdp_current,Table 19: Per Capita Net State Domestic Product (Current Prices),https://www.rbi.org.in/Scripts/PublicationsView.aspx?id=23468
Arunachal Pradesh,2018-19,2019,155103.0,t19_pc_nsdp_current,Table 19: Per Capita Net State Domestic Product (Current Prices),https://www.rbi.org.in/Scripts/PublicationsView.aspx?id=23468
Arunachal Pradesh,2019-20,2020,182171.0,t19_pc_nsdp_current,Table 19: Per Capita Net State Domestic Product (Current Prices),https://www.rbi.org.in/Scripts/PublicationsView.aspx?id=23468
Arunachal Pradesh,2020-21,2021,181537.0,t19_pc_nsdp_current,Table 19: Per Capita Net State Domestic Product (Current Prices),https://www.rbi.org.in/Scripts/PublicationsView.aspx?id=23468
Arunachal Pradesh,2021-22,2022,190851.0,t19_pc_nsdp_current,Table 19: Per Capita Net State Domestic Product (Current Prices),https://www.rbi.org.in/Scripts/PublicationsView.aspx?id=23468
Arunachal Pradesh,2022-23,2023,204469.0,t19_pc_nsdp_current,Table 19: Per Capita Net State Domestic Product (Current Prices),https://www.rbi.org.in/Scripts/PublicationsView.aspx?id=23468
Arunachal Pradesh,2023-24,2024,217325.0,t19_pc_nsdp_current,Table 19: Per Capita Net State Domestic Product (Current Prices),https://www.rbi.org.in/Scripts/PublicationsView.aspx?id=23468
Arunachal Pradesh,2024-25,2025,246813.0,t19_pc_nsdp_current,Table 19: Per Capita Net State Domestic Product (Current Prices),https://www.rbi.org.in/Scripts/PublicationsView.aspx?id=23468
Assam,2017-18,2018,75151.0,t19_pc_nsdp_current,Table 19: Per Capita Net State Domestic Product (Current Prices),https://www.rbi.org.in/Scripts/PublicationsView.aspx?id=23468
Assam,2018-19,2019,81034.0,t19_pc_nsdp_current,Table 19: Per Capita Net State Domestic Product (Current Prices),https://www.rbi.org.in/Scripts/PublicationsView.aspx?id=23468
Assam,2019-20,2020,90123.0,t19_pc_nsdp_current,Table 19: Per Capita Net State Domestic Product (Current Prices),https://www.rbi.org.in/Scripts/PublicationsView.aspx?id=23468
Assam,2020-21,2021,86947.0,t19_pc_nsdp_current,Table 19: Per Capita Net State Domestic Product (Current Prices),https://www.rbi.org.in/Scripts/PublicationsView.aspx?id=23468
Assam,2021-22,2022,103371.0,t19_pc_nsdp_current,Table 19: Per Capita Net State Domestic Product (Current Prices),https://www.rbi.org.in/Scripts/PublicationsView.aspx?id=23468
Assam,2022-23,2023,121573.0,t19_pc_nsdp_current,Table 19: Per Capita Net State Domestic Product (Current Prices),https://www.rbi.org.in/Scripts/PublicationsView.aspx?id=23468
Assam,2023-24,2024,143852.0,t19_pc_nsdp_current,Table 19: Per Capita Net State Domestic Product (Current Prices),https://www.rbi.org.in/Scripts/PublicationsView.aspx?id=23468
Assam,2024-25,2025,159185.0,t19_pc_nsdp_current,Table 19: Per Capita Net State Domestic Product (Current Prices),https://www.rbi.org.in/Scripts/PublicationsView.aspx?id=23468
Bihar,2017-18,2018,36850.0,t19_pc_nsdp_current,Table 19: Per Capita Net State Domestic Product (Current Prices),https://www.rbi.org.in/Scripts/PublicationsView.aspx?id=23468
Bihar,2018-19,2019,40715.0,t19_pc_nsdp_current,Table 19: Per Capita Net State Domestic Product (Current Prices),https://www.rbi.org.in/Scripts/PublicationsView.aspx?id=23468
Bihar,2019-20,2020,44175.0,t19_pc_nsdp_current,Table 19: Per Capita Net State Domestic Product (Current Prices),https://www.rbi.org.in/Scripts/PublicationsView.aspx?id=23468
Bihar,2020-21,2021,42128.0,t19_pc_nsdp_current,Table 19: Per Capita Net State Domestic Product (Current Prices),https://www.rbi.org.in/Scripts/PublicationsView.aspx?id=23468
Bihar,2021-22,2022,47296.0,t19_pc_nsdp_current,Table 19: Per Capita Net State Domestic Product (Current Prices),https://www.rbi.org.in/Scripts/PublicationsView.aspx?id=23468
Bihar,2022-23,2023,54637.0,t19_pc_nsdp_current,Table 19: Per Capita Net State Domestic Product (Current Prices),https://www.rbi.org.in/Scripts/PublicationsView.aspx?id=23468
Bihar,2023-24,2024,62201.0,t19_pc_nsdp_current,Table 19: Per Capita Net State Domestic Product (Current Prices),https://www.rbi.org.in/Scripts/PublicationsView.aspx?id=23468
Bihar,2024-25,2025,69321.0,t19_pc_nsdp_current,Table 19: Per Capita Net State Domestic Product (Current Prices),https://www.rbi.org.in/Scripts/PublicationsView.aspx?id=23468
Chandigarh,2017-18,2018,280512.0,t19_pc_nsdp_current,Table 19: Per Capita Net State Domestic Product (Current Prices),https://www.rbi.org.in/Scripts/PublicationsView.aspx?id=23468
Chandigarh,2018-19,2019,307812.0,t19_pc_nsdp_current,Table 19: Per Capita Net State Domestic Product (Current Prices),https://www.rbi.org.in/Scripts/PublicationsView.aspx?id=23468
Chandigarh,2019-20,2020,330703.0,t19_pc_nsdp_current,Table 19: Per Capita Net State Domestic Product (Current Prices),https://www.rbi.org.in/Scripts/PublicationsView.aspx?id=23468
Chandigarh,2020-21,2021,290417.0,t19_pc_nsdp_current,Table 19: Per Capita Net State Domestic Product (Current Prices),https://www.rbi.org.in/Scripts/PublicationsView.aspx?id=23468
Chandigarh,2021-22,2022,337406.0,t19_pc_nsdp_current,Table 19: Per Capita Net State Domestic Product (Current Prices),https://www.rbi.org.in/Scripts/PublicationsView.aspx?id=23468
Chandigarh,2022-23,2023,408512.0,t19_pc_nsdp_current,Table 19: Per Capita Net State Domestic Product (Current Prices),https://www.rbi.org.in/Scripts/PublicationsView.aspx?id=23468
Chandigarh,2023-24,2024,453457.0,t19_pc_nsdp_current,Table 19: Per Capita Net State Domestic Product (Current Prices),https://www.rbi.org.in/Scripts/PublicationsView.aspx?id=23468
Chandigarh,2024-25,2025,,t19_pc_nsdp_current,Table 19: Per Capita Net State Domestic Product (Current Prices),https://www.rbi.org.in/Scripts/PublicationsView.aspx?id=23468
Chhattisgarh,2017-18,2018,88793.0,t19_pc_nsdp_current,Table 19: Per Capita Net State Domestic Product (Current Prices),https://www.rbi.org.in/Scripts/PublicationsView.aspx?id=23468
Chhattisgarh,2018-19,2019,102024.0,t19_pc_nsdp_current,Table 19: Per Capita Net State Domestic Product (Current Prices),https://www.rbi.org.in/Scripts/PublicationsView.aspx?id=23468
Chhattisgarh,2019-20,2020,106611.0,t19_pc_nsdp_current,Table 19: Per Capita Net State Domestic Product (Current Prices),https://www.rbi.org.in/Scripts/PublicationsView.aspx?id=23468
Chhattisgarh,2020-21,2021,106117.0,t19_pc_nsdp_current,Table 19: Per Capita Net State Domestic Product (Current Prices),https://www.rbi.org.in/Scripts/PublicationsView.aspx?id=23468
Chhattisgarh,2021-22,2022,123493.0,t19_pc_nsdp_current,Table 19: Per Capita Net State Domestic Product (Current Prices),https://www.rbi.org.in/Scripts/PublicationsView.aspx?id=23468
Chhattisgarh,2022-23,2023,134996.0,t19_pc_nsdp_current,Table 19: Per Capita Net State Domestic Product (Current Prices),https://www.rbi.org.in/Scripts/PublicationsView.aspx?id=23468
Chhattisgarh,2023-24,2024,148922.0,t19_pc_nsdp_current,Table 19: Per Capita Net State Domestic Product (Current Prices),https://www.rbi.org.in/Scripts/PublicationsView.aspx?id=23468
Chhattisgarh,2024-25,2025,162870.0,t19_pc_nsdp_current,Table 19: Per Capita Net State Domestic Product (Current Prices),https://www.rbi.org.in/Scripts/PublicationsView.aspx?id=23468
Delhi,2017-18,2018,318323.0,t19_pc_nsdp_current,Table 19: Per Capita Net State Domestic Product (Current Prices),https://www.rbi.org.in/Scripts/PublicationsView.aspx?id=23468
Delhi,2018-19,2019,338730.0,t19_pc_nsdp_current,Table 19: Per Capita Net State Domestic Product (Current Prices),https://www.rbi.org.in/Scripts/PublicationsView.aspx?id=23468
Delhi,2019-20,2020,355798.0,t19_pc_nsdp_current,Table 19: Per Capita Net State Domestic Product (Current Prices),https://www.rbi.org.in/Scripts/PublicationsView.aspx?id=23468
Delhi,2020-21,2021,322311.0,t19_pc_nsdp_current,Table 19: Per Capita Net State Domestic Product (Current Prices),https://www.rbi.org.in/Scripts/PublicationsView.aspx?id=23468
Delhi,2021-22,2022,370824.0,t19_pc_nsdp_current,Table 19: Per Capita Net State Domestic Product (Current Prices),https://www.rbi.org.in/Scripts/PublicationsView.aspx?id=23468
Delhi,2022-23,2023,417217.0,t19_pc_nsdp_current,Table 19: Per Capita Net State Domestic Product (Current Prices),https://www.rbi.org.in/Scripts/PublicationsView.aspx?id=23468
Delhi,2023-24,2024,459408.0,t19_pc_nsdp_current,Table 19: Per Capita Net State Domestic Product (Current Prices),https://www.rbi.org.in/Scripts/PublicationsView.aspx?id=23468
Delhi,2024-25,2025,493024.0,t19_pc_nsdp_current,Table 19: Per Capita Net State Domestic Product (Current Prices),https://www.rbi.org.in/Scripts/PublicationsView.aspx?id=23468
Goa,2017-18,2018,411740.0,t19_pc_nsdp_current,Table 19: Per Capita Net State Domestic Product (Current Prices),https://www.rbi.org.in/Scripts/PublicationsView.aspx?id=23468
Goa,2018-19,2019,423716.0,t19_pc_nsdp_current,Table 19: Per Capita Net State Domestic Product (Current Prices),https://www.rbi.org.in/Scripts/PublicationsView.aspx?id=23468
Goa,2019-20,2020,435949.0,t19_pc_nsdp_current,Table 19: Per Capita Net State Domestic Product (Current Prices),https://www.rbi.org.in/Scripts/PublicationsView.aspx?id=23468
Goa,2020-21,2021,423047.0,t19_pc_nsdp_current,Table 19: Per Capita Net State Domestic Product (Current Prices),https://www.rbi.org.in/Scripts/PublicationsView.aspx?id=23468
Goa,2021-22,2022,459094.0,t19_pc_nsdp_current,Table 19: Per Capita Net State Domestic Product (Current Prices),https://www.rbi.org.in/Scripts/PublicationsView.aspx?id=23468
Goa,2022-23,2023,532854.0,t19_pc_nsdp_current,Table 19: Per Capita Net State Domestic Product (Current Prices),https://www.rbi.org.in/Scripts/PublicationsView.aspx?id=23468
Goa,2023-24,2024,585953.0,t19_pc_nsdp_current,Table 19: Per Capita Net State Domestic Product (Current Prices),https://www.rbi.org.in/Scripts/PublicationsView.aspx?id=23468
Goa,2024-25,2025,,t19_pc_nsdp_current,Table 19: Per Capita Net State Domestic Product (Current Prices),https://www.rbi.org.in/Scripts/PublicationsView.aspx?id=23468
Gujarat,2017-18,2018,176961.0,t19_pc_nsdp_current,Table 19: Per Capita Net State Domestic Product (Current Prices),https://www.rbi.org.in/Scripts/PublicationsView.aspx?id=23468
Gujarat,2018-19,2019,197457.0,t19_pc_nsdp_current,Table 19: Per Capita Net State Domestic Product (Current Prices),https://www.rbi.org.in/Scripts/PublicationsView.aspx?id=23468
Gujarat,2019-20,2020,212428.0,t19_pc_nsdp_current,Table 19: Per Capita Net State Domestic Product (Current Prices),https://www.rbi.org.in/Scripts/PublicationsView.aspx?id=23468
Gujarat,2020-21,2021,207324.0,t19_pc_nsdp_current,Table 19: Per Capita Net State Domestic Product (Current Prices),https://www.rbi.org.in/Scripts/PublicationsView.aspx?id=23468
Gujarat,2021-22,2022,241584.0,t19_pc_nsdp_current,Table 19: Per Capita Net State Domestic Product (Current Prices),https://www.rbi.org.in/Scripts/PublicationsView.aspx?id=23468
Gujarat,2022-23,2023,272451.0,t19_pc_nsdp_current,Table 19: Per Capita Net State Domestic Product (Current Prices),https://www.rbi.org.in/Scripts/PublicationsView.aspx?id=23468
Gujarat,2023-24,2024,,t19_pc_nsdp_current,Table 19: Per Capita Net State Domestic Product (Current Prices),https://www.rbi.org.in/Scripts/PublicationsView.aspx?id=23468
Gujarat,2024-25,2025,,t19_pc_nsdp_current,Table 19: Per Capita Net State Domestic Product (Current Prices),https://www.rbi.org.in/Scripts/PublicationsView.aspx?id=23468
Haryana,2017-18,2018,208437.0,t19_pc_nsdp_current,Table 19: Per Capita Net State Domestic Product (Current Prices),https://www.rbi.org.in/Scripts/PublicationsView.aspx?id=23468
Haryana,2018-19,2019,223022.0,t19_pc_nsdp_current,Table 19: Per Capita Net State Domestic Product (Current Prices),https://www.rbi.org.in/Scripts/PublicationsView.aspx?id=23468
Haryana,2019-20,2020,232530.0,t19_pc_nsdp_current,Table 19: Per Capita Net State Domestic Product (Current Prices),https://www.rbi.org.in/Scripts/PublicationsView.aspx?id=23468
Haryana,2020-21,2021,225137.0,t19_pc_nsdp_current,Table 19: Per Capita Net State Domestic Product (Current Prices),https://www.rbi.org.in/Scripts/PublicationsView.aspx?id=23468
Haryana,2021-22,2022,265163.0,t19_pc_nsdp_current,Table 19: Per Capita Net State Domestic Product (Current Prices),https://www.rbi.org.in/Scripts/PublicationsView.aspx?id=23468
Haryana,2022-23,2023,289213.0,t19_pc_nsdp_current,Table 19: Per Capita Net State Domestic Product (Current Prices),https://www.rbi.org.in/Scripts/PublicationsView.aspx?id=23468
Haryana,2023-24,2024,319363.0,t19_pc_nsdp_current,Table 19: Per Capita Net State Domestic Product (Current Prices),https://www.rbi.org.in/Scripts/PublicationsView.aspx?id=23468
Haryana,2024-25,2025,353182.0,t19_pc_nsdp_current,Table 19: Per Capita Net State Domestic Product (Current Prices),https://www.rbi.org.in/Scripts/PublicationsView.aspx?id=23468
Himachal Pradesh,2017-18,2018,165497.0,t19_pc_nsdp_current,Table 19: Per Capita Net State Domestic Product (Current Prices),https://www.rbi.org.in/Scripts/PublicationsView.aspx?id=23468
Himachal Pradesh,2018-19,2019,174804.0,t19_pc_nsdp_current,Table 19: Per Capita Net State Domestic Product (Current Prices),https://www.rbi.org.in/Scripts/PublicationsView.aspx?id=23468
Himachal Pradesh,2019-20,2020,186559.0,t19_pc_nsdp_current,Table 19: Per Capita Net State Domestic Product (Current Prices),https://www.rbi.org.in/Scripts/PublicationsView.aspx?id=23468
Himachal Pradesh,2020-21,2021,173565.0,t19_pc_nsdp_current,Table 19: Per Capita Net State Domestic Product (Current Prices),https://www.rbi.org.in/Scripts/PublicationsView.aspx?id=23468
Himachal Pradesh,2021-22,2022,193016.0,t19_pc_nsdp_current,Table 19: Per Capita Net State Domestic Product (Current Prices),https://www.rbi.org.in/Scripts/PublicationsView.aspx?id=23468
Himachal Pradesh,2022-23,2023,214952.0,t19_pc_nsdp_current,Table 19: Per Capita Net State Domestic Product (Current Prices),https://www.rbi.org.in/Scripts/PublicationsView.aspx?id=23468
Himachal Pradesh,2023-24,2024,234721.0,t19_pc_nsdp_current,Table 19: Per Capita Net State Domestic Product (Current Prices),https://www.rbi.org.in/Scripts/PublicationsView.aspx?id=23468
Himachal Pradesh,2024-25,2025,256137.0,t19_pc_nsdp_current,Table 19: Per Capita Net State Domestic Product (Current Prices),https://www.rbi.org.in/Scripts/PublicationsView.aspx?id=23468
Jammu & Kashmir,2017-18,2018,87710.0,t19_pc_nsdp_current,Table 19: Per Capita Net State Domestic Product (Current Prices),https://www.rbi.org.in/Scripts/PublicationsView.aspx?id=23468
Jammu & Kashmir,2018-19,2019,98738.0,t19_pc_nsdp_current,Table 19: Per Capita Net State Domestic Product (Current Prices),https://www.rbi.org.in/Scripts/PublicationsView.aspx?id=23468
Jammu & Kashmir,2019-20,2020,101868.0,t19_pc_nsdp_current,Table 19: Per Capita Net State Domestic Product (Current Prices),https://www.rbi.org.in/Scripts/PublicationsView.aspx?id=23468
Jammu & Kashmir,2020-21,2021,101645.0,t19_pc_nsdp_current,Table 19: Per Capita Net State Domestic Product (Current Prices),https://www.rbi.org.in/Scripts/PublicationsView.aspx?id=23468
Jammu & Kashmir,2021-22,2022,112898.0,t19_pc_nsdp_current,Table 19: Per Capita Net State Domestic Product (Current Prices),https://www.rbi.org.in/Scripts/PublicationsView.aspx?id=23468
Jammu & Kashmir,2022-23,2023,123614.0,t19_pc_nsdp_current,Table 19: Per Capita Net State Domestic Product (Current Prices),https://www.rbi.org.in/Scripts/PublicationsView.aspx?id=23468
Jammu & Kashmir,2023-24,2024,140051.0,t19_pc_nsdp_current,Table 19: Per Capita Net State Domestic Product (Current Prices),https://www.rbi.org.in/Scripts/PublicationsView.aspx?id=23468
Jammu & Kashmir,2024-25,2025,154826.0,t19_pc_nsdp_current,Table 19: Per Capita Net State Domestic Product (Current Prices),https://www.rbi.org.in/Scripts/PublicationsView.aspx?id=23468
Jharkhand,2017-18,2018,67484.0,t19_pc_nsdp_current,Table 19: Per Capita Net State Domestic Product (Current Prices),https://www.rbi.org.in/Scripts/PublicationsView.aspx?id=23468
Jharkhand,2018-19,2019,75421.0,t19_pc_nsdp_current,Table 19: Per Capita Net State Domestic Product (Current Prices),https://www.rbi.org.in/Scripts/PublicationsView.aspx?id=23468
Jharkhand,2019-20,2020,75016.0,t19_pc_nsdp_current,Table 19: Per Capita Net State Domestic Product (Current Prices),https://www.rbi.org.in/Scripts/PublicationsView.aspx?id=23468
Jharkhand,2020-21,2021,69963.0,t19_pc_nsdp_current,Table 19: Per Capita Net State Domestic Product (Current Prices),https://www.rbi.org.in/Scripts/PublicationsView.aspx?id=23468
Jharkhand,2021-22,2022,88500.0,t19_pc_nsdp_current,Table 19: Per Capita Net State Domestic Product (Current Prices),https://www.rbi.org.in/Scripts/PublicationsView.aspx?id=23468
Jharkhand,2022-23,2023,95839.0,t19_pc_nsdp_current,Table 19: Per Capita Net State Domestic Product (Current Prices),https://www.rbi.org.in/Scripts/PublicationsView.aspx?id=23468
Jharkhand,2023-24,2024,106529.0,t19_pc_nsdp_current,Table 19: Per Capita Net State Domestic Product (Current Prices),https://www.rbi.org.in/Scripts/PublicationsView.aspx?id=23468
Jharkhand,2024-25,2025,116663.0,t19_pc_nsdp_current,Table 19: Per Capita Net State Domestic Product (Current Prices),https://www.rbi.org.in/Scripts/PublicationsView.aspx?id=23468
Karnataka,2017-18,2018,185840.0,t19_pc_nsdp_current,Table 19: Per Capita Net State Domestic Product (Current Prices),https://www.rbi.org.in/Scripts/PublicationsView.aspx?id=23468
Karnataka,2018-19,2019,205245.0,t19_pc_nsdp_current,Table 19: Per Capita Net State Domestic Product (Current Prices),https://www.rbi.org.in/Scripts/PublicationsView.aspx?id=23468
Karnataka,2019-20,2020,222141.0,t19_pc_nsdp_current,Table 19: Per Capita Net State Domestic Product (Current Prices),https://www.rbi.org.in/Scripts/PublicationsView.aspx?id=23468
Karnataka,2020-21,2021,221683.0,t19_pc_nsdp_current,Table 19: Per Capita Net State Domestic Product (Current Prices),https://www.rbi.org.in/Scripts/PublicationsView.aspx?id=23468
Karnataka,2021-22,2022,268963.0,t19_pc_nsdp_current,Table 19: Per Capita Net State Domestic Product (Current Prices),https://www.rbi.org.in/Scripts/PublicationsView.aspx?id=23468
Karnataka,2022-23,2023,310325.0,t19_pc_nsdp_current,Table 19: Per Capita Net State Domestic Product (Current Prices),https://www.rbi.org.in/Scripts/PublicationsView.aspx?id=23468
Karnataka,2023-24,2024,339813.0,t19_pc_nsdp_current,Table 19: Per Capita Net State Domestic Product (Current Prices),https://www.rbi.org.in/Scripts/PublicationsView.aspx?id=23468
Karnataka,2024-25,2025,380906.0,t19_pc_nsdp_current,Table 19: Per Capita Net State Domestic Product (Current Prices),https://www.rbi.org.in/Scripts/PublicationsView.aspx?id=23468
Kerala,2017-18,2018,183252.0,t19_pc_nsdp_current,Table 19: Per Capita Net State Domestic Product (Current Prices),https://www.rbi.org.in/Scripts/PublicationsView.aspx?id=23468
Kerala,2018-19,2019,205437.0,t19_pc_nsdp_current,Table 19: Per Capita Net State Domestic Product (Current Prices),https://www.rbi.org.in/Scripts/PublicationsView.aspx?id=23468
Kerala,2019-20,2020,208879.0,t19_pc_nsdp_current,Table 19: Per Capita Net State Domestic Product (Current Prices),https://www.rbi.org.in/Scripts/PublicationsView.aspx?id=23468
Kerala,2020-21,2021,194432.0,t19_pc_nsdp_current,Table 19: Per Capita Net State Domestic Product (Current Prices),https://www.rbi.org.in/Scripts/PublicationsView.aspx?id=23468
Kerala,2021-22,2022,230280.0,t19_pc_nsdp_current,Table 19: Per Capita Net State Domestic Product (Current Prices),https://www.rbi.org.in/Scripts/PublicationsView.aspx?id=23468
Kerala,2022-23,2023,257307.0,t19_pc_nsdp_current,Table 19: Per Capita Net State Domestic Product (Current Prices),https://www.rbi.org.in/Scripts/PublicationsView.aspx?id=23468
Kerala,2023-24,2024,281269.0,t19_pc_nsdp_current,Table 19: Per Capita Net State Domestic Product (Current Prices),https://www.rbi.org.in/Scripts/PublicationsView.aspx?id=23468
Kerala,2024-25,2025,308338.0,t19_pc_nsdp_current,Table 19: Per Capita Net State Domestic Product (Current Prices),https://www.rbi.org.in/Scripts/PublicationsView.aspx?id=23468
Ladakh,2017-18,2018,,t19_pc_nsdp_current,Table 19: Per Capita Net State Domestic Product (Current Prices),https://www.rbi.org.in/Scripts/PublicationsView.aspx?id=23468
Ladakh,2018-19,2019,,t19_pc_nsdp_current,Table 19: Per Capita Net State Domestic Product (Current Prices),https://www.rbi.org.in/Scripts/PublicationsView.aspx?id=23468
Ladakh,2019-20,2020,,t19_pc_nsdp_current,Table 19: Per Capita Net State Domestic Product (Current Prices),https://www.rbi.org.in/Scripts/PublicationsView.aspx?id=23468
Ladakh,2020-21,2021,,t19_pc_nsdp_current,Table 19: Per Capita Net State Domestic Product (Current Prices),https://www.rbi.org.in/Scripts/PublicationsView.aspx?id=23468
Ladakh,2021-22,2022,,t19_pc_nsdp_current,Table 19: Per Capita Net State Domestic Product (Current Prices),https://www.rbi.org.in/Scripts/PublicationsView.aspx?id=23468
Ladakh,2022-23,2023,186970.0,t19_pc_nsdp_current,Table 19: Per Capita Net State Domestic Product (Current Prices),https://www.rbi.org.in/Scripts/PublicationsView.aspx?id=23468
Ladakh,2023-24,2024,242360.0,t19_pc_nsdp_current,Table 19: Per Capita Net State Domestic Product (Current Prices),https://www.rbi.org.in/Scripts/PublicationsView.aspx?id=23468
Ladakh,2024-25,2025,,t19_pc_nsdp_current,Table 19: Per Capita Net State Domestic Product (Current Prices),https://www.rbi.org.in/Scripts/PublicationsView.aspx?id=23468
Madhya Pradesh,2017-18,2018,81966.0,t19_pc_nsdp_current,Table 19: Per Capita Net State Domestic Product (Current Prices),https://www.rbi.org.in/Scripts/PublicationsView.aspx?id=23468
Madhya Pradesh,2018-19,2019,92337.0,t19_pc_nsdp_current,Table 19: Per Capita Net State Domestic Product (Current Prices),https://www.rbi.org.in/Scripts/PublicationsView.aspx?id=23468
Madhya Pradesh,2019-20,2020,101909.0,t19_pc_nsdp_current,Table 19: Per Capita Net State Domestic Product (Current Prices),https://www.rbi.org.in/Scripts/PublicationsView.aspx?id=23468
Madhya Pradesh,2020-21,2021,101958.0,t19_pc_nsdp_current,Table 19: Per Capita Net State Domestic Product (Current Prices),https://www.rbi.org.in/Scripts/PublicationsView.aspx?id=23468
Madhya Pradesh,2021-22,2022,117402.0,t19_pc_nsdp_current,Table 19: Per Capita Net State Domestic Product (Current Prices),https://www.rbi.org.in/Scripts/PublicationsView.aspx?id=23468
Madhya Pradesh,2022-23,2023,127947.0,t19_pc_nsdp_current,Table 19: Per Capita Net State Domestic Product (Current Prices),https://www.rbi.org.in/Scripts/PublicationsView.aspx?id=23468
Madhya Pradesh,2023-24,2024,139713.0,t19_pc_nsdp_current,Table 19: Per Capita Net State Domestic Product (Current Prices),https://www.rbi.org.in/Scripts/PublicationsView.aspx?id=23468
Madhya Pradesh,2024-25,2025,152615.0,t19_pc_nsdp_current,Table 19: Per Capita Net State Domestic Product (Current Prices),https://www.rbi.org.in/Scripts/PublicationsView.aspx?id=23468
Maharashtra,2017-18,2018,172663.0,t19_pc_nsdp_current,Table 19: Per Capita Net State Domestic Product (Current Prices),https://www.rbi.org.in/Scripts/PublicationsView.aspx?id=23468
Maharashtra,2018-19,2019,182865.0,t19_pc_nsdp_current,Table 19: Per Capita Net State Domestic Product (Current Prices),https://www.rbi.org.in/Scripts/PublicationsView.aspx?id=23468
Maharashtra,2019-20,2020,189843.0,t19_pc_nsdp_current,Table 19: Per Capita Net State Domestic Product (Current Prices),https://www.rbi.org.in/Scripts/PublicationsView.aspx?id=23468
Maharashtra,2020-21,2021,182454.0,t19_pc_nsdp_current,Table 19: Per Capita Net State Domestic Product (Current Prices),https://www.rbi.org.in/Scripts/PublicationsView.aspx?id=23468
Maharashtra,2021-22,2022,219620.0,t19_pc_nsdp_current,Table 19: Per Capita Net State Domestic Product (Current Prices),https://www.rbi.org.in/Scripts/PublicationsView.aspx?id=23468
Maharashtra,2022-23,2023,252289.0,t19_pc_nsdp_current,Table 19: Per Capita Net State Domestic Product (Current Prices),https://www.rbi.org.in/Scripts/PublicationsView.aspx?id=23468
Maharashtra,2023-24,2024,278681.0,t19_pc_nsdp_current,Table 19: Per Capita Net State Domestic Product (Current Prices),https://www.rbi.org.in/Scripts/PublicationsView.aspx?id=23468
Maharashtra,2024-25,2025,309340.0,t19_pc_nsdp_current,Table 19: Per Capita Net State Domestic Product (Current Prices),https://www.rbi.org.in/Scripts/PublicationsView.aspx?id=23468
Manipur,2017-18,2018,71507.0,t19_pc_nsdp_current,Table 19: Per Capita Net State Domestic Product (Current Prices),https://www.rbi.org.in/Scripts/PublicationsView.aspx?id=23468
Manipur,2018-19,2019,73795.0,t19_pc_nsdp_current,Table 19: Per Capita Net State Domestic Product (Current Prices),https://www.rbi.org.in/Scripts/PublicationsView.aspx?id=23468
Manipur,2019-20,2020,78574.0,t19_pc_nsdp_current,Table 19: Per Capita Net State Domestic Product (Current Prices),https://www.rbi.org.in/Scripts/PublicationsView.aspx?id=23468
Manipur,2020-21,2021,75784.0,t19_pc_nsdp_current,Table 19: Per Capita Net State Domestic Product (Current Prices),https://www.rbi.org.in/Scripts/PublicationsView.aspx?id=23468
Manipur,2021-22,2022,98826.0,t19_pc_nsdp_current,Table 19: Per Capita Net State Domestic Product (Current Prices),https://www.rbi.org.in/Scripts/PublicationsView.aspx?id=23468
Manipur,2022-23,2023,107133.0,t19_pc_nsdp_current,Table 19: Per Capita Net State Domestic Product (Current Prices),https://www.rbi.org.in/Scripts/PublicationsView.aspx?id=23468
Manipur,2023-24,2024,119938.0,t19_pc_nsdp_current,Table 19: Per Capita Net State Domestic Product (Current Prices),https://www.rbi.org.in/Scripts/PublicationsView.aspx?id=23468
Manipur,2024-25,2025,,t19_pc_nsdp_current,Table 19: Per Capita Net State Domestic Product (Current Prices),https://www.rbi.org.in/Scripts/PublicationsView.aspx?id=23468
Meghalaya,2017-18,2018,82457.0,t19_pc_nsdp_current,Table 19: Per Capita Net State Domestic Product (Current Prices),https://www.rbi.org.in/Scripts/PublicationsView.aspx?id=23468
Meghalaya,2018-19,2019,88954.0,t19_pc_nsdp_current,Table 19: Per Capita Net State Domestic Product (Current Prices),https://www.rbi.org.in/Scripts/PublicationsView.aspx?id=23468
Meghalaya,2019-20,2020,95422.0,t19_pc_nsdp_current,Table 19: Per Capita Net State Domestic Product (Current Prices),https://www.rbi.org.in/Scripts/PublicationsView.aspx?id=23468
Meghalaya,2020-21,2021,90751.0,t19_pc_nsdp_current,Table 19: Per Capita Net State Domestic Product (Current Prices),https://www.rbi.org.in/Scripts/PublicationsView.aspx?id=23468
Meghalaya,2021-22,2022,107971.0,t19_pc_nsdp_current,Table 19: Per Capita Net State Domestic Product (Current Prices),https://www.rbi.org.in/Scripts/PublicationsView.aspx?id=23468
Meghalaya,2022-23,2023,124673.0,t19_pc_nsdp_current,Table 19: Per Capita Net State Domestic Product (Current Prices),https://www.rbi.org.in/Scripts/PublicationsView.aspx?id=23468
Meghalaya,2023-24,2024,141195.0,t19_pc_nsdp_current,Table 19: Per Capita Net State Domestic Product (Current Prices),https://www.rbi.org.in/Scripts/PublicationsView.aspx?id=23468
Meghalaya,2024-25,2025,157141.0,t19_pc_nsdp_current,Table 19: Per Capita Net State Domestic Product (Current Prices),https://www.rbi.org.in/Scripts/PublicationsView.aspx?id=23468
Mizoram,2017-18,2018,155222.0,t19_pc_nsdp_current,Table 19: Per Capita Net State Domestic Product (Current Prices),https://www.rbi.org.in/Scripts/PublicationsView.aspx?id=23468
Mizoram,2018-19,2019,164708.0,t19_pc_nsdp_current,Table 19: Per Capita Net State Domestic Product (Current Prices),https://www.rbi.org.in/Scripts/PublicationsView.aspx?id=23468
Mizoram,2019-20,2020,195365.0,t19_pc_nsdp_current,Table 19: Per Capita Net State Domestic Product (Current Prices),https://www.rbi.org.in/Scripts/PublicationsView.aspx?id=23468
Mizoram,2020-21,2021,173521.0,t19_pc_nsdp_current,Table 19: Per Capita Net State Domestic Product (Current Prices),https://www.rbi.org.in/Scripts/PublicationsView.aspx?id=23468
Mizoram,2021-22,2022,190965.0,t19_pc_nsdp_current,Table 19: Per Capita Net State Domestic Product (Current Prices),https://www.rbi.org.in/Scripts/PublicationsView.aspx?id=23468
Mizoram,2022-23,2023,213665.0,t19_pc_nsdp_current,Table 19: Per Capita Net State Domestic Product (Current Prices),https://www.rbi.org.in/Scripts/PublicationsView.aspx?id=23468
Mizoram,2023-24,2024,234996.0,t19_pc_nsdp_current,Table 19: Per Capita Net State Domestic Product (Current Prices),https://www.rbi.org.in/Scripts/PublicationsView.aspx?id=23468
Mizoram,2024-25,2025,,t19_pc_nsdp_current,Table 19: Per Capita Net State Domestic Product (Current Prices),https://www.rbi.org.in/Scripts/PublicationsView.aspx?id=23468
Nagaland,2017-18,2018,102003.0,t19_pc_nsdp_current,Table 19: Per Capita Net State Domestic Product (Current Prices),https://www.rbi.org.in/Scripts/PublicationsView.aspx?id=23468
Nagaland,2018-19,2019,109198.0,t19_pc_nsdp_current,Table 19: Per Capita Net State Domestic Product (Current Prices),https://www.rbi.org.in/Scripts/PublicationsView.aspx?id=23468
Nagaland,2019-20,2020,122759.0,t19_pc_nsdp_current,Table 19: Per Capita Net State Domestic Product (Current Prices),https://www.rbi.org.in/Scripts/PublicationsView.aspx?id=23468
Nagaland,2020-21,2021,119781.0,t19_pc_nsdp_current,Table 19: Per Capita Net State Domestic Product (Current Prices),https://www.rbi.org.in/Scripts/PublicationsView.aspx?id=23468
Nagaland,2021-22,2022,127225.0,t19_pc_nsdp_current,Table 19: Per Capita Net State Domestic Product (Current Prices),https://www.rbi.org.in/Scripts/PublicationsView.aspx?id=23468
Nagaland,2022-23,2023,138889.0,t19_pc_nsdp_current,Table 19: Per Capita Net State Domestic Product (Current Prices),https://www.rbi.org.in/Scripts/PublicationsView.aspx?id=23468
Nagaland,2023-24,2024,154828.0,t19_pc_nsdp_current,Table 19: Per Capita Net State Domestic Product (Current Prices),https://www.rbi.org.in/Scripts/PublicationsView.aspx?id=23468
Nagaland,2024-25,2025,,t19_pc_nsdp_current,Table 19: Per Capita Net State Domestic Product (Current Prices),https://www.rbi.org.in/Scripts/PublicationsView.aspx?id=23468
Odisha,2017-18,2018,87055.0,t19_pc_nsdp_current,Table 19: Per Capita Net State Domestic Product (Current Prices),https://www.rbi.org.in/Scripts/PublicationsView.aspx?id=23468
Odisha,2018-19,2019,98005.0,t19_pc_nsdp_current,Table 19: Per Capita Net State Domestic Product (Current Prices),https://www.rbi.org.in/Scripts/PublicationsView.aspx?id=23468
Odisha,2019-20,2020,104633.0,t19_pc_nsdp_current,Table 19: Per Capita Net State Domestic Product (Current Prices),https://www.rbi.org.in/Scripts/PublicationsView.aspx?id=23468
Odisha,2020-21,2021,103211.0,t19_pc_nsdp_current,Table 19: Per Capita Net State Domestic Product (Current Prices),https://www.rbi.org.in/Scripts/PublicationsView.aspx?id=23468
Odisha,2021-22,2022,133768.0,t19_pc_nsdp_current,Table 19: Per Capita Net State Domestic Product (Current Prices),https://www.rbi.org.in/Scripts/PublicationsView.aspx?id=23468
Odisha,2022-23,2023,134612.0,t19_pc_nsdp_current,Table 19: Per Capita Net State Domestic Product (Current Prices),https://www.rbi.org.in/Scripts/PublicationsView.aspx?id=23468
Odisha,2023-24,2024,150414.0,t19_pc_nsdp_current,Table 19: Per Capita Net State Domestic Product (Current Prices),https://www.rbi.org.in/Scripts/PublicationsView.aspx?id=23468
Odisha,2024-25,2025,168966.0,t19_pc_nsdp_current,Table 19: Per Capita Net State Domestic Product (Current Prices),https://www.rbi.org.in/Scripts/PublicationsView.aspx?id=23468
Puducherry,2017-18,2018,198357.0,t19_pc_nsdp_current,Table 19: Per Capita Net State Domestic Product (Current Prices),https://www.rbi.org.in/Scripts/PublicationsView.aspx?id=23468
Puducherry,2018-19,2019,204140.0,t19_pc_nsdp_current,Table 19: Per Capita Net State Domestic Product (Current Prices),https://www.rbi.org.in/Scripts/PublicationsView.aspx?id=23468
Puducherry,2019-20,2020,217937.0,t19_pc_nsdp_current,Table 19: Per Capita Net State Domestic Product (Current Prices),https://www.rbi.org.in/Scripts/PublicationsView.aspx?id=23468
Puducherry,2020-21,2021,208862.0,t19_pc_nsdp_current,Table 19: Per Capita Net State Domestic Product (Current Prices),https://www.rbi.org.in/Scripts/PublicationsView.aspx?id=23468
Puducherry,2021-22,2022,231557.0,t19_pc_nsdp_current,Table 19: Per Capita Net State Domestic Product (Current Prices),https://www.rbi.org.in/Scripts/PublicationsView.aspx?id=23468
Puducherry,2022-23,2023,231231.0,t19_pc_nsdp_current,Table 19: Per Capita Net State Domestic Product (Current Prices),https://www.rbi.org.in/Scripts/PublicationsView.aspx?id=23468
Puducherry,2023-24,2024,252164.0,t19_pc_nsdp_current,Table 19: Per Capita Net State Domestic Product (Current Prices),https://www.rbi.org.in/Scripts/PublicationsView.aspx?id=23468
Puducherry,2024-25,2025,281478.0,t19_pc_nsdp_current,Table 19: Per Capita Net State Domestic Product (Current Prices),https://www.rbi.org.in/Scripts/PublicationsView.aspx?id=23468
Punjab,2017-18,2018,139835.0,t19_pc_nsdp_current,Table 19: Per Capita Net State Domestic Product (Current Prices),https://www.rbi.org.in/Scripts/PublicationsView.aspx?id=23468
Punjab,2018-19,2019,149974.0,t19_pc_nsdp_current,Table 19: Per Capita Net State Domestic Product (Current Prices),https://www.rbi.org.in/Scripts/PublicationsView.aspx?id=23468
Punjab,2019-20,2020,154385.0,t19_pc_nsdp_current,Table 19: Per Capita Net State Domestic Product (Current Prices),https://www.rbi.org.in/Scripts/PublicationsView.aspx?id=23468
Punjab,2020-21,2021,150620.0,t19_pc_nsdp_current,Table 19: Per Capita Net State Domestic Product (Current Prices),https://www.rbi.org.in/Scripts/PublicationsView.aspx?id=23468
Punjab,2021-22,2022,170276.0,t19_pc_nsdp_current,Table 19: Per Capita Net State Domestic Product (Current Prices),https://www.rbi.org.in/Scripts/PublicationsView.aspx?id=23468
Punjab,2022-23,2023,185802.0,t19_pc_nsdp_current,Table 19: Per Capita Net State Domestic Product (Current Prices),https://www.rbi.org.in/Scripts/PublicationsView.aspx?id=23468
Punjab,2023-24,2024,205374.0,t19_pc_nsdp_current,Table 19: Per Capita Net State Domestic Product (Current Prices),https://www.rbi.org.in/Scripts/PublicationsView.aspx?id=23468
Punjab,2024-25,2025,221197.0,t19_pc_nsdp_current,Table 19: Per Capita Net State Domestic Product (Current Prices),https://www.rbi.org.in/Scripts/PublicationsView.aspx?id=23468
Rajasthan,2017-18,2018,98698.0,t19_pc_nsdp_current,Table 19: Per Capita Net State Domestic Product (Current Prices),https://www.rbi.org.in/Scripts/PublicationsView.aspx?id=23468
Rajasthan,2018-19,2019,106604.0,t19_pc_nsdp_current,Table 19: Per Capita Net State Domestic Product (Current Prices),https://www.rbi.org.in/Scripts/PublicationsView.aspx?id=23468
Rajasthan,2019-20,2020,115534.0,t19_pc_nsdp_current,Table 19: Per Capita Net State Domestic Product (Current Prices),https://www.rbi.org.in/Scripts/PublicationsView.aspx?id=23468
Rajasthan,2020-21,2021,114925.0,t19_pc_nsdp_current,Table 19: Per Capita Net State Domestic Product (Current Prices),https://www.rbi.org.in/Scripts/PublicationsView.aspx?id=23468
Rajasthan,2021-22,2022,134143.0,t19_pc_nsdp_current,Table 19: Per Capita Net State Domestic Product (Current Prices),https://www.rbi.org.in/Scripts/PublicationsView.aspx?id=23468
Rajasthan,2022-23,2023,150020.0,t19_pc_nsdp_current,Table 19: Per Capita Net State Domestic Product (Current Prices),https://www.rbi.org.in/Scripts/PublicationsView.aspx?id=23468
Rajasthan,2023-24,2024,166647.0,t19_pc_nsdp_current,Table 19: Per Capita Net State Domestic Product (Current Prices),https://www.rbi.org.in/Scripts/PublicationsView.aspx?id=23468
Rajasthan,2024-25,2025,185053.0,t19_pc_nsdp_current,Table 19: Per Capita Net State Domestic Product (Current Prices),https://www.rbi.org.in/Scripts/PublicationsView.aspx?id=23468
Sikkim,2017-18,2018,349163.0,t19_pc_nsdp_current,Table 19: Per Capita Net State Domestic Product (Current Prices),https://www.rbi.org.in/Scripts/PublicationsView.aspx?id=23468
Sikkim,2018-19,2019,375773.0,t19_pc_nsdp_current,Table 19: Per Capita Net State Domestic Product (Current Prices),https://www.rbi.org.in/Scripts/PublicationsView.aspx?id=23468
Sikkim,2019-20,2020,412627.0,t19_pc_nsdp_current,Table 19: Per Capita Net State Domestic Product (Current Prices),https://www.rbi.org.in/Scripts/PublicationsView.aspx?id=23468
Sikkim,2020-21,2021,415045.0,t19_pc_nsdp_current,Table 19: Per Capita Net State Domestic Product (Current Prices),https://www.rbi.org.in/Scripts/PublicationsView.aspx?id=23468
Sikkim,2021-22,2022,466518.0,t19_pc_nsdp_current,Table 19: Per Capita Net State Domestic Product (Current Prices),https://www.rbi.org.in/Scripts/PublicationsView.aspx?id=23468
Sikkim,2022-23,2023,520466.0,t19_pc_nsdp_current,Table 19: Per Capita Net State Domestic Product (Current Prices),https://www.rbi.org.in/Scripts/PublicationsView.aspx?id=23468
Sikkim,2023-24,2024,587743.0,t19_pc_nsdp_current,Table 19: Per Capita Net State Domestic Product (Current Prices),https://www.rbi.org.in/Scripts/PublicationsView.aspx?id=23468
Sikkim,2024-25,2025,,t19_pc_nsdp_current,Table 19: Per Capita Net State Domestic Product (Current Prices),https://www.rbi.org.in/Scripts/PublicationsView.aspx?id=23468
Tamil Nadu,2017-18,2018,175276.0,t19_pc_nsdp_current,Table 19: Per Capita Net State Domestic Product (Current Prices),https://www.rbi.org.in/Scripts/PublicationsView.aspx?id=23468
Tamil Nadu,2018-19,2019,194373.0,t19_pc_nsdp_current,Table 19: Per Capita Net State Domestic Product (Current Prices),https://www.rbi.org.in/Scripts/PublicationsView.aspx?id=23468
Tamil Nadu,2019-20,2020,206165.0,t19_pc_nsdp_current,Table 19: Per Capita Net State Domestic Product (Current Prices),https://www.rbi.org.in/Scripts/PublicationsView.aspx?id=23468
Tamil Nadu,2020-21,2021,209628.0,t19_pc_nsdp_current,Table 19: Per Capita Net State Domestic Product (Current Prices),https://www.rbi.org.in/Scripts/PublicationsView.aspx?id=23468
Tamil Nadu,2021-22,2022,242339.0,t19_pc_nsdp_current,Table 19: Per Capita Net State Domestic Product (Current Prices),https://www.rbi.org.in/Scripts/PublicationsView.aspx?id=23468
Tamil Nadu,2022-23,2023,275272.0,t19_pc_nsdp_current,Table 19: Per Capita Net State Domestic Product (Current Prices),https://www.rbi.org.in/Scripts/PublicationsView.aspx?id=23468
Tamil Nadu,2023-24,2024,313329.0,t19_pc_nsdp_current,Table 19: Per Capita Net State Domestic Product (Current Prices),https://www.rbi.org.in/Scripts/PublicationsView.aspx?id=23468
Tamil Nadu,2024-25,2025,361619.0,t19_pc_nsdp_current,Table 19: Per Capita Net State Domestic Product (Current Prices),https://www.rbi.org.in/Scripts/PublicationsView.aspx?id=23468
Telangana,2017-18,2018,179358.0,t19_pc_nsdp_current,Table 19: Per Capita Net State Domestic Product (Current Prices),https://www.rbi.org.in/Scripts/PublicationsView.aspx?id=23468
Telangana,2018-19,2019,209848.0,t19_pc_nsdp_current,Table 19: Per Capita Net State Domestic Product (Current Prices),https://www.rbi.org.in/Scripts/PublicationsView.aspx?id=23468
Telangana,2019-20,2020,231326.0,t19_pc_nsdp_current,Table 19: Per Capita Net State Domestic Product (Current Prices),https://www.rbi.org.in/Scripts/PublicationsView.aspx?id=23468
Telangana,2020-21,2021,225734.0,t19_pc_nsdp_current,Table 19: Per Capita Net State Domestic Product (Current Prices),https://www.rbi.org.in/Scripts/PublicationsView.aspx?id=23468
Telangana,2021-22,2022,269000.0,t19_pc_nsdp_current,Table 19: Per Capita Net State Domestic Product (Current Prices),https://www.rbi.org.in/Scripts/PublicationsView.aspx?id=23468
Telangana,2022-23,2023,312046.0,t19_pc_nsdp_current,Table 19: Per Capita Net State Domestic Product (Current Prices),https://www.rbi.org.in/Scripts/PublicationsView.aspx?id=23468
Telangana,2023-24,2024,347714.0,t19_pc_nsdp_current,Table 19: Per Capita Net State Domestic Product (Current Prices),https://www.rbi.org.in/Scripts/PublicationsView.aspx?id=23468
Telangana,2024-25,2025,387623.0,t19_pc_nsdp_current,Table 19: Per Capita Net State Domestic Product (Current Prices),https://www.rbi.org.in/Scripts/PublicationsView.aspx?id=23468
Tripura,2017-18,2018,100444.0,t19_pc_nsdp_current,Table 19: Per Capita Net State Domestic Product (Current Prices),https://www.rbi.org.in/Scripts/PublicationsView.aspx?id=23468
Tripura,2018-19,2019,113016.0,t19_pc_nsdp_current,Table 19: Per Capita Net State Domestic Product (Current Prices),https://www.rbi.org.in/Scripts/PublicationsView.aspx?id=23468
Tripura,2019-20,2020,121456.0,t19_pc_nsdp_current,Table 19: Per Capita Net State Domestic Product (Current Prices),https://www.rbi.org.in/Scripts/PublicationsView.aspx?id=23468
Tripura,2020-21,2021,118401.0,t19_pc_nsdp_current,Table 19: Per Capita Net State Domestic Product (Current Prices),https://www.rbi.org.in/Scripts/PublicationsView.aspx?id=23468
Tripura,2021-22,2022,137032.0,t19_pc_nsdp_current,Table 19: Per Capita Net State Domestic Product (Current Prices),https://www.rbi.org.in/Scripts/PublicationsView.aspx?id=23468
Tripura,2022-23,2023,153584.0,t19_pc_nsdp_current,Table 19: Per Capita Net State Domestic Product (Current Prices),https://www.rbi.org.in/Scripts/PublicationsView.aspx?id=23468
Tripura,2023-24,2024,172299.0,t19_pc_nsdp_current,Table 19: Per Capita Net State Domestic Product (Current Prices),https://www.rbi.org.in/Scripts/PublicationsView.aspx?id=23468
Tripura,2024-25,2025,192842.0,t19_pc_nsdp_current,Table 19: Per Capita Net State Domestic Product (Current Prices),https://www.rbi.org.in/Scripts/PublicationsView.aspx?id=23468
Uttar Pradesh,2017-18,2018,59595.0,t19_pc_nsdp_current,Table 19: Per Capita Net State Domestic Product (Current Prices),https://www.rbi.org.in/Scripts/PublicationsView.aspx?id=23468
Uttar Pradesh,2018-19,2019,64113.0,t19_pc_nsdp_current,Table 19: Per Capita Net State Domestic Product (Current Prices),https://www.rbi.org.in/Scripts/PublicationsView.aspx?id=23468
Uttar Pradesh,2019-20,2020,67639.0,t19_pc_nsdp_current,Table 19: Per Capita Net State Domestic Product (Current Prices),https://www.rbi.org.in/Scripts/PublicationsView.aspx?id=23468
Uttar Pradesh,2020-21,2021,63464.0,t19_pc_nsdp_current,Table 19: Per Capita Net State Domestic Product (Current Prices),https://www.rbi.org.in/Scripts/PublicationsView.aspx?id=23468
Uttar Pradesh,2021-22,2022,76063.0,t19_pc_nsdp_current,Table 19: Per Capita Net State Domestic Product (Current Prices),https://www.rbi.org.in/Scripts/PublicationsView.aspx?id=23468
Uttar Pradesh,2022-23,2023,84640.0,t19_pc_nsdp_current,Table 19: Per Capita Net State Domestic Product (Current Prices),https://www.rbi.org.in/Scripts/PublicationsView.aspx?id=23468
Uttar Pradesh,2023-24,2024,97364.0,t19_pc_nsdp_current,Table 19: Per Capita Net State Domestic Product (Current Prices),https://www.rbi.org.in/Scripts/PublicationsView.aspx?id=23468
Uttar Pradesh,2024-25,2025,108572.0,t19_pc_nsdp_current,Table 19: Per Capita Net State Domestic Product (Current Prices),https://www.rbi.org.in/Scripts/PublicationsView.aspx?id=23468
Uttarakhand,2017-18,2018,180857.0,t19_pc_nsdp_current,Table 19: Per Capita Net State Domestic Product (Current Prices),https://www.rbi.org.in/Scripts/PublicationsView.aspx?id=23468
Uttarakhand,2018-19,2019,186207.0,t19_pc_nsdp_current,Table 19: Per Capita Net State Domestic Product (Current Prices),https://www.rbi.org.in/Scripts/PublicationsView.aspx?id=23468
Uttarakhand,2019-20,2020,190558.0,t19_pc_nsdp_current,Table 19: Per Capita Net State Domestic Product (Current Prices),https://www.rbi.org.in/Scripts/PublicationsView.aspx?id=23468
Uttarakhand,2020-21,2021,174526.0,t19_pc_nsdp_current,Table 19: Per Capita Net State Domestic Product (Current Prices),https://www.rbi.org.in/Scripts/PublicationsView.aspx?id=23468
Uttarakhand,2021-22,2022,194670.0,t19_pc_nsdp_current,Table 19: Per Capita Net State Domestic Product (Current Prices),https://www.rbi.org.in/Scripts/PublicationsView.aspx?id=23468
Uttarakhand,2022-23,2023,219850.0,t19_pc_nsdp_current,Table 19: Per Capita Net State Domestic Product (Current Prices),https://www.rbi.org.in/Scripts/PublicationsView.aspx?id=23468
Uttarakhand,2023-24,2024,246178.0,t19_pc_nsdp_current,Table 19: Per Capita Net State Domestic Product (Current Prices),https://www.rbi.org.in/Scripts/PublicationsView.aspx?id=23468
Uttarakhand,2024-25,2025,274064.0,t19_pc_nsdp_current,Table 19: Per Capita Net State Domestic Product (Current Prices),https://www.rbi.org.in/Scripts/PublicationsView.aspx?id=23468
West Bengal,2017-18,2018,91401.0,t19_pc_nsdp_current,Table 19: Per Capita Net State Domestic Product (Current Prices),https://www.rbi.org.in/Scripts/PublicationsView.aspx?id=23468
West Bengal,2018-19,2019,103920.0,t19_pc_nsdp_current,Table 19: Per Capita Net State Domestic Product (Current Prices),https://www.rbi.org.in/Scripts/PublicationsView.aspx?id=23468
West Bengal,2019-20,2020,110316.0,t19_pc_nsdp_current,Table 19: Per Capita Net State Domestic Product (Current Prices),https://www.rbi.org.in/Scripts/PublicationsView.aspx?id=23468
West Bengal,2020-21,2021,105108.0,t19_pc_nsdp_current,Table 19: Per Capita Net State Domestic Product (Current Prices),https://www.rbi.org.in/Scripts/PublicationsView.aspx?id=23468
West Bengal,2021-22,2022,122883.0,t19_pc_nsdp_current,Table 19: Per Capita Net State Domestic Product (Current Prices),https://www.rbi.org.in/Scripts/PublicationsView.aspx?id=23468
West Bengal,2022-23,2023,137909.0,t19_pc_nsdp_current,Table 19: Per Capita Net State Domestic Product (Current Prices),https://www.rbi.org.in/Scripts/PublicationsView.aspx?id=23468
West Bengal,2023-24,2024,149515.0,t19_pc_nsdp_current,Table 19: Per Capita Net State Domestic Product (Current Prices),https://www.rbi.org.in/Scripts/PublicationsView.aspx?id=23468
West Bengal,2024-25,2025,163467.0,t19_pc_nsdp_current,Table 19: Per Capita Net State Domestic Product (Current Prices),https://www.rbi.org.in/Scripts/PublicationsView.aspx?id=23468
