unit,year,pop_total,pop_male,pop_female,pop_18plus,pop_18plus_source,pop_0_14,pop_15_59,pop_60plus,pdf_page
INDIA,2011,1210855,623270,587585,762912,published T-17,373831,735474,101550,164
INDIA,2016,1290235,663346,626889,852894,published T-17,360056,811758,118421,164
INDIA,2021,1361343,698959,662384,940187,published T-17,347081,876366,137897,164
INDIA,2026,1423435,729604,693831,1018317,published T-17,335056,925231,163148,164
INDIA,2031,1475519,754893,720626,1087220,published T-17,319793,961939,193787,164
INDIA,2036,1518288,775702,742586,1150119,published T-17,301203,989026,228059,164
JAMMU & KASHMIR (UT),2011,12267,6484,5783,7336,published T-17,4176,7229,863,169
JAMMU & KASHMIR (UT),2016,12897,6789,6108,8358,published T-17,3725,8125,1047,169
JAMMU & KASHMIR (UT),2021,13408,7030,6378,9408,published T-17,3167,8973,1268,169
JAMMU & KASHMIR (UT),2026,13896,7256,6640,10475,published T-17,2593,9745,1557,169
JAMMU & KASHMIR (UT),2031,14361,7467,6894,11291,published T-17,2573,9886,1902,169
JAMMU & KASHMIR (UT),2036,14747,7635,7112,11649,published T-17,2608,9853,2287,169
HIMACHAL PRADESH,2011,6865,3482,3383,4701,published T-17,1778,4373,713,173
HIMACHAL PRADESH,2016,7158,3631,3528,5136,published T-17,1648,4682,829,173
HIMACHAL PRADESH,2021,7394,3750,3644,5523,published T-17,1520,4909,965,173
HIMACHAL PRADESH,2026,7579,3843,3737,5851,published T-17,1400,5048,1131,173
HIMACHAL PRADESH,2031,7712,3908,3804,6108,published T-17,1309,5082,1320,173
HIMACHAL PRADESH,2036,7785,3945,3840,6284,published T-17,1225,5034,1526,173
PUNJAB,2011,27743,14639,13104,19001,published T-17,7096,17729,2919,177
PUNJAB,2016,29140,15347,13793,21005,published T-17,6584,19221,3335,177
PUNJAB,2021,30339,15943,14395,22738,published T-17,6182,20328,3829,177
PUNJAB,2026,31318,16423,14895,24152,published T-17,5871,20979,4468,177
PUNJAB,2031,32087,16792,15295,25307,published T-17,5520,21367,5201,177
PUNJAB,2036,32658,17055,15603,26281,published T-17,5181,21498,5979,177
UTTARAKHAND,2011,10086,5138,4949,6286,published T-17,3134,6058,894,181
UTTARAKHAND,2016,10755,5496,5258,7195,published T-17,2884,6825,1046,181
UTTARAKHAND,2021,11399,5840,5560,8063,published T-17,2709,7482,1209,181
UTTARAKHAND,2026,11993,6152,5841,8822,published T-17,2592,7990,1410,181
UTTARAKHAND,2031,12524,6429,6096,9458,published T-17,2542,8330,1652,181
UTTARAKHAND,2036,12974,6665,6309,10003,published T-17,2437,8610,1928,181
HARYANA,2011,25351,13495,11857,16213,published T-17,7539,15637,2175,185
HARYANA,2016,27455,14585,12870,18434,published T-17,7416,17530,2509,185
HARYANA,2021,29483,15623,13860,20581,published T-17,7362,19232,2890,185
HARYANA,2026,31299,16529,14770,22552,published T-17,7253,20640,3406,185
HARYANA,2031,32946,17330,15616,24425,published T-17,6968,21915,4063,185
HARYANA,2036,34469,18061,16408,26269,published T-17,6676,22970,4823,185
NCT OF DELHI,2011,16788,8987,7801,11210,derived_T18_T20 (row blank in PDF),4570,11055,1163,189
NCT OF DELHI,2016,18677,9980,8697,13138,derived_T18_T20 (row blank in PDF),4499,12683,1496,189
NCT OF DELHI,2021,20571,10963,9609,15079,derived_T18_T20 (row blank in PDF),4478,14189,1904,189
NCT OF DELHI,2026,22540,11970,10570,16956,derived_T18_T20 (row blank in PDF),4586,15529,2425,189
NCT OF DELHI,2031,24552,12983,11569,18795,derived_T18_T20 (row blank in PDF),4723,16772,3057,189
NCT OF DELHI,2036,26591,14002,12589,20636,derived_T18_T20 (row blank in PDF),4910,17904,3777,189
RAJASTHAN,2011,68548,35551,32997,40194,published T-17,23819,39833,4897,193
RAJASTHAN,2016,74240,38350,35890,45854,published T-17,23569,44888,5783,193
RAJASTHAN,2021,79281,40772,38509,51509,published T-17,23120,49327,6833,193
RAJASTHAN,2026,83642,42803,40839,56611,published T-17,22571,52882,8189,193
RAJASTHAN,2031,87198,44369,42829,61348,published T-17,21204,56204,9789,193
RAJASTHAN,2036,90563,46048,44514,66216,published T-17,19943,59008,11611,193
UTTAR PRADESH,2011,199812,104481,95332,113952,published T-17,71892,113128,14792,197
UTTAR PRADESH,2016,216087,112809,103278,130502,published T-17,70582,128846,16658,197
UTTAR PRADESH,2021,230907,120344,110563,147424,published T-17,69468,142666,18772,197
UTTAR PRADESH,2026,242859,126327,116532,161685,published T-17,68478,152607,21774,197
UTTAR PRADESH,2031,251963,130774,121190,174780,published T-17,62952,163158,25853,197
UTTAR PRADESH,2036,258990,134113,124877,188613,published T-17,56989,171321,30680,197
BIHAR,2011,104099,54278,49821,55777,published T-17,41884,55648,6568,201
BIHAR,2016,114176,59473,54703,63882,published T-17,42329,63751,8096,201
BIHAR,2021,123083,64012,59071,73449,published T-17,41288,72331,9464,201
BIHAR,2026,132265,68645,63620,83027,published T-17,41012,80049,11205,201
BIHAR,2031,141041,73045,67996,91884,published T-17,41226,86365,13449,201
BIHAR,2036,148576,76797,71779,99727,published T-17,41208,91175,16193,201
ASSAM,2011,31206,15939,15266,19041,published T-17,10255,18956,1994,205
ASSAM,2016,33168,16915,16253,21307,published T-17,9821,20980,2367,205
ASSAM,2021,35043,17843,17200,23658,published T-17,9348,22808,2888,205
ASSAM,2026,36717,18661,18056,25889,published T-17,8873,24253,3590,205
ASSAM,2031,38196,19372,18824,27794,published T-17,8652,25106,4439,205
ASSAM,2036,39399,19935,19464,29326,published T-17,8317,25699,5384,205
WEST BENGAL,2011,91276,46809,44467,61076,published T-17,24768,58650,7858,209
WEST BENGAL,2016,95079,48656,46423,67210,published T-17,22593,63254,9232,209
WEST BENGAL,2021,98125,50095,48029,72651,published T-17,20651,66425,11048,209
WEST BENGAL,2026,100522,51180,49342,77030,published T-17,19095,68054,13373,209
WEST BENGAL,2031,102167,51858,50309,80297,published T-17,17915,68193,16059,209
WEST BENGAL,2036,102931,52080,50851,82477,published T-17,16750,67395,18786,209
JHARKHAND,2011,32988,16930,16058,18987,published T-17,11933,18908,2146,213
JHARKHAND,2016,35800,18361,17439,21812,published T-17,11611,21486,2704,213
JHARKHAND,2021,38471,19701,18770,24863,published T-17,11211,24010,3250,213
JHARKHAND,2026,40958,20934,20024,27791,published T-17,10828,26228,3902,213
JHARKHAND,2031,43209,22029,21181,30382,published T-17,10701,27837,4672,213
JHARKHAND,2036,45155,22962,22193,32602,published T-17,10393,29218,5543,213
ODISHA,2011,41974,21212,20762,27434,published T-17,12111,25971,3892,217
ODISHA,2016,43128,21341,21787,29497,published T-17,11200,27424,4504,217
ODISHA,2021,44033,21340,22693,31369,published T-17,10395,28444,5194,217
ODISHA,2026,44677,21222,23455,32847,published T-17,9747,28852,6078,217
ODISHA,2031,45008,20953,24055,33856,published T-17,9275,28633,7100,217
ODISHA,2036,45025,20542,24483,34456,published T-17,8757,28107,8161,217
CHHATTISGARH,2011,25545,12833,12712,15755,published T-17,8191,15408,1946,221
CHHATTISGARH,2016,27571,13834,13738,17680,published T-17,8211,17150,2210,221
CHHATTISGARH,2021,29493,14794,14698,19650,published T-17,8208,18699,2586,221
CHHATTISGARH,2026,31211,15651,15560,21477,published T-17,8144,19930,3137,221
CHHATTISGARH,2031,32719,16404,16315,23248,published T-17,7772,21125,3822,221
CHHATTISGARH,2036,34081,17076,17005,25033,published T-17,7411,22119,4551,221
MADHYA PRADESH,2011,72627,37612,35015,43669,published T-17,24330,42839,5458,225
MADHYA PRADESH,2016,78806,40737,38069,49227,published T-17,24645,47993,6168,225
MADHYA PRADESH,2021,84516,43609,40907,54949,published T-17,24767,52588,7161,225
MADHYA PRADESH,2026,89673,46157,43515,60196,published T-17,24847,56211,8614,225
MADHYA PRADESH,2031,94057,48288,45769,65346,published T-17,23572,60038,10448,225
MADHYA PRADESH,2036,97804,50073,47731,70696,published T-17,22230,63064,12510,225
GUJARAT,2011,60440,31491,28948,39340,published T-17,17515,38108,4816,229
GUJARAT,2016,65158,34071,31087,44169,published T-17,17326,41996,5836,229
GUJARAT,2021,69788,36600,33188,48908,published T-17,17323,45342,7123,229
GUJARAT,2026,74086,38930,35156,53301,published T-17,17324,48040,8722,229
GUJARAT,2031,77931,40986,36946,57452,published T-17,16888,50481,10562,229
GUJARAT,2036,81316,42800,38516,61528,published T-17,16190,52570,12556,229
MAHARASHTRA,2011,112374,58243,54131,75874,published T-17,30026,71167,11181,233
MAHARASHTRA,2016,118727,61649,57078,83993,published T-17,28375,77625,12726,233
MAHARASHTRA,2021,124437,64702,59735,91435,published T-17,26938,82950,14548,233
MAHARASHTRA,2026,129308,67292,62016,98127,published T-17,25337,87010,16962,233
MAHARASHTRA,2031,133451,69484,63967,103928,published T-17,24158,89318,19974,233
MAHARASHTRA,2036,136764,71208,65556,108680,published T-17,22847,90544,23373,233
ANDHRA PRADESH,2011,49577,24831,24747,34226,published T-17,12527,32026,5025,237
ANDHRA PRADESH,2016,51371,25710,25661,37090,published T-17,11582,34030,5759,237
ANDHRA PRADESH,2021,52787,26403,26384,39521,published T-17,10825,35406,6557,237
ANDHRA PRADESH,2026,53709,26834,26874,41332,published T-17,10185,35928,7596,237
ANDHRA PRADESH,2031,54175,27033,27142,42664,published T-17,9359,35953,8863,237
ANDHRA PRADESH,2036,54252,27029,27223,43713,published T-17,8528,35460,10263,237
KARNATAKA,2011,61095,30967,30129,41555,published T-17,16037,39220,5839,241
KARNATAKA,2016,64229,32567,31661,45443,published T-17,15421,42167,6640,241
KARNATAKA,2021,66845,33911,32934,48917,published T-17,14753,44434,7658,241
KARNATAKA,2026,68962,34987,33975,51906,published T-17,14019,45945,8997,241
KARNATAKA,2031,70652,35840,34812,54537,published T-17,13097,46961,10594,241
KARNATAKA,2036,71948,36482,35466,56790,published T-17,12379,47194,12375,241
KERALA,2011,33406,16027,17379,23955,published T-17,7839,21340,4227,245
KERALA,2016,34578,16594,17984,25428,published T-17,7541,22027,5011,245
KERALA,2021,35489,17043,18447,26708,published T-17,7247,22390,5853,245
KERALA,2026,36207,17395,18812,27740,published T-17,6976,22463,6767,245
KERALA,2031,36695,17638,19057,28526,published T-17,6746,22295,7653,245
KERALA,2036,36949,17775,19174,29036,published T-17,6553,21977,8418,245
TAMIL NADU,2011,72147,36138,36009,51379,published T-17,17023,47508,7615,249
TAMIL NADU,2016,74635,37342,37294,54933,published T-17,16127,49585,8923,249
TAMIL NADU,2021,76402,38165,38237,57891,published T-17,15190,50793,10419,249
TAMIL NADU,2026,77546,38654,38892,60189,published T-17,14221,51098,12227,249
TAMIL NADU,2031,78082,38830,39252,61949,published T-17,13083,50790,14210,249
TAMIL NADU,2036,78067,38739,39328,63161,published T-17,12145,49677,16245,249
TELANGANA,2011,35004,17612,17392,23443,published T-17,9464,22310,3229,253
TELANGANA,2016,36462,18346,18116,25738,published T-17,8681,24106,3675,253
TELANGANA,2021,37725,18978,18747,27767,published T-17,8117,25448,4160,253
TELANGANA,2026,38636,19417,19219,29351,published T-17,7624,26189,4824,253
TELANGANA,2031,39207,19675,19532,30560,published T-17,7066,26442,5698,253
TELANGANA,2036,39467,19772,19696,31531,published T-17,6412,26306,6750,253
NORTH-EAST STATES (Excluding Assam),2011,14567,7422,7145,8868,published T-17,4758,8919,890,257
NORTH-EAST STATES (Excluding Assam),2016,15362,7817,7545,10147,published T-17,4245,9992,1124,257
NORTH-EAST STATES (Excluding Assam),2021,16142,8200,7942,11390,published T-17,3811,10907,1424,257
NORTH-EAST STATES (Excluding Assam),2026,16890,8563,8327,12549,published T-17,3448,11642,1799,257
NORTH-EAST STATES (Excluding Assam),2031,17565,8886,8679,13432,published T-17,3495,11838,2232,257
NORTH-EAST STATES (Excluding Assam),2036,18098,9132,8967,13969,published T-17,3437,11955,2706,257
