unit,year,persons_000,male_000,female_000
INDIA,2011,1220116,627946,592170
INDIA,2012,1235992,635961,600031
INDIA,2013,1251868,643976,607892
INDIA,2014,1267744,651991,615753
INDIA,2015,1283620,660007,623614
INDIA,2016,1298531,667501,631030
INDIA,2017,1312753,674624,638129
INDIA,2018,1326974,681746,645228
INDIA,2019,1341196,688869,652327
INDIA,2020,1355417,695991,659426
INDIA,2021,1368587,702534,666053
INDIA,2022,1381005,708663,672342
INDIA,2023,1393424,714792,678631
INDIA,2024,1405842,720921,684921
INDIA,2025,1418260,727050,691210
INDIA,2026,1429511,732555,696957
INDIA,2027,1439928,737612,702316
INDIA,2028,1450345,742670,707675
INDIA,2029,1460762,747728,713034
INDIA,2030,1471179,752786,718393
INDIA,2031,1480509,757321,723188
INDIA,2032,1489063,761483,727580
INDIA,2033,1497617,765644,731972
INDIA,2034,1506170,769806,736364
INDIA,2035,1514724,773968,740756
INDIA,2036,1523278,778130,745148
JAMMU & KASHMIR (UT),2011,12340,6519,5821
JAMMU & KASHMIR (UT),2012,12466,6580,5886
JAMMU & KASHMIR (UT),2013,12592,6641,5951
JAMMU & KASHMIR (UT),2014,12718,6702,6016
JAMMU & KASHMIR (UT),2015,12844,6763,6081
JAMMU & KASHMIR (UT),2016,12956,6817,6140
JAMMU & KASHMIR (UT),2017,13058,6865,6193
JAMMU & KASHMIR (UT),2018,13161,6913,6247
JAMMU & KASHMIR (UT),2019,13263,6961,6301
JAMMU & KASHMIR (UT),2020,13365,7010,6355
JAMMU & KASHMIR (UT),2021,13465,7056,6408
JAMMU & KASHMIR (UT),2022,13562,7102,6461
JAMMU & KASHMIR (UT),2023,13660,7147,6513
JAMMU & KASHMIR (UT),2024,13758,7192,6565
JAMMU & KASHMIR (UT),2025,13855,7238,6618
JAMMU & KASHMIR (UT),2026,13950,7281,6669
JAMMU & KASHMIR (UT),2027,14043,7323,6720
JAMMU & KASHMIR (UT),2028,14136,7365,6771
JAMMU & KASHMIR (UT),2029,14229,7407,6822
JAMMU & KASHMIR (UT),2030,14322,7449,6873
JAMMU & KASHMIR (UT),2031,14406,7487,6919
JAMMU & KASHMIR (UT),2032,14483,7520,6963
JAMMU & KASHMIR (UT),2033,14560,7554,7007
JAMMU & KASHMIR (UT),2034,14638,7587,7051
JAMMU & KASHMIR (UT),2035,14715,7621,7094
JAMMU & KASHMIR (UT),2036,14792,7654,7138
HIMACHAL PRADESH,2011,6899,3499,3400
HIMACHAL PRADESH,2012,6958,3529,3429
HIMACHAL PRADESH,2013,7016,3559,3458
HIMACHAL PRADESH,2014,7075,3588,3487
HIMACHAL PRADESH,2015,7134,3618,3516
HIMACHAL PRADESH,2016,7186,3644,3541
HIMACHAL PRADESH,2017,7233,3668,3565
HIMACHAL PRADESH,2018,7280,3692,3588
HIMACHAL PRADESH,2019,7327,3716,3611
HIMACHAL PRADESH,2020,7374,3740,3634
HIMACHAL PRADESH,2021,7415,3760,3655
HIMACHAL PRADESH,2022,7453,3779,3673
HIMACHAL PRADESH,2023,7490,3798,3692
HIMACHAL PRADESH,2024,7527,3816,3711
HIMACHAL PRADESH,2025,7564,3835,3729
HIMACHAL PRADESH,2026,7595,3850,3745
HIMACHAL PRADESH,2027,7621,3863,3758
HIMACHAL PRADESH,2028,7648,3877,3771
HIMACHAL PRADESH,2029,7674,3890,3785
HIMACHAL PRADESH,2030,7701,3903,3798
HIMACHAL PRADESH,2031,7720,3913,3808
HIMACHAL PRADESH,2032,7735,3920,3815
HIMACHAL PRADESH,2033,7750,3927,3822
HIMACHAL PRADESH,2034,7764,3935,3829
HIMACHAL PRADESH,2035,7779,3942,3837
HIMACHAL PRADESH,2036,7794,3950,3844
PUNJAB,2011,27906,14722,13184
PUNJAB,2012,28186,14864,13322
PUNJAB,2013,28465,15005,13460
PUNJAB,2014,28744,15147,13597
PUNJAB,2015,29024,15288,13735
PUNJAB,2016,29280,15417,13863
PUNJAB,2017,29520,15536,13983
PUNJAB,2018,29759,15655,14104
PUNJAB,2019,29999,15775,14224
PUNJAB,2020,30239,15894,14345
PUNJAB,2021,30453,15999,14454
PUNJAB,2022,30649,16095,14554
PUNJAB,2023,30845,16191,14654
PUNJAB,2024,31041,16287,14754
PUNJAB,2025,31237,16383,14854
PUNJAB,2026,31408,16466,14942
PUNJAB,2027,31562,16540,15022
PUNJAB,2028,31715,16614,15102
PUNJAB,2029,31869,16688,15182
PUNJAB,2030,32023,16761,15261
PUNJAB,2031,32154,16823,15331
PUNJAB,2032,32268,16875,15392
PUNJAB,2033,32382,16928,15454
PUNJAB,2034,32496,16981,15516
PUNJAB,2035,32611,17033,15577
PUNJAB,2036,32725,17086,15639
HARYANA,2011,25597,13622,11975
HARYANA,2012,26018,13840,12178
HARYANA,2013,26438,14058,12380
HARYANA,2014,26859,14276,12583
HARYANA,2015,27280,14494,12786
HARYANA,2016,27692,14706,12986
HARYANA,2017,28097,14914,13184
HARYANA,2018,28503,15121,13382
HARYANA,2019,28908,15329,13580
HARYANA,2020,29314,15536,13778
HARYANA,2021,29695,15728,13966
HARYANA,2022,30058,15910,14148
HARYANA,2023,30421,16091,14330
HARYANA,2024,30785,16273,14512
HARYANA,2025,31148,16454,14694
HARYANA,2026,31491,16623,14869
HARYANA,2027,31821,16783,15038
HARYANA,2028,32150,16943,15207
HARYANA,2029,32479,17103,15376
HARYANA,2030,32809,17263,15546
HARYANA,2031,33123,17415,15708
HARYANA,2032,33428,17561,15867
HARYANA,2033,33733,17708,16025
HARYANA,2034,34037,17854,16183
HARYANA,2035,34342,18000,16342
HARYANA,2036,34646,18147,16500
NCT OF DELHI,2011,17008,9103,7905
NCT OF DELHI,2012,17386,9302,8084
NCT OF DELHI,2013,17764,9500,8264
NCT OF DELHI,2014,18142,9699,8443
NCT OF DELHI,2015,18520,9898,8622
NCT OF DELHI,2016,18898,10095,8803
NCT OF DELHI,2017,19277,10292,8985
NCT OF DELHI,2018,19656,10488,9168
NCT OF DELHI,2019,20035,10684,9350
NCT OF DELHI,2020,20414,10881,9533
NCT OF DELHI,2021,20801,11080,9721
NCT OF DELHI,2022,21195,11282,9913
NCT OF DELHI,2023,21588,11483,10105
NCT OF DELHI,2024,21982,11684,10298
NCT OF DELHI,2025,22376,11886,10490
NCT OF DELHI,2026,22775,12088,10687
NCT OF DELHI,2027,23177,12291,10887
NCT OF DELHI,2028,23580,12493,11086
NCT OF DELHI,2029,23982,12696,11286
NCT OF DELHI,2030,24385,12899,11486
NCT OF DELHI,2031,24790,13102,11688
NCT OF DELHI,2032,25198,13306,11892
NCT OF DELHI,2033,25606,13510,12096
NCT OF DELHI,2034,26013,13713,12300
NCT OF DELHI,2035,26421,13917,12504
NCT OF DELHI,2036,26829,14121,12708
RAJASTHAN,2011,69212,35878,33335
RAJASTHAN,2012,70351,36437,33913
RAJASTHAN,2013,71489,36997,34492
RAJASTHAN,2014,72627,37557,35071
RAJASTHAN,2015,73766,38116,35649
RAJASTHAN,2016,74828,38632,36196
RAJASTHAN,2017,75836,39117,36720
RAJASTHAN,2018,76844,39601,37243
RAJASTHAN,2019,77853,40085,37767
RAJASTHAN,2020,78861,40570,38291
RAJASTHAN,2021,79790,41009,38781
RAJASTHAN,2022,80662,41415,39247
RAJASTHAN,2023,81534,41821,39713
RAJASTHAN,2024,82406,42227,40179
RAJASTHAN,2025,83278,42633,40645
RAJASTHAN,2026,84057,42985,41071
RAJASTHAN,2027,84768,43299,41469
RAJASTHAN,2028,85479,43612,41867
RAJASTHAN,2029,86190,43925,42265
RAJASTHAN,2030,86901,44238,42663
RAJASTHAN,2031,87590,44565,43026
RAJASTHAN,2032,88263,44901,43363
RAJASTHAN,2033,88936,45236,43700
RAJASTHAN,2034,89609,45572,44037
RAJASTHAN,2035,90282,45908,44374
RAJASTHAN,2036,90955,46244,44711
UTTAR PRADESH,2011,201711,105452,96259
UTTAR PRADESH,2012,204966,107118,97848
UTTAR PRADESH,2013,208221,108783,99437
UTTAR PRADESH,2014,211476,110449,101026
UTTAR PRADESH,2015,214730,112115,102616
UTTAR PRADESH,2016,217816,113688,104128
UTTAR PRADESH,2017,220780,115195,105585
UTTAR PRADESH,2018,223744,116702,107042
UTTAR PRADESH,2019,226708,118209,108499
UTTAR PRADESH,2020,229672,119716,109956
UTTAR PRADESH,2021,232301,121042,111259
UTTAR PRADESH,2022,234692,122238,112453
UTTAR PRADESH,2023,237082,123435,113647
UTTAR PRADESH,2024,239472,124632,114841
UTTAR PRADESH,2025,241863,125828,116034
UTTAR PRADESH,2026,243921,126846,117075
UTTAR PRADESH,2027,245742,127735,118007
UTTAR PRADESH,2028,247563,128624,118938
UTTAR PRADESH,2029,249384,129514,119870
UTTAR PRADESH,2030,251205,130403,120801
UTTAR PRADESH,2031,252783,131163,121620
UTTAR PRADESH,2032,254188,131831,122357
UTTAR PRADESH,2033,255594,132499,123095
UTTAR PRADESH,2034,256999,133167,123832
UTTAR PRADESH,2035,258405,133835,124570
UTTAR PRADESH,2036,259810,134503,125307
BIHAR,2011,105275,54884,50391
BIHAR,2012,107290,55923,51367
BIHAR,2013,109306,56962,52344
BIHAR,2014,111321,58001,53320
BIHAR,2015,113336,59040,54296
BIHAR,2016,115215,60002,55213
BIHAR,2017,116996,60910,56086
BIHAR,2018,118778,61818,56960
BIHAR,2019,120559,62726,57833
BIHAR,2020,122341,63634,58707
BIHAR,2021,124154,64552,59602
BIHAR,2022,125991,65479,60512
BIHAR,2023,127827,66406,61421
BIHAR,2024,129664,67332,62331
BIHAR,2025,131500,68259,63241
BIHAR,2026,133289,69158,64131
BIHAR,2027,135044,70038,65006
BIHAR,2028,136799,70918,65881
BIHAR,2029,138554,71798,66756
BIHAR,2030,140309,72678,67631
BIHAR,2031,141920,73483,68437
BIHAR,2032,143427,74233,69194
BIHAR,2033,144934,74983,69951
BIHAR,2034,146441,75734,70707
BIHAR,2035,147948,76484,71464
BIHAR,2036,149455,77234,72221
ASSAM,2011,31435,16053,15381
ASSAM,2012,31827,16248,15579
ASSAM,2013,32220,16443,15776
ASSAM,2014,32612,16638,15974
ASSAM,2015,33005,16834,16171
ASSAM,2016,33387,17023,16364
ASSAM,2017,33762,17209,16553
ASSAM,2018,34137,17394,16743
ASSAM,2019,34512,17580,16932
ASSAM,2020,34887,17766,17122
ASSAM,2021,35239,17938,17300
ASSAM,2022,35573,18102,17471
ASSAM,2023,35908,18265,17642
ASSAM,2024,36242,18429,17813
ASSAM,2025,36577,18593,17984
ASSAM,2026,36889,18744,18145
ASSAM,2027,37185,18886,18299
ASSAM,2028,37481,19028,18453
ASSAM,2029,37777,19170,18607
ASSAM,2030,38073,19313,18760
ASSAM,2031,38337,19438,18899
ASSAM,2032,38577,19550,19027
ASSAM,2033,38818,19663,19155
ASSAM,2034,39058,19776,19282
ASSAM,2035,39299,19888,19410
ASSAM,2036,39539,20001,19538
WEST BENGAL,2011,91720,47024,44695
WEST BENGAL,2012,92480,47394,45087
WEST BENGAL,2013,93241,47763,45478
WEST BENGAL,2014,94001,48132,45869
WEST BENGAL,2015,94762,48502,46260
WEST BENGAL,2016,95434,48824,46611
WEST BENGAL,2017,96043,49112,46932
WEST BENGAL,2018,96653,49400,47253
WEST BENGAL,2019,97262,49687,47574
WEST BENGAL,2020,97871,49975,47896
WEST BENGAL,2021,98404,50222,48182
WEST BENGAL,2022,98884,50439,48445
WEST BENGAL,2023,99363,50656,48707
WEST BENGAL,2024,99843,50873,48970
WEST BENGAL,2025,100322,51090,49232
WEST BENGAL,2026,100714,51259,49454
WEST BENGAL,2027,101043,51395,49648
WEST BENGAL,2028,101372,51530,49841
WEST BENGAL,2029,101701,51666,50035
WEST BENGAL,2030,102030,51802,50228
WEST BENGAL,2031,102256,51884,50372
WEST BENGAL,2032,102409,51928,50480
WEST BENGAL,2033,102562,51973,50589
WEST BENGAL,2034,102715,52017,50697
WEST BENGAL,2035,102868,52062,50806
WEST BENGAL,2036,103020,52106,50914
JHARKHAND,2011,33316,17097,16219
JHARKHAND,2012,33879,17383,16495
JHARKHAND,2013,34441,17669,16772
JHARKHAND,2014,35003,17956,17048
JHARKHAND,2015,35566,18242,17324
JHARKHAND,2016,36112,18517,17594
JHARKHAND,2017,36646,18785,17861
JHARKHAND,2018,37180,19053,18127
JHARKHAND,2019,37715,19321,18393
JHARKHAND,2020,38249,19590,18659
JHARKHAND,2021,38762,19845,18917
JHARKHAND,2022,39259,20091,19167
JHARKHAND,2023,39756,20338,19418
JHARKHAND,2024,40253,20584,19669
JHARKHAND,2025,40751,20831,19920
JHARKHAND,2026,41221,21061,20159
JHARKHAND,2027,41671,21280,20390
JHARKHAND,2028,42121,21499,20622
JHARKHAND,2029,42572,21719,20853
JHARKHAND,2030,43022,21938,21084
JHARKHAND,2031,43436,22138,21299
JHARKHAND,2032,43826,22324,21501
JHARKHAND,2033,44215,22511,21704
JHARKHAND,2034,44604,22697,21906
JHARKHAND,2035,44993,22884,22109
JHARKHAND,2036,45382,23071,22311
ODISHA,2011,42109,21227,20882
ODISHA,2012,42340,21253,21087
ODISHA,2013,42570,21279,21292
ODISHA,2014,42801,21305,21496
ODISHA,2015,43032,21331,21701
ODISHA,2016,43234,21341,21893
ODISHA,2017,43415,21341,22074
ODISHA,2018,43596,21341,22255
ODISHA,2019,43777,21340,22436
ODISHA,2020,43958,21340,22618
ODISHA,2021,44108,21326,22782
ODISHA,2022,44237,21303,22935
ODISHA,2023,44366,21279,23087
ODISHA,2024,44495,21256,23239
ODISHA,2025,44624,21232,23392
ODISHA,2026,44716,21191,23525
ODISHA,2027,44782,21137,23645
ODISHA,2028,44848,21083,23765
ODISHA,2029,44914,21029,23885
ODISHA,2030,44981,20975,24005
ODISHA,2031,45010,20905,24105
ODISHA,2032,45014,20823,24191
ODISHA,2033,45017,20741,24277
ODISHA,2034,45020,20658,24362
ODISHA,2035,45024,20576,24448
ODISHA,2036,45027,20494,24533
CHHATTISGARH,2011,25782,12950,12832
CHHATTISGARH,2012,26187,13150,13037
CHHATTISGARH,2013,26592,13350,13242
CHHATTISGARH,2014,26997,13550,13447
CHHATTISGARH,2015,27403,13751,13652
CHHATTISGARH,2016,27796,13946,13850
CHHATTISGARH,2017,28180,14138,14042
CHHATTISGARH,2018,28564,14330,14234
CHHATTISGARH,2019,28948,14522,14426
CHHATTISGARH,2020,29333,14714,14618
CHHATTISGARH,2021,29693,14894,14799
CHHATTISGARH,2022,30037,15066,14971
CHHATTISGARH,2023,30380,15237,15144
CHHATTISGARH,2024,30724,15408,15316
CHHATTISGARH,2025,31068,15579,15488
CHHATTISGARH,2026,31387,15739,15648
CHHATTISGARH,2027,31688,15889,15799
CHHATTISGARH,2028,31990,16040,15950
CHHATTISGARH,2029,32292,16191,16101
CHHATTISGARH,2030,32593,16341,16252
CHHATTISGARH,2031,32878,16482,16396
CHHATTISGARH,2032,33150,16617,16534
CHHATTISGARH,2033,33423,16751,16672
CHHATTISGARH,2034,33695,16885,16810
CHHATTISGARH,2035,33967,17020,16948
CHHATTISGARH,2036,34240,17154,17086
MADHYA PRADESH,2011,73348,37977,35371
MADHYA PRADESH,2012,74584,38602,35982
MADHYA PRADESH,2013,75819,39227,36593
MADHYA PRADESH,2014,77055,39852,37204
MADHYA PRADESH,2015,78291,40477,37814
MADHYA PRADESH,2016,79472,41072,38400
MADHYA PRADESH,2017,80614,41647,38968
MADHYA PRADESH,2018,81756,42221,39535
MADHYA PRADESH,2019,82898,42795,40103
MADHYA PRADESH,2020,84040,43370,40670
MADHYA PRADESH,2021,85118,43907,41211
MADHYA PRADESH,2022,86149,44416,41733
MADHYA PRADESH,2023,87180,44926,42255
MADHYA PRADESH,2024,88212,45435,42776
MADHYA PRADESH,2025,89243,45945,43298
MADHYA PRADESH,2026,90184,46406,43778
MADHYA PRADESH,2027,91061,46832,44229
MADHYA PRADESH,2028,91938,47258,44679
MADHYA PRADESH,2029,92815,47685,45130
MADHYA PRADESH,2030,93691,48111,45581
MADHYA PRADESH,2031,94494,48496,45998
MADHYA PRADESH,2032,95244,48853,46390
MADHYA PRADESH,2033,95993,49210,46783
MADHYA PRADESH,2034,96743,49567,47175
MADHYA PRADESH,2035,97492,49924,47568
MADHYA PRADESH,2036,98242,50281,47960
GUJARAT,2011,60990,31792,29198
GUJARAT,2012,61934,32308,29626
GUJARAT,2013,62877,32824,30053
GUJARAT,2014,63821,33340,30481
GUJARAT,2015,64765,33856,30909
GUJARAT,2016,65698,34366,31332
GUJARAT,2017,66624,34872,31752
GUJARAT,2018,67550,35378,32172
GUJARAT,2019,68476,35884,32593
GUJARAT,2020,69402,36390,33013
GUJARAT,2021,70289,36872,33417
GUJARAT,2022,71149,37338,33811
GUJARAT,2023,72009,37804,34205
GUJARAT,2024,72868,38270,34598
GUJARAT,2025,73728,38736,34992
GUJARAT,2026,74535,39170,35365
GUJARAT,2027,75304,39581,35723
GUJARAT,2028,76073,39992,36081
GUJARAT,2029,76842,40403,36439
GUJARAT,2030,77611,40814,36797
GUJARAT,2031,78326,41197,37129
GUJARAT,2032,79003,41560,37443
GUJARAT,2033,79680,41923,37757
GUJARAT,2034,80357,42286,38071
GUJARAT,2035,81034,42648,38385
GUJARAT,2036,81711,43011,38700
MAHARASHTRA,2011,113115,58640,54475
MAHARASHTRA,2012,114386,59322,55064
MAHARASHTRA,2013,115656,60003,55654
MAHARASHTRA,2014,116927,60684,56243
MAHARASHTRA,2015,118197,61365,56832
MAHARASHTRA,2016,119393,62005,57388
MAHARASHTRA,2017,120535,62616,57919
MAHARASHTRA,2018,121677,63226,58451
MAHARASHTRA,2019,122819,63837,58982
MAHARASHTRA,2020,123961,64448,59513
MAHARASHTRA,2021,125005,65004,60001
MAHARASHTRA,2022,125979,65522,60457
MAHARASHTRA,2023,126954,66040,60913
MAHARASHTRA,2024,127928,66558,61370
MAHARASHTRA,2025,128902,67076,61826
MAHARASHTRA,2026,129791,67548,62244
MAHARASHTRA,2027,130620,67986,62634
MAHARASHTRA,2028,131449,68425,63024
MAHARASHTRA,2029,132277,68863,63414
MAHARASHTRA,2030,133106,69301,63804
MAHARASHTRA,2031,133837,69685,64152
MAHARASHTRA,2032,134500,70030,64470
MAHARASHTRA,2033,135163,70375,64788
MAHARASHTRA,2034,135825,70719,65106
MAHARASHTRA,2035,136488,71064,65423
MAHARASHTRA,2036,137150,71409,65741
ANDHRA PRADESH,2011,49786,24933,24853
ANDHRA PRADESH,2012,50145,25109,25036
ANDHRA PRADESH,2013,50504,25285,25219
ANDHRA PRADESH,2014,50863,25461,25402
ANDHRA PRADESH,2015,51222,25637,25585
ANDHRA PRADESH,2016,51537,25791,25745
ANDHRA PRADESH,2017,51820,25930,25890
ANDHRA PRADESH,2018,52103,26068,26035
ANDHRA PRADESH,2019,52386,26207,26179
ANDHRA PRADESH,2020,52669,26345,26324
ANDHRA PRADESH,2021,52895,26453,26441
ANDHRA PRADESH,2022,53079,26540,26539
ANDHRA PRADESH,2023,53263,26626,26638
ANDHRA PRADESH,2024,53448,26712,26736
ANDHRA PRADESH,2025,53632,26798,26834
ANDHRA PRADESH,2026,53763,26857,26906
ANDHRA PRADESH,2027,53856,26897,26959
ANDHRA PRADESH,2028,53950,26937,27013
ANDHRA PRADESH,2029,54043,26977,27066
ANDHRA PRADESH,2030,54136,27016,27120
ANDHRA PRADESH,2031,54184,27033,27152
ANDHRA PRADESH,2032,54199,27032,27168
ANDHRA PRADESH,2033,54215,27031,27184
ANDHRA PRADESH,2034,54230,27030,27200
ANDHRA PRADESH,2035,54245,27030,27216
ANDHRA PRADESH,2036,54261,27029,27232
KARNATAKA,2011,61461,31153,30307
KARNATAKA,2012,62088,31474,30614
KARNATAKA,2013,62714,31794,30921
KARNATAKA,2014,63341,32114,31227
KARNATAKA,2015,63968,32434,31534
KARNATAKA,2016,64534,32724,31810
KARNATAKA,2017,65057,32993,32064
KARNATAKA,2018,65580,33262,32319
KARNATAKA,2019,66104,33530,32573
KARNATAKA,2020,66627,33799,32828
KARNATAKA,2021,67092,34037,33055
KARNATAKA,2022,67515,34252,33263
KARNATAKA,2023,67939,34467,33471
KARNATAKA,2024,68362,34682,33680
KARNATAKA,2025,68785,34897,33888
KARNATAKA,2026,69159,35087,34072
KARNATAKA,2027,69497,35257,34240
KARNATAKA,2028,69835,35428,34407
KARNATAKA,2029,70173,35598,34575
KARNATAKA,2030,70511,35769,34742
KARNATAKA,2031,70803,35915,34888
KARNATAKA,2032,71062,36043,35019
KARNATAKA,2033,71321,36172,35150
KARNATAKA,2034,71581,36300,35280
KARNATAKA,2035,71840,36429,35411
KARNATAKA,2036,72099,36557,35542
KERALA,2011,33543,16094,17449
KERALA,2012,33777,16207,17570
KERALA,2013,34012,16320,17691
KERALA,2014,34246,16434,17813
KERALA,2015,34481,16547,17934
KERALA,2016,34685,16647,18038
KERALA,2017,34867,16736,18131
KERALA,2018,35049,16826,18223
KERALA,2019,35231,16916,18316
KERALA,2020,35413,17005,18408
KERALA,2021,35573,17084,18489
KERALA,2022,35716,17154,18562
KERALA,2023,35860,17225,18635
KERALA,2024,36003,17295,18708
KERALA,2025,36147,17366,18781
KERALA,2026,36263,17423,18840
KERALA,2027,36361,17472,18889
KERALA,2028,36459,17521,18938
KERALA,2029,36556,17569,18987
KERALA,2030,36654,17618,19036
KERALA,2031,36724,17654,19070
KERALA,2032,36775,17681,19094
KERALA,2033,36826,17709,19117
KERALA,2034,36877,17736,19141
KERALA,2035,36927,17763,19164
KERALA,2036,36978,17791,19187
TAMIL NADU,2011,72437,36278,36159
TAMIL NADU,2012,72935,36519,36416
TAMIL NADU,2013,73433,36760,36673
TAMIL NADU,2014,73930,37001,36930
TAMIL NADU,2015,74428,37241,37186
TAMIL NADU,2016,74841,37438,37404
TAMIL NADU,2017,75195,37602,37592
TAMIL NADU,2018,75548,37767,37781
TAMIL NADU,2019,75902,37932,37970
TAMIL NADU,2020,76255,38096,38159
TAMIL NADU,2021,76536,38222,38314
TAMIL NADU,2022,76765,38320,38445
TAMIL NADU,2023,76993,38418,38576
TAMIL NADU,2024,77222,38515,38707
TAMIL NADU,2025,77451,38613,38838
TAMIL NADU,2026,77609,38675,38934
TAMIL NADU,2027,77716,38710,39006
TAMIL NADU,2028,77823,38745,39078
TAMIL NADU,2029,77930,38780,39150
TAMIL NADU,2030,78037,38816,39222
TAMIL NADU,2031,78080,38820,39261
TAMIL NADU,2032,78077,38801,39276
TAMIL NADU,2033,78074,38783,39291
TAMIL NADU,2034,78071,38765,39306
TAMIL NADU,2035,78068,38747,39322
TAMIL NADU,2036,78065,38728,39337
CHANDIGARH,2011,1065,585,480
CHANDIGARH,2012,1081,593,488
CHANDIGARH,2013,1097,601,496
CHANDIGARH,2014,1113,609,505
CHANDIGARH,2015,1130,617,513
CHANDIGARH,2016,1145,624,521
CHANDIGARH,2017,1159,631,528
CHANDIGARH,2018,1173,637,536
CHANDIGARH,2019,1187,644,543
CHANDIGARH,2020,1202,651,551
CHANDIGARH,2021,1215,657,558
CHANDIGARH,2022,1226,662,564
CHANDIGARH,2023,1238,668,571
CHANDIGARH,2024,1250,673,577
CHANDIGARH,2025,1262,679,583
CHANDIGARH,2026,1273,684,589
CHANDIGARH,2027,1283,688,595
CHANDIGARH,2028,1293,693,601
CHANDIGARH,2029,1304,697,606
CHANDIGARH,2030,1314,702,612
CHANDIGARH,2031,1323,706,617
CHANDIGARH,2032,1331,710,622
CHANDIGARH,2033,1340,713,626
CHANDIGARH,2034,1348,717,631
CHANDIGARH,2035,1356,720,636
CHANDIGARH,2036,1365,724,641
UTTARAKHAND,2011,10164,5180,4985
UTTARAKHAND,2012,10298,5251,5047
UTTARAKHAND,2013,10432,5323,5109
UTTARAKHAND,2014,10565,5395,5171
UTTARAKHAND,2015,10699,5466,5233
UTTARAKHAND,2016,10830,5536,5294
UTTARAKHAND,2017,10959,5605,5354
UTTARAKHAND,2018,11088,5674,5414
UTTARAKHAND,2019,11217,5742,5474
UTTARAKHAND,2020,11346,5811,5535
UTTARAKHAND,2021,11468,5876,5592
UTTARAKHAND,2022,11587,5938,5649
UTTARAKHAND,2023,11706,6001,5705
UTTARAKHAND,2024,11824,6063,5761
UTTARAKHAND,2025,11943,6126,5817
UTTARAKHAND,2026,12055,6184,5870
UTTARAKHAND,2027,12161,6240,5921
UTTARAKHAND,2028,12267,6295,5972
UTTARAKHAND,2029,12374,6350,6023
UTTARAKHAND,2030,12480,6406,6075
UTTARAKHAND,2031,12577,6456,6121
UTTARAKHAND,2032,12667,6504,6163
UTTARAKHAND,2033,12757,6551,6206
UTTARAKHAND,2034,12847,6598,6249
UTTARAKHAND,2035,12937,6646,6291
UTTARAKHAND,2036,13027,6693,6334
SIKKIM,2011,614,325,289
SIKKIM,2012,621,328,292
SIKKIM,2013,627,332,296
SIKKIM,2014,634,335,299
SIKKIM,2015,641,339,302
SIKKIM,2016,647,342,305
SIKKIM,2017,654,345,308
SIKKIM,2018,660,349,312
SIKKIM,2019,667,352,315
SIKKIM,2020,673,355,318
SIKKIM,2021,680,359,321
SIKKIM,2022,686,362,324
SIKKIM,2023,692,365,327
SIKKIM,2024,699,368,330
SIKKIM,2025,705,371,334
SIKKIM,2026,711,374,336
SIKKIM,2027,716,377,339
SIKKIM,2028,722,380,342
SIKKIM,2029,728,383,345
SIKKIM,2030,733,385,348
SIKKIM,2031,738,388,350
SIKKIM,2032,743,390,353
SIKKIM,2033,747,392,355
SIKKIM,2034,752,394,357
SIKKIM,2035,756,396,360
SIKKIM,2036,761,399,362
ARUNACHAL PRADESH,2011,1391,718,674
ARUNACHAL PRADESH,2012,1406,725,681
ARUNACHAL PRADESH,2013,1421,733,689
ARUNACHAL PRADESH,2014,1437,740,696
ARUNACHAL PRADESH,2015,1452,748,704
ARUNACHAL PRADESH,2016,1467,756,711
ARUNACHAL PRADESH,2017,1481,763,718
ARUNACHAL PRADESH,2018,1496,770,726
ARUNACHAL PRADESH,2019,1511,778,733
ARUNACHAL PRADESH,2020,1526,785,741
ARUNACHAL PRADESH,2021,1540,792,748
ARUNACHAL PRADESH,2022,1555,799,755
ARUNACHAL PRADESH,2023,1569,806,763
ARUNACHAL PRADESH,2024,1583,813,770
ARUNACHAL PRADESH,2025,1597,820,777
ARUNACHAL PRADESH,2026,1611,827,784
ARUNACHAL PRADESH,2027,1624,833,791
ARUNACHAL PRADESH,2028,1636,839,797
ARUNACHAL PRADESH,2029,1649,845,804
ARUNACHAL PRADESH,2030,1662,852,810
ARUNACHAL PRADESH,2031,1674,857,816
ARUNACHAL PRADESH,2032,1684,862,822
ARUNACHAL PRADESH,2033,1694,867,827
ARUNACHAL PRADESH,2034,1704,871,833
ARUNACHAL PRADESH,2035,1714,876,838
ARUNACHAL PRADESH,2036,1724,881,843
NAGALAND,2011,1989,1030,959
NAGALAND,2012,2011,1041,970
NAGALAND,2013,2032,1052,981
NAGALAND,2014,2054,1063,991
NAGALAND,2015,2076,1074,1002
NAGALAND,2016,2097,1084,1013
NAGALAND,2017,2118,1095,1023
NAGALAND,2018,2139,1106,1034
NAGALAND,2019,2161,1116,1044
NAGALAND,2020,2182,1127,1055
NAGALAND,2021,2203,1137,1065
NAGALAND,2022,2223,1147,1076
NAGALAND,2023,2243,1157,1086
NAGALAND,2024,2264,1167,1096
NAGALAND,2025,2284,1177,1107
NAGALAND,2026,2303,1187,1116
NAGALAND,2027,2322,1196,1126
NAGALAND,2028,2340,1204,1135
NAGALAND,2029,2358,1213,1145
NAGALAND,2030,2377,1222,1154
NAGALAND,2031,2393,1230,1163
NAGALAND,2032,2407,1237,1170
NAGALAND,2033,2422,1244,1178
NAGALAND,2034,2436,1251,1186
NAGALAND,2035,2451,1257,1193
NAGALAND,2036,2465,1264,1201
MANIPUR,2011,2871,1446,1425
MANIPUR,2012,2903,1462,1441
MANIPUR,2013,2934,1477,1457
MANIPUR,2014,2965,1492,1473
MANIPUR,2015,2996,1507,1489
MANIPUR,2016,3027,1523,1504
MANIPUR,2017,3058,1537,1520
MANIPUR,2018,3088,1552,1536
MANIPUR,2019,3119,1567,1552
MANIPUR,2020,3149,1582,1567
MANIPUR,2021,3179,1596,1583
MANIPUR,2022,3209,1611,1598
MANIPUR,2023,3238,1625,1613
MANIPUR,2024,3267,1639,1629
MANIPUR,2025,3297,1653,1644
MANIPUR,2026,3324,1666,1659
MANIPUR,2027,3351,1679,1673
MANIPUR,2028,3377,1691,1687
MANIPUR,2029,3404,1704,1701
MANIPUR,2030,3430,1716,1715
MANIPUR,2031,3454,1727,1727
MANIPUR,2032,3475,1737,1739
MANIPUR,2033,3496,1746,1750
MANIPUR,2034,3517,1756,1761
MANIPUR,2035,3538,1765,1773
MANIPUR,2036,3559,1775,1784
MIZORAM,2011,1103,558,545
MIZORAM,2012,1115,564,551
MIZORAM,2013,1127,570,557
MIZORAM,2014,1139,576,563
MIZORAM,2015,1151,582,569
MIZORAM,2016,1163,588,575
MIZORAM,2017,1175,593,581
MIZORAM,2018,1186,599,587
MIZORAM,2019,1198,605,593
MIZORAM,2020,1210,611,599
MIZORAM,2021,1221,616,605
MIZORAM,2022,1233,622,611
MIZORAM,2023,1244,627,617
MIZORAM,2024,1255,633,623
MIZORAM,2025,1267,638,629
MIZORAM,2026,1277,643,634
MIZORAM,2027,1287,648,640
MIZORAM,2028,1298,653,645
MIZORAM,2029,1308,658,650
MIZORAM,2030,1318,662,656
MIZORAM,2031,1327,667,660
MIZORAM,2032,1335,670,665
MIZORAM,2033,1343,674,669
MIZORAM,2034,1351,678,673
MIZORAM,2035,1359,681,678
MIZORAM,2036,1367,685,682
TRIPURA,2011,3694,1884,1810
TRIPURA,2012,3734,1904,1830
TRIPURA,2013,3774,1924,1850
TRIPURA,2014,3814,1944,1870
TRIPURA,2015,3854,1964,1890
TRIPURA,2016,3894,1984,1910
TRIPURA,2017,3933,2003,1930
TRIPURA,2018,3973,2022,1950
TRIPURA,2019,4012,2042,1970
TRIPURA,2020,4051,2061,1990
TRIPURA,2021,4090,2080,2010
TRIPURA,2022,4128,2098,2029
TRIPURA,2023,4165,2117,2049
TRIPURA,2024,4203,2135,2068
TRIPURA,2025,4241,2153,2088
TRIPURA,2026,4277,2171,2106
TRIPURA,2027,4311,2187,2124
TRIPURA,2028,4345,2203,2142
TRIPURA,2029,4379,2220,2159
TRIPURA,2030,4413,2236,2177
TRIPURA,2031,4444,2250,2193
TRIPURA,2032,4470,2263,2208
TRIPURA,2033,4497,2275,2222
TRIPURA,2034,4524,2288,2237
TRIPURA,2035,4551,2300,2251
TRIPURA,2036,4578,2312,2266
MEGHALAYA,2011,2983,1500,1483
MEGHALAYA,2012,3015,1516,1500
MEGHALAYA,2013,3048,1532,1516
MEGHALAYA,2014,3080,1547,1533
MEGHALAYA,2015,3113,1563,1549
MEGHALAYA,2016,3145,1579,1566
MEGHALAYA,2017,3176,1594,1582
MEGHALAYA,2018,3208,1610,1599
MEGHALAYA,2019,3240,1625,1615
MEGHALAYA,2020,3272,1641,1631
MEGHALAYA,2021,3303,1656,1648
MEGHALAYA,2022,3333,1670,1663
MEGHALAYA,2023,3364,1685,1679
MEGHALAYA,2024,3394,1699,1695
MEGHALAYA,2025,3425,1714,1711
MEGHALAYA,2026,3454,1728,1726
MEGHALAYA,2027,3481,1741,1741
MEGHALAYA,2028,3509,1754,1755
MEGHALAYA,2029,3536,1767,1770
MEGHALAYA,2030,3564,1780,1785
MEGHALAYA,2031,3588,1791,1798
MEGHALAYA,2032,3610,1801,1810
MEGHALAYA,2033,3632,1811,1821
MEGHALAYA,2034,3654,1821,1833
MEGHALAYA,2035,3675,1831,1845
MEGHALAYA,2036,3697,1840,1857
DAMAN & DIU,2011,253,158,95
DAMAN & DIU,2012,270,171,99
DAMAN & DIU,2013,288,184,103
DAMAN & DIU,2014,305,198,107
DAMAN & DIU,2015,322,211,111
DAMAN & DIU,2016,346,230,116
DAMAN & DIU,2017,374,252,121
DAMAN & DIU,2018,402,275,127
DAMAN & DIU,2019,430,298,132
DAMAN & DIU,2020,458,320,137
DAMAN & DIU,2021,497,353,144
DAMAN & DIU,2022,544,393,151
DAMAN & DIU,2023,591,433,158
DAMAN & DIU,2024,638,473,166
DAMAN & DIU,2025,686,513,173
DAMAN & DIU,2026,756,574,182
DAMAN & DIU,2027,842,650,192
DAMAN & DIU,2028,928,726,202
DAMAN & DIU,2029,1015,802,212
DAMAN & DIU,2030,1101,879,222
DAMAN & DIU,2031,1234,999,235
DAMAN & DIU,2032,1400,1151,249
DAMAN & DIU,2033,1567,1303,264
DAMAN & DIU,2034,1733,1455,278
DAMAN & DIU,2035,1899,1607,292
DAMAN & DIU,2036,2066,1759,307
DADRA & NAGAR HAVELI,2011,356,202,155
DADRA & NAGAR HAVELI,2012,378,215,163
DADRA & NAGAR HAVELI,2013,400,229,171
DADRA & NAGAR HAVELI,2014,422,243,179
DADRA & NAGAR HAVELI,2015,443,256,187
DADRA & NAGAR HAVELI,2016,470,274,197
DADRA & NAGAR HAVELI,2017,502,294,208
DADRA & NAGAR HAVELI,2018,533,314,218
DADRA & NAGAR HAVELI,2019,564,335,229
DADRA & NAGAR HAVELI,2020,595,355,240
DADRA & NAGAR HAVELI,2021,635,381,254
DADRA & NAGAR HAVELI,2022,680,412,269
DADRA & NAGAR HAVELI,2023,726,442,284
DADRA & NAGAR HAVELI,2024,771,473,299
DADRA & NAGAR HAVELI,2025,817,503,314
DADRA & NAGAR HAVELI,2026,876,543,332
DADRA & NAGAR HAVELI,2027,944,591,353
DADRA & NAGAR HAVELI,2028,1012,638,374
DADRA & NAGAR HAVELI,2029,1081,685,395
DADRA & NAGAR HAVELI,2030,1149,733,416
DADRA & NAGAR HAVELI,2031,1239,796,443
DADRA & NAGAR HAVELI,2032,1344,872,472
DADRA & NAGAR HAVELI,2033,1449,947,502
DADRA & NAGAR HAVELI,2034,1554,1022,532
DADRA & NAGAR HAVELI,2035,1659,1097,562
DADRA & NAGAR HAVELI,2036,1764,1172,592
GOA,2011,1465,742,723
GOA,2012,1475,747,728
GOA,2013,1486,752,734
GOA,2014,1497,757,740
GOA,2015,1507,762,745
GOA,2016,1517,767,750
GOA,2017,1527,771,755
GOA,2018,1536,776,760
GOA,2019,1545,780,766
GOA,2020,1555,784,771
GOA,2021,1563,788,775
GOA,2022,1571,792,779
GOA,2023,1579,796,784
GOA,2024,1587,799,788
GOA,2025,1595,803,793
GOA,2026,1603,806,797
GOA,2027,1610,809,800
GOA,2028,1617,812,804
GOA,2029,1624,815,808
GOA,2030,1631,819,812
GOA,2031,1637,821,815
GOA,2032,1643,824,819
GOA,2033,1649,827,822
GOA,2034,1654,829,825
GOA,2035,1660,832,829
GOA,2036,1666,834,832
LAKSHADWEEP,2011,65,33,31
LAKSHADWEEP,2012,65,33,32
LAKSHADWEEP,2013,66,34,32
LAKSHADWEEP,2014,66,34,32
LAKSHADWEEP,2015,66,34,32
LAKSHADWEEP,2016,67,34,32
LAKSHADWEEP,2017,67,34,33
LAKSHADWEEP,2018,67,35,33
LAKSHADWEEP,2019,68,35,33
LAKSHADWEEP,2020,68,35,33
LAKSHADWEEP,2021,68,35,33
LAKSHADWEEP,2022,69,35,33
LAKSHADWEEP,2023,69,35,33
LAKSHADWEEP,2024,69,36,34
LAKSHADWEEP,2025,69,36,34
LAKSHADWEEP,2026,70,36,34
LAKSHADWEEP,2027,70,36,34
LAKSHADWEEP,2028,70,36,34
LAKSHADWEEP,2029,70,36,34
LAKSHADWEEP,2030,71,36,34
LAKSHADWEEP,2031,71,36,34
LAKSHADWEEP,2032,71,36,34
LAKSHADWEEP,2033,71,37,35
LAKSHADWEEP,2034,71,37,35
LAKSHADWEEP,2035,71,37,35
LAKSHADWEEP,2036,72,37,35
PUDUCHERRY,2011,1266,620,645
PUDUCHERRY,2012,1297,634,663
PUDUCHERRY,2013,1328,648,680
PUDUCHERRY,2014,1358,661,697
PUDUCHERRY,2015,1389,675,714
PUDUCHERRY,2016,1422,689,733
PUDUCHERRY,2017,1456,703,752
PUDUCHERRY,2018,1489,718,772
PUDUCHERRY,2019,1523,732,791
PUDUCHERRY,2020,1557,747,811
PUDUCHERRY,2021,1593,762,831
PUDUCHERRY,2022,1630,777,853
PUDUCHERRY,2023,1667,792,875
PUDUCHERRY,2024,1704,807,897
PUDUCHERRY,2025,1742,823,919
PUDUCHERRY,2026,1781,839,942
PUDUCHERRY,2027,1822,855,967
PUDUCHERRY,2028,1862,871,991
PUDUCHERRY,2029,1903,887,1016
PUDUCHERRY,2030,1944,903,1040
PUDUCHERRY,2031,1987,920,1067
PUDUCHERRY,2032,2031,937,1094
PUDUCHERRY,2033,2076,954,1122
PUDUCHERRY,2034,2120,971,1150
PUDUCHERRY,2035,2165,988,1177
PUDUCHERRY,2036,2210,1005,1205
ANDAMAN & NICOBAR ISLANDS,2011,382,203,178
ANDAMAN & NICOBAR ISLANDS,2012,384,204,180
ANDAMAN & NICOBAR ISLANDS,2013,386,205,181
ANDAMAN & NICOBAR ISLANDS,2014,389,206,182
ANDAMAN & NICOBAR ISLANDS,2015,391,207,184
ANDAMAN & NICOBAR ISLANDS,2016,393,208,185
ANDAMAN & NICOBAR ISLANDS,2017,395,209,186
ANDAMAN & NICOBAR ISLANDS,2018,396,210,187
ANDAMAN & NICOBAR ISLANDS,2019,398,210,188
ANDAMAN & NICOBAR ISLANDS,2020,400,211,189
ANDAMAN & NICOBAR ISLANDS,2021,401,212,189
ANDAMAN & NICOBAR ISLANDS,2022,402,212,190
ANDAMAN & NICOBAR ISLANDS,2023,403,213,191
ANDAMAN & NICOBAR ISLANDS,2024,405,213,191
ANDAMAN & NICOBAR ISLANDS,2025,406,214,192
ANDAMAN & NICOBAR ISLANDS,2026,407,214,193
ANDAMAN & NICOBAR ISLANDS,2027,407,214,193
ANDAMAN & NICOBAR ISLANDS,2028,408,215,194
ANDAMAN & NICOBAR ISLANDS,2029,409,215,194
ANDAMAN & NICOBAR ISLANDS,2030,410,215,195
ANDAMAN & NICOBAR ISLANDS,2031,411,216,195
ANDAMAN & NICOBAR ISLANDS,2032,411,216,195
ANDAMAN & NICOBAR ISLANDS,2033,412,216,196
ANDAMAN & NICOBAR ISLANDS,2034,412,216,196
ANDAMAN & NICOBAR ISLANDS,2035,413,217,196
ANDAMAN & NICOBAR ISLANDS,2036,414,217,197
TELANGANA,2011,35149,17685,17464
TELANGANA,2012,35441,17832,17609
TELANGANA,2013,35733,17979,17754
TELANGANA,2014,36024,18126,17899
TELANGANA,2015,36316,18272,18043
TELANGANA,2016,36588,18409,18179
TELANGANA,2017,36841,18536,18305
TELANGANA,2018,37093,18662,18432
TELANGANA,2019,37346,18788,18558
TELANGANA,2020,37599,18915,18684
TELANGANA,2021,37816,19022,18794
TELANGANA,2022,37999,19110,18889
TELANGANA,2023,38181,19197,18983
TELANGANA,2024,38363,19285,19078
TELANGANA,2025,38545,19373,19172
TELANGANA,2026,38693,19442,19251
TELANGANA,2027,38807,19494,19313
TELANGANA,2028,38921,19546,19375
TELANGANA,2029,39035,19598,19438
TELANGANA,2030,39150,19649,19500
TELANGANA,2031,39233,19685,19548
TELANGANA,2032,39285,19704,19581
TELANGANA,2033,39337,19723,19614
TELANGANA,2034,39389,19743,19646
TELANGANA,2035,39441,19762,19679
TELANGANA,2036,39493,19781,19712
LADAKH,2011,276,157,118
LADAKH,2012,278,159,120
LADAKH,2013,281,160,121
LADAKH,2014,284,161,123
LADAKH,2015,286,162,124
LADAKH,2016,288,163,125
LADAKH,2017,290,164,126
LADAKH,2018,292,165,127
LADAKH,2019,294,166,128
LADAKH,2020,296,167,130
LADAKH,2021,298,167,131
LADAKH,2022,300,168,132
LADAKH,2023,301,169,133
LADAKH,2024,303,169,133
LADAKH,2025,305,170,134
LADAKH,2026,306,171,135
LADAKH,2027,307,171,136
LADAKH,2028,309,172,137
LADAKH,2029,310,172,138
LADAKH,2030,311,172,139
LADAKH,2031,312,173,139
LADAKH,2032,313,173,140
LADAKH,2033,314,173,141
LADAKH,2034,315,173,141
LADAKH,2035,315,174,142
LADAKH,2036,316,174,143
