unit,year,age,persons,male,female,pdf_page
INDIA,2011,5,24657,12839,11817,168
INDIA,2016,5,23488,12253,11235,168
INDIA,2021,5,22910,12122,10787,168
INDIA,2011,6,24909,12988,11921,168
INDIA,2016,6,23505,12192,11314,168
INDIA,2021,6,22957,12175,10782,168
INDIA,2011,7,25112,13110,12002,168
INDIA,2016,7,23623,12219,11404,168
INDIA,2021,7,23033,12210,10823,168
INDIA,2011,8,25264,13204,12060,168
INDIA,2016,8,23842,12334,11507,168
INDIA,2021,8,23137,12227,10910,168
INDIA,2011,9,25366,13271,12095,168
INDIA,2016,9,24161,12538,11623,168
INDIA,2021,9,23268,12225,11043,168
INDIA,2011,10,25633,13428,12205,168
INDIA,2016,10,24529,12767,11762,168
INDIA,2021,10,23346,12171,11175,168
INDIA,2011,11,25934,13604,12330,168
INDIA,2016,11,24829,12936,11893,168
INDIA,2021,11,23406,12129,11277,168
INDIA,2011,12,25987,13644,12343,168
INDIA,2016,12,25057,13069,11988,168
INDIA,2021,12,23546,12166,11380,168
INDIA,2011,13,25792,13547,12245,168
INDIA,2016,13,25212,13165,12048,168
INDIA,2021,13,23766,12282,11484,168
INDIA,2011,14,25349,13314,12035,168
INDIA,2016,14,25296,13223,12072,168
INDIA,2021,14,24067,12477,11590,168
INDIA,2011,15,24956,13123,11834,168
INDIA,2016,15,25546,13374,12172,168
INDIA,2021,15,24419,12699,11720,168
INDIA,2011,16,24730,13022,11708,168
INDIA,2016,16,25846,13550,12296,168
INDIA,2021,16,24717,12868,11850,168
INDIA,2011,17,24426,12859,11567,168
INDIA,2016,17,25893,13587,12306,168
INDIA,2021,17,24939,12997,11942,168
INDIA,2011,18,24046,12634,11412,168
INDIA,2016,18,25689,13485,12203,168
INDIA,2021,18,25084,13087,11997,168
INDIA,2011,19,23590,12347,11242,168
INDIA,2016,19,25233,13245,11988,168
INDIA,2021,19,25153,13137,12016,168
INDIA,2011,20,23139,12065,11075,168
INDIA,2016,20,24825,13045,11780,168
INDIA,2021,20,25387,13279,12108,168
INDIA,2011,21,22740,11823,10917,168
INDIA,2016,21,24586,12938,11648,168
INDIA,2021,21,25672,13447,12225,168
INDIA,2011,22,22332,11575,10756,168
INDIA,2016,22,24273,12770,11503,168
INDIA,2021,22,25709,13478,12231,168
INDIA,2011,23,21914,11321,10593,168
INDIA,2016,23,23888,12541,11347,168
INDIA,2021,23,25498,13371,12127,168
INDIA,2026,5,22161,11676,10485,168
INDIA,2031,5,20859,10962,9897,168
INDIA,2036,5,19562,10270,9292,168
INDIA,2026,6,22416,11817,10599,168
INDIA,2031,6,21101,11094,10007,168
INDIA,2036,6,19779,10383,9397,168
INDIA,2026,7,22601,11920,10681,168
INDIA,2031,7,21339,11223,10116,168
INDIA,2036,7,20014,10507,9508,168
INDIA,2026,8,22716,11985,10732,168
INDIA,2031,8,21571,11349,10222,168
INDIA,2036,8,20267,10641,9625,168
INDIA,2026,9,22762,12011,10750,168
INDIA,2031,9,21798,11472,10326,168
INDIA,2036,9,20537,10787,9750,168
INDIA,2026,10,22800,12055,10745,168
INDIA,2031,10,22082,11625,10457,168
INDIA,2036,10,20819,10939,9880,168
INDIA,2026,11,22885,12125,10760,168
INDIA,2031,11,22370,11780,10589,168
INDIA,2036,11,21089,11083,10006,168
INDIA,2026,12,22981,12168,10812,168
INDIA,2031,12,22572,11891,10681,168
INDIA,2036,12,21341,11219,10123,168
INDIA,2026,13,23087,12186,10901,168
INDIA,2031,13,22689,11956,10733,168
INDIA,2036,13,21575,11345,10230,168
INDIA,2026,14,23203,12178,11025,168
INDIA,2031,14,22721,11977,10744,168
INDIA,2036,14,21791,11463,10328,168
INDIA,2026,15,23270,12119,11150,168
INDIA,2031,15,22749,12016,10732,168
INDIA,2036,15,22065,11612,10453,168
INDIA,2026,16,23329,12078,11251,168
INDIA,2031,16,22833,12086,10747,168
INDIA,2036,16,22352,11767,10585,168
INDIA,2026,17,23463,12112,11351,168
INDIA,2031,17,22924,12127,10797,168
INDIA,2036,17,22550,11875,10675,168
INDIA,2026,18,23674,12223,11451,168
INDIA,2031,18,23022,12140,10882,168
INDIA,2036,18,22659,11936,10723,168
INDIA,2026,19,23961,12410,11551,168
INDIA,2031,19,23127,12125,11002,168
INDIA,2036,19,22680,11950,10731,168
INDIA,2026,20,24298,12623,11675,168
INDIA,2031,20,23180,12060,11121,168
INDIA,2036,20,22696,11982,10714,168
INDIA,2026,21,24584,12785,11799,168
INDIA,2031,21,23229,12013,11216,168
INDIA,2036,21,22770,12046,10724,168
INDIA,2026,22,24795,12908,11887,168
INDIA,2031,22,23355,12042,11313,168
INDIA,2036,22,22853,12082,10771,168
INDIA,2026,23,24931,12991,11940,168
INDIA,2031,23,23558,12147,11411,168
INDIA,2036,23,22944,12090,10854,168
JAMMU & KASHMIR (UT),2011,5,282,151,131,172
JAMMU & KASHMIR (UT),2016,5,253,135,118,172
JAMMU & KASHMIR (UT),2021,5,168,87,82,172
JAMMU & KASHMIR (UT),2011,6,280,149,131,172
JAMMU & KASHMIR (UT),2016,6,283,152,130,172
JAMMU & KASHMIR (UT),2021,6,164,84,80,172
JAMMU & KASHMIR (UT),2011,7,278,148,130,172
JAMMU & KASHMIR (UT),2016,7,299,162,137,172
JAMMU & KASHMIR (UT),2021,7,170,88,83,172
JAMMU & KASHMIR (UT),2011,8,276,147,130,172
JAMMU & KASHMIR (UT),2016,8,302,163,139,172
JAMMU & KASHMIR (UT),2021,8,187,97,90,172
JAMMU & KASHMIR (UT),2011,9,275,145,129,172
JAMMU & KASHMIR (UT),2016,9,291,156,135,172
JAMMU & KASHMIR (UT),2021,9,215,113,102,172
JAMMU & KASHMIR (UT),2011,10,274,145,129,172
JAMMU & KASHMIR (UT),2016,10,281,150,131,172
JAMMU & KASHMIR (UT),2021,10,252,135,117,172
JAMMU & KASHMIR (UT),2011,11,273,144,129,172
JAMMU & KASHMIR (UT),2016,11,279,149,131,172
JAMMU & KASHMIR (UT),2021,11,282,152,130,172
JAMMU & KASHMIR (UT),2011,12,271,142,129,172
JAMMU & KASHMIR (UT),2016,12,277,147,130,172
JAMMU & KASHMIR (UT),2021,12,298,161,137,172
JAMMU & KASHMIR (UT),2011,13,267,140,127,172
JAMMU & KASHMIR (UT),2016,13,276,146,130,172
JAMMU & KASHMIR (UT),2021,13,301,162,138,172
JAMMU & KASHMIR (UT),2011,14,262,137,125,172
JAMMU & KASHMIR (UT),2016,14,274,145,129,172
JAMMU & KASHMIR (UT),2021,14,290,156,134,172
JAMMU & KASHMIR (UT),2011,15,256,134,122,172
JAMMU & KASHMIR (UT),2016,15,273,144,129,172
JAMMU & KASHMIR (UT),2021,15,279,149,130,172
JAMMU & KASHMIR (UT),2011,16,252,131,121,172
JAMMU & KASHMIR (UT),2016,16,272,143,129,172
JAMMU & KASHMIR (UT),2021,16,278,148,130,172
JAMMU & KASHMIR (UT),2011,17,248,129,119,172
JAMMU & KASHMIR (UT),2016,17,269,142,128,172
JAMMU & KASHMIR (UT),2021,17,276,147,129,172
JAMMU & KASHMIR (UT),2011,18,243,126,117,172
JAMMU & KASHMIR (UT),2016,18,265,139,126,172
JAMMU & KASHMIR (UT),2021,18,274,145,129,172
JAMMU & KASHMIR (UT),2011,19,239,125,115,172
JAMMU & KASHMIR (UT),2016,19,260,136,124,172
JAMMU & KASHMIR (UT),2021,19,272,144,128,172
JAMMU & KASHMIR (UT),2011,20,235,122,113,172
JAMMU & KASHMIR (UT),2016,20,254,133,121,172
JAMMU & KASHMIR (UT),2021,20,270,143,127,172
JAMMU & KASHMIR (UT),2011,21,231,120,111,172
JAMMU & KASHMIR (UT),2016,21,249,130,119,172
JAMMU & KASHMIR (UT),2021,21,269,142,127,172
JAMMU & KASHMIR (UT),2011,22,226,118,108,172
JAMMU & KASHMIR (UT),2016,22,245,128,117,172
JAMMU & KASHMIR (UT),2021,22,267,140,126,172
JAMMU & KASHMIR (UT),2011,23,223,116,106,172
JAMMU & KASHMIR (UT),2016,23,241,125,116,172
JAMMU & KASHMIR (UT),2021,23,263,138,125,172
JAMMU & KASHMIR (UT),2026,5,167,86,81,172
JAMMU & KASHMIR (UT),2031,5,173,89,84,172
JAMMU & KASHMIR (UT),2036,5,177,91,86,172
JAMMU & KASHMIR (UT),2026,6,165,85,80,172
JAMMU & KASHMIR (UT),2031,6,172,88,83,172
JAMMU & KASHMIR (UT),2036,6,178,91,87,172
JAMMU & KASHMIR (UT),2026,7,164,85,79,172
JAMMU & KASHMIR (UT),2031,7,170,88,83,172
JAMMU & KASHMIR (UT),2036,7,178,91,87,172
JAMMU & KASHMIR (UT),2026,8,166,86,80,172
JAMMU & KASHMIR (UT),2031,8,169,87,82,172
JAMMU & KASHMIR (UT),2036,8,177,91,86,172
JAMMU & KASHMIR (UT),2026,9,171,88,82,172
JAMMU & KASHMIR (UT),2031,9,169,87,82,172
JAMMU & KASHMIR (UT),2036,9,175,90,85,172
JAMMU & KASHMIR (UT),2026,10,168,86,81,172
JAMMU & KASHMIR (UT),2031,10,166,86,81,172
JAMMU & KASHMIR (UT),2036,10,173,89,84,172
JAMMU & KASHMIR (UT),2026,11,163,84,80,172
JAMMU & KASHMIR (UT),2031,11,164,85,80,172
JAMMU & KASHMIR (UT),2036,11,171,88,83,172
JAMMU & KASHMIR (UT),2026,12,170,87,82,172
JAMMU & KASHMIR (UT),2031,12,164,84,79,172
JAMMU & KASHMIR (UT),2036,12,170,87,83,172
JAMMU & KASHMIR (UT),2026,13,187,97,90,172
JAMMU & KASHMIR (UT),2031,13,166,86,80,172
JAMMU & KASHMIR (UT),2036,13,169,87,82,172
JAMMU & KASHMIR (UT),2026,14,214,113,101,172
JAMMU & KASHMIR (UT),2031,14,170,88,82,172
JAMMU & KASHMIR (UT),2036,14,168,86,81,172
JAMMU & KASHMIR (UT),2026,15,251,134,117,172
JAMMU & KASHMIR (UT),2031,15,167,86,81,172
JAMMU & KASHMIR (UT),2036,15,165,85,80,172
JAMMU & KASHMIR (UT),2026,16,280,151,129,172
JAMMU & KASHMIR (UT),2031,16,162,83,79,172
JAMMU & KASHMIR (UT),2036,16,163,84,79,172
JAMMU & KASHMIR (UT),2026,17,296,160,136,172
JAMMU & KASHMIR (UT),2031,17,168,87,82,172
JAMMU & KASHMIR (UT),2036,17,162,84,79,172
JAMMU & KASHMIR (UT),2026,18,299,161,138,172
JAMMU & KASHMIR (UT),2031,18,185,96,89,172
JAMMU & KASHMIR (UT),2036,18,164,85,79,172
JAMMU & KASHMIR (UT),2026,19,288,155,133,172
JAMMU & KASHMIR (UT),2031,19,212,112,100,172
JAMMU & KASHMIR (UT),2036,19,168,87,81,172
JAMMU & KASHMIR (UT),2026,20,277,148,129,172
JAMMU & KASHMIR (UT),2031,20,249,133,116,172
JAMMU & KASHMIR (UT),2036,20,165,85,80,172
JAMMU & KASHMIR (UT),2026,21,275,147,128,172
JAMMU & KASHMIR (UT),2031,21,278,150,128,172
JAMMU & KASHMIR (UT),2036,21,160,82,78,172
JAMMU & KASHMIR (UT),2026,22,273,145,128,172
JAMMU & KASHMIR (UT),2031,22,294,159,135,172
JAMMU & KASHMIR (UT),2036,22,166,86,80,172
JAMMU & KASHMIR (UT),2026,23,271,144,127,172
JAMMU & KASHMIR (UT),2031,23,296,160,136,172
JAMMU & KASHMIR (UT),2036,23,183,95,88,172
HIMACHAL PRADESH,2011,5,116,61,55,176
HIMACHAL PRADESH,2016,5,107,56,51,176
HIMACHAL PRADESH,2021,5,97,51,46,176
HIMACHAL PRADESH,2011,6,117,62,55,176
HIMACHAL PRADESH,2016,6,110,58,52,176
HIMACHAL PRADESH,2021,6,98,51,46,176
HIMACHAL PRADESH,2011,7,118,62,56,176
HIMACHAL PRADESH,2016,7,112,59,53,176
HIMACHAL PRADESH,2021,7,99,52,47,176
HIMACHAL PRADESH,2011,8,120,63,57,176
HIMACHAL PRADESH,2016,8,113,60,54,176
HIMACHAL PRADESH,2021,8,101,53,48,176
HIMACHAL PRADESH,2011,9,121,64,57,176
HIMACHAL PRADESH,2016,9,114,60,54,176
HIMACHAL PRADESH,2021,9,104,55,49,176
HIMACHAL PRADESH,2011,10,123,65,58,176
HIMACHAL PRADESH,2016,10,116,61,55,176
HIMACHAL PRADESH,2021,10,107,56,50,176
HIMACHAL PRADESH,2011,11,125,66,59,176
HIMACHAL PRADESH,2016,11,117,62,55,176
HIMACHAL PRADESH,2021,11,109,58,52,176
HIMACHAL PRADESH,2011,12,126,67,59,176
HIMACHAL PRADESH,2016,12,118,63,56,176
HIMACHAL PRADESH,2021,12,112,59,53,176
HIMACHAL PRADESH,2011,13,127,67,60,176
HIMACHAL PRADESH,2016,13,120,63,56,176
HIMACHAL PRADESH,2021,13,113,60,53,176
HIMACHAL PRADESH,2011,14,127,67,60,176
HIMACHAL PRADESH,2016,14,121,64,57,176
HIMACHAL PRADESH,2021,14,114,61,54,176
HIMACHAL PRADESH,2011,15,128,67,61,176
HIMACHAL PRADESH,2016,15,123,65,58,176
HIMACHAL PRADESH,2021,15,116,61,54,176
HIMACHAL PRADESH,2011,16,129,67,61,176
HIMACHAL PRADESH,2016,16,125,66,59,176
HIMACHAL PRADESH,2021,16,117,62,55,176
HIMACHAL PRADESH,2011,17,129,67,62,176
HIMACHAL PRADESH,2016,17,126,67,59,176
HIMACHAL PRADESH,2021,17,119,63,56,176
HIMACHAL PRADESH,2011,18,129,67,62,176
HIMACHAL PRADESH,2016,18,127,67,60,176
HIMACHAL PRADESH,2021,18,120,64,56,176
HIMACHAL PRADESH,2011,19,128,66,62,176
HIMACHAL PRADESH,2016,19,127,67,60,176
HIMACHAL PRADESH,2021,19,121,65,57,176
HIMACHAL PRADESH,2011,20,127,65,62,176
HIMACHAL PRADESH,2016,20,128,67,60,176
HIMACHAL PRADESH,2021,20,123,66,58,176
HIMACHAL PRADESH,2011,21,127,65,63,176
HIMACHAL PRADESH,2016,21,128,68,61,176
HIMACHAL PRADESH,2021,21,125,67,58,176
HIMACHAL PRADESH,2011,22,127,64,63,176
HIMACHAL PRADESH,2016,22,129,68,61,176
HIMACHAL PRADESH,2021,22,126,67,59,176
HIMACHAL PRADESH,2011,23,125,63,62,176
HIMACHAL PRADESH,2016,23,128,67,61,176
HIMACHAL PRADESH,2021,23,127,67,59,176
HIMACHAL PRADESH,2026,5,91,47,43,176
HIMACHAL PRADESH,2031,5,85,44,41,176
HIMACHAL PRADESH,2036,5,79,41,38,176
HIMACHAL PRADESH,2026,6,92,48,44,176
HIMACHAL PRADESH,2031,6,86,45,41,176
HIMACHAL PRADESH,2036,6,81,42,39,176
HIMACHAL PRADESH,2026,7,93,49,44,176
HIMACHAL PRADESH,2031,7,87,46,42,176
HIMACHAL PRADESH,2036,7,82,43,39,176
HIMACHAL PRADESH,2026,8,94,49,45,176
HIMACHAL PRADESH,2031,8,88,46,42,176
HIMACHAL PRADESH,2036,8,83,43,40,176
HIMACHAL PRADESH,2026,9,96,50,45,176
HIMACHAL PRADESH,2031,9,90,47,43,176
HIMACHAL PRADESH,2036,9,84,44,40,176
HIMACHAL PRADESH,2026,10,97,51,46,176
HIMACHAL PRADESH,2031,10,91,48,43,176
HIMACHAL PRADESH,2036,10,85,45,40,176
HIMACHAL PRADESH,2026,11,98,52,46,176
HIMACHAL PRADESH,2031,11,92,48,43,176
HIMACHAL PRADESH,2036,11,86,45,41,176
HIMACHAL PRADESH,2026,12,99,53,47,176
HIMACHAL PRADESH,2031,12,93,49,44,176
HIMACHAL PRADESH,2036,12,87,46,41,176
HIMACHAL PRADESH,2026,13,101,54,48,176
HIMACHAL PRADESH,2031,13,94,50,44,176
HIMACHAL PRADESH,2036,13,88,47,42,176
HIMACHAL PRADESH,2026,14,104,55,49,176
HIMACHAL PRADESH,2031,14,96,51,45,176
HIMACHAL PRADESH,2036,14,90,47,42,176
HIMACHAL PRADESH,2026,15,107,57,50,176
HIMACHAL PRADESH,2031,15,97,51,46,176
HIMACHAL PRADESH,2036,15,91,48,43,176
HIMACHAL PRADESH,2026,16,110,58,51,176
HIMACHAL PRADESH,2031,16,98,52,46,176
HIMACHAL PRADESH,2036,16,92,49,43,176
HIMACHAL PRADESH,2026,17,112,59,52,176
HIMACHAL PRADESH,2031,17,100,53,47,176
HIMACHAL PRADESH,2036,17,93,49,44,176
HIMACHAL PRADESH,2026,18,113,60,53,176
HIMACHAL PRADESH,2031,18,102,54,48,176
HIMACHAL PRADESH,2036,18,95,50,44,176
HIMACHAL PRADESH,2026,19,114,61,54,176
HIMACHAL PRADESH,2031,19,104,56,49,176
HIMACHAL PRADESH,2036,19,96,51,45,176
HIMACHAL PRADESH,2026,20,116,62,54,176
HIMACHAL PRADESH,2031,20,107,57,50,176
HIMACHAL PRADESH,2036,20,97,52,45,176
HIMACHAL PRADESH,2026,21,117,63,55,176
HIMACHAL PRADESH,2031,21,110,59,51,176
HIMACHAL PRADESH,2036,21,98,53,46,176
HIMACHAL PRADESH,2026,22,119,63,55,176
HIMACHAL PRADESH,2031,22,112,60,52,176
HIMACHAL PRADESH,2036,22,100,54,46,176
HIMACHAL PRADESH,2026,23,120,64,56,176
HIMACHAL PRADESH,2031,23,113,61,53,176
HIMACHAL PRADESH,2036,23,102,55,47,176
PUNJAB,2011,5,455,249,206,180
PUNJAB,2016,5,420,227,193,180
PUNJAB,2021,5,405,216,189,180
PUNJAB,2011,6,464,255,210,180
PUNJAB,2016,6,421,228,193,180
PUNJAB,2021,6,410,219,191,180
PUNJAB,2011,7,473,260,213,180
PUNJAB,2016,7,426,232,194,180
PUNJAB,2021,7,415,221,193,180
PUNJAB,2011,8,483,266,216,180
PUNJAB,2016,8,434,237,197,180
PUNJAB,2021,8,418,224,194,180
PUNJAB,2011,9,491,272,220,180
PUNJAB,2016,9,445,244,202,180
PUNJAB,2021,9,422,227,195,180
PUNJAB,2011,10,501,278,223,180
PUNJAB,2016,10,457,251,206,180
PUNJAB,2021,10,422,229,194,180
PUNJAB,2011,11,511,285,226,180
PUNJAB,2016,11,466,256,210,180
PUNJAB,2021,11,423,230,193,180
PUNJAB,2011,12,520,290,230,180
PUNJAB,2016,12,476,262,214,180
PUNJAB,2021,12,428,233,195,180
PUNJAB,2011,13,527,294,233,180
PUNJAB,2016,13,485,268,217,180
PUNJAB,2021,13,437,239,198,180
PUNJAB,2011,14,532,295,237,180
PUNJAB,2016,14,495,274,222,180
PUNJAB,2021,14,450,246,204,180
PUNJAB,2011,15,541,300,241,180
PUNJAB,2016,15,507,281,225,180
PUNJAB,2021,15,463,254,209,180
PUNJAB,2011,16,551,305,246,180
PUNJAB,2016,16,517,288,229,180
PUNJAB,2021,16,473,260,213,180
PUNJAB,2011,17,555,306,249,180
PUNJAB,2016,17,527,293,233,180
PUNJAB,2021,17,483,266,218,180
PUNJAB,2011,18,555,305,251,180
PUNJAB,2016,18,534,297,237,180
PUNJAB,2021,18,494,272,222,180
PUNJAB,2011,19,551,300,251,180
PUNJAB,2016,19,541,299,242,180
PUNJAB,2021,19,505,278,227,180
PUNJAB,2011,20,549,296,253,180
PUNJAB,2016,20,551,303,248,180
PUNJAB,2021,20,518,285,233,180
PUNJAB,2011,21,551,295,256,180
PUNJAB,2016,21,563,309,254,180
PUNJAB,2021,21,531,293,238,180
PUNJAB,2011,22,548,291,256,180
PUNJAB,2016,22,568,310,257,180
PUNJAB,2021,22,540,298,242,180
PUNJAB,2011,23,539,285,254,180
PUNJAB,2016,23,567,308,258,180
PUNJAB,2021,23,547,301,246,180
PUNJAB,2026,5,382,203,179,180
PUNJAB,2031,5,356,189,168,180
PUNJAB,2036,5,334,177,158,180
PUNJAB,2026,6,388,207,181,180
PUNJAB,2031,6,361,192,170,180
PUNJAB,2036,6,338,179,160,180
PUNJAB,2026,7,394,210,184,180
PUNJAB,2031,7,367,195,172,180
PUNJAB,2036,7,343,181,162,180
PUNJAB,2026,8,399,213,186,180
PUNJAB,2031,8,373,198,174,180
PUNJAB,2036,8,348,184,164,180
PUNJAB,2026,9,403,215,188,180
PUNJAB,2031,9,379,202,177,180
PUNJAB,2036,9,354,188,166,180
PUNJAB,2026,10,408,218,190,180
PUNJAB,2031,10,385,205,180,180
PUNJAB,2036,10,359,191,168,180
PUNJAB,2026,11,413,221,192,180
PUNJAB,2031,11,391,209,182,180
PUNJAB,2036,11,364,194,170,180
PUNJAB,2026,12,417,224,194,180
PUNJAB,2031,12,397,212,185,180
PUNJAB,2036,12,370,197,173,180
PUNJAB,2026,13,422,227,195,180
PUNJAB,2031,13,402,215,187,180
PUNJAB,2036,13,377,201,176,180
PUNJAB,2026,14,426,230,197,180
PUNJAB,2031,14,408,218,190,180
PUNJAB,2036,14,384,205,179,180
PUNJAB,2026,15,428,232,197,180
PUNJAB,2031,15,414,221,193,180
PUNJAB,2036,15,392,209,183,180
PUNJAB,2026,16,430,234,197,180
PUNJAB,2031,16,420,224,196,180
PUNJAB,2036,16,398,213,186,180
PUNJAB,2026,17,436,237,199,180
PUNJAB,2031,17,426,228,198,180
PUNJAB,2036,17,405,216,189,180
PUNJAB,2026,18,446,243,203,180
PUNJAB,2031,18,431,231,201,180
PUNJAB,2036,18,412,220,193,180
PUNJAB,2026,19,460,250,210,180
PUNJAB,2031,19,437,234,203,180
PUNJAB,2036,19,419,223,196,180
PUNJAB,2026,20,475,258,217,180
PUNJAB,2031,20,441,237,204,180
PUNJAB,2036,20,427,227,201,180
PUNJAB,2026,21,487,265,222,180
PUNJAB,2031,21,445,239,206,180
PUNJAB,2036,21,436,230,205,180
PUNJAB,2026,22,498,271,227,180
PUNJAB,2031,22,452,243,209,180
PUNJAB,2036,22,442,234,208,180
PUNJAB,2026,23,507,276,231,180
PUNJAB,2031,23,460,248,212,180
PUNJAB,2036,23,446,236,210,180
UTTARAKHAND,2011,5,203,108,96,184
UTTARAKHAND,2016,5,185,99,86,184
UTTARAKHAND,2021,5,172,94,78,184
UTTARAKHAND,2011,6,207,109,97,184
UTTARAKHAND,2016,6,190,101,89,184
UTTARAKHAND,2021,6,170,93,77,184
UTTARAKHAND,2011,7,210,111,99,184
UTTARAKHAND,2016,7,194,103,91,184
UTTARAKHAND,2021,7,171,94,77,184
UTTARAKHAND,2011,8,213,112,100,184
UTTARAKHAND,2016,8,197,104,93,184
UTTARAKHAND,2021,8,174,95,79,184
UTTARAKHAND,2011,9,216,114,102,184
UTTARAKHAND,2016,9,200,106,94,184
UTTARAKHAND,2021,9,180,98,83,184
UTTARAKHAND,2011,10,220,116,104,184
UTTARAKHAND,2016,10,204,108,96,184
UTTARAKHAND,2021,10,186,100,86,184
UTTARAKHAND,2011,11,224,118,106,184
UTTARAKHAND,2016,11,207,110,97,184
UTTARAKHAND,2021,11,190,102,89,184
UTTARAKHAND,2011,12,226,119,107,184
UTTARAKHAND,2016,12,211,112,99,184
UTTARAKHAND,2021,12,195,103,91,184
UTTARAKHAND,2011,13,226,119,107,184
UTTARAKHAND,2016,13,214,113,101,184
UTTARAKHAND,2021,13,198,105,93,184
UTTARAKHAND,2011,14,223,117,106,184
UTTARAKHAND,2016,14,217,115,102,184
UTTARAKHAND,2021,14,202,107,95,184
UTTARAKHAND,2011,15,222,116,106,184
UTTARAKHAND,2016,15,221,117,104,184
UTTARAKHAND,2021,15,206,109,96,184
UTTARAKHAND,2011,16,223,116,107,184
UTTARAKHAND,2016,16,226,119,107,184
UTTARAKHAND,2021,16,209,111,98,184
UTTARAKHAND,2011,17,221,115,106,184
UTTARAKHAND,2016,17,229,120,108,184
UTTARAKHAND,2021,17,213,113,100,184
UTTARAKHAND,2011,18,217,112,105,184
UTTARAKHAND,2016,18,228,120,108,184
UTTARAKHAND,2021,18,216,115,102,184
UTTARAKHAND,2011,19,210,108,102,184
UTTARAKHAND,2016,19,226,118,108,184
UTTARAKHAND,2021,19,220,116,104,184
UTTARAKHAND,2011,20,204,104,100,184
UTTARAKHAND,2016,20,226,118,108,184
UTTARAKHAND,2021,20,225,119,107,184
UTTARAKHAND,2011,21,200,101,99,184
UTTARAKHAND,2016,21,227,118,109,184
UTTARAKHAND,2021,21,230,121,109,184
UTTARAKHAND,2011,22,195,98,97,184
UTTARAKHAND,2016,22,225,116,108,184
UTTARAKHAND,2021,22,233,122,111,184
UTTARAKHAND,2011,23,189,95,94,184
UTTARAKHAND,2016,23,220,114,107,184
UTTARAKHAND,2021,23,233,122,111,184
UTTARAKHAND,2026,5,173,93,80,184
UTTARAKHAND,2031,5,167,89,78,184
UTTARAKHAND,2036,5,159,84,75,184
UTTARAKHAND,2026,6,174,94,80,184
UTTARAKHAND,2031,6,169,90,79,184
UTTARAKHAND,2036,6,162,85,77,184
UTTARAKHAND,2026,7,175,95,81,184
UTTARAKHAND,2031,7,170,91,79,184
UTTARAKHAND,2036,7,164,87,78,184
UTTARAKHAND,2026,8,176,95,80,184
UTTARAKHAND,2031,8,172,92,80,184
UTTARAKHAND,2036,8,166,88,78,184
UTTARAKHAND,2026,9,175,95,80,184
UTTARAKHAND,2031,9,173,93,80,184
UTTARAKHAND,2036,9,167,89,78,184
UTTARAKHAND,2026,10,173,95,78,184
UTTARAKHAND,2031,10,174,94,80,184
UTTARAKHAND,2036,10,168,90,79,184
UTTARAKHAND,2026,11,171,94,77,184
UTTARAKHAND,2031,11,175,95,80,184
UTTARAKHAND,2036,11,170,91,79,184
UTTARAKHAND,2026,12,172,95,77,184
UTTARAKHAND,2031,12,176,96,81,184
UTTARAKHAND,2036,12,171,92,79,184
UTTARAKHAND,2026,13,176,96,79,184
UTTARAKHAND,2031,13,177,96,81,184
UTTARAKHAND,2036,13,173,93,80,184
UTTARAKHAND,2026,14,182,99,83,184
UTTARAKHAND,2031,14,177,96,81,184
UTTARAKHAND,2036,14,175,94,81,184
UTTARAKHAND,2026,15,188,101,87,184
UTTARAKHAND,2031,15,175,96,79,184
UTTARAKHAND,2036,15,176,95,81,184
UTTARAKHAND,2026,16,193,103,90,184
UTTARAKHAND,2031,16,174,96,78,184
UTTARAKHAND,2036,16,178,97,82,184
UTTARAKHAND,2026,17,197,105,92,184
UTTARAKHAND,2031,17,175,96,79,184
UTTARAKHAND,2036,17,180,97,82,184
UTTARAKHAND,2026,18,201,107,95,184
UTTARAKHAND,2031,18,179,98,81,184
UTTARAKHAND,2036,18,181,98,83,184
UTTARAKHAND,2026,19,205,109,97,184
UTTARAKHAND,2031,19,186,101,85,184
UTTARAKHAND,2036,19,181,98,83,184
UTTARAKHAND,2026,20,210,111,99,184
UTTARAKHAND,2031,20,193,103,90,184
UTTARAKHAND,2036,20,180,98,82,184
UTTARAKHAND,2026,21,214,113,101,184
UTTARAKHAND,2031,21,198,105,93,184
UTTARAKHAND,2036,21,180,98,82,184
UTTARAKHAND,2026,22,218,115,103,184
UTTARAKHAND,2031,22,203,107,96,184
UTTARAKHAND,2036,22,181,99,82,184
UTTARAKHAND,2026,23,221,116,105,184
UTTARAKHAND,2031,23,207,109,98,184
UTTARAKHAND,2036,23,185,101,84,184
HARYANA,2011,5,493,270,223,188
HARYANA,2016,5,484,264,220,188
HARYANA,2021,5,495,270,225,188
HARYANA,2011,6,497,272,225,188
HARYANA,2016,6,479,261,218,188
HARYANA,2021,6,499,274,225,188
HARYANA,2011,7,502,275,227,188
HARYANA,2016,7,478,260,218,188
HARYANA,2021,7,500,275,225,188
HARYANA,2011,8,507,278,228,188
HARYANA,2016,8,481,262,219,188
HARYANA,2021,8,499,274,225,188
HARYANA,2011,9,512,281,230,188
HARYANA,2016,9,489,267,222,188
HARYANA,2021,9,495,272,224,188
HARYANA,2011,10,518,286,232,188
HARYANA,2016,10,496,272,224,188
HARYANA,2021,10,488,267,221,188
HARYANA,2011,11,525,290,235,188
HARYANA,2016,11,501,275,226,188
HARYANA,2021,11,483,264,219,188
HARYANA,2011,12,529,292,236,188
HARYANA,2016,12,506,278,228,188
HARYANA,2021,12,482,263,219,188
HARYANA,2011,13,530,293,237,188
HARYANA,2016,13,512,282,230,188
HARYANA,2021,13,487,266,221,188
HARYANA,2011,14,530,292,237,188
HARYANA,2016,14,519,285,234,188
HARYANA,2021,14,498,272,226,188
HARYANA,2011,15,531,293,238,188
HARYANA,2016,15,528,290,238,188
HARYANA,2021,15,507,277,230,188
HARYANA,2011,16,534,295,240,188
HARYANA,2016,16,536,295,241,188
HARYANA,2021,16,513,280,233,188
HARYANA,2011,17,534,294,240,188
HARYANA,2016,17,541,298,244,188
HARYANA,2021,17,520,284,236,188
HARYANA,2011,18,530,291,239,188
HARYANA,2016,18,545,299,246,188
HARYANA,2021,18,528,288,240,188
HARYANA,2011,19,522,285,237,188
HARYANA,2016,19,545,298,248,188
HARYANA,2021,19,537,292,245,188
HARYANA,2011,20,516,280,236,188
HARYANA,2016,20,551,299,251,188
HARYANA,2021,20,549,297,252,188
HARYANA,2011,21,513,277,236,188
HARYANA,2016,21,557,302,256,188
HARYANA,2021,21,561,302,259,188
HARYANA,2011,22,506,273,234,188
HARYANA,2016,22,558,301,257,188
HARYANA,2021,22,568,305,262,188
HARYANA,2011,23,496,266,230,188
HARYANA,2016,23,551,297,254,188
HARYANA,2021,23,569,306,263,188
HARYANA,2026,5,479,258,221,188
HARYANA,2031,5,450,239,211,188
HARYANA,2036,5,434,229,206,188
HARYANA,2026,6,488,264,224,188
HARYANA,2031,6,454,242,212,188
HARYANA,2036,6,436,229,207,188
HARYANA,2026,7,494,268,226,188
HARYANA,2031,7,460,246,214,188
HARYANA,2036,7,439,232,208,188
HARYANA,2026,8,498,270,227,188
HARYANA,2031,8,467,250,216,188
HARYANA,2036,8,444,235,210,188
HARYANA,2026,9,498,272,227,188
HARYANA,2031,9,475,256,219,188
HARYANA,2036,9,451,239,212,188
HARYANA,2026,10,500,274,226,188
HARYANA,2031,10,484,262,223,188
HARYANA,2036,10,456,243,213,188
HARYANA,2026,11,503,277,226,188
HARYANA,2031,11,493,267,225,188
HARYANA,2036,11,459,246,213,188
HARYANA,2026,12,505,279,227,188
HARYANA,2031,12,500,272,228,188
HARYANA,2036,12,466,250,216,188
HARYANA,2026,13,506,278,227,188
HARYANA,2031,13,505,275,230,188
HARYANA,2036,13,474,255,219,188
HARYANA,2026,14,505,276,228,188
HARYANA,2031,14,508,277,232,188
HARYANA,2036,14,486,261,224,188
HARYANA,2026,15,500,272,228,188
HARYANA,2031,15,512,280,233,188
HARYANA,2036,15,498,268,230,188
HARYANA,2026,16,496,270,227,188
HARYANA,2031,16,518,283,235,188
HARYANA,2036,16,508,274,234,188
HARYANA,2026,17,498,270,228,188
HARYANA,2031,17,522,286,237,188
HARYANA,2036,17,517,279,238,188
HARYANA,2026,18,505,273,232,188
HARYANA,2031,18,525,286,239,188
HARYANA,2036,18,525,283,242,188
HARYANA,2026,19,517,279,238,188
HARYANA,2031,19,526,284,242,188
HARYANA,2036,19,531,285,246,188
HARYANA,2026,20,531,285,246,188
HARYANA,2031,20,526,281,245,188
HARYANA,2036,20,540,289,251,188
HARYANA,2026,21,541,289,252,188
HARYANA,2031,21,527,279,247,188
HARYANA,2036,21,550,294,257,188
HARYANA,2026,22,549,293,256,188
HARYANA,2031,22,529,280,250,188
HARYANA,2036,22,555,296,260,188
HARYANA,2026,23,555,296,258,188
HARYANA,2031,23,534,282,252,188
HARYANA,2036,23,555,295,260,188
NCT OF DELHI,2011,5,297,159,138,192
NCT OF DELHI,2016,5,291,156,135,192
NCT OF DELHI,2021,5,296,161,135,192
NCT OF DELHI,2011,6,301,162,139,192
NCT OF DELHI,2016,6,292,155,136,192
NCT OF DELHI,2021,6,299,164,136,192
NCT OF DELHI,2011,7,306,165,141,192
NCT OF DELHI,2016,7,294,156,138,192
NCT OF DELHI,2021,7,302,166,136,192
NCT OF DELHI,2011,8,310,167,142,192
NCT OF DELHI,2016,8,297,158,139,192
NCT OF DELHI,2021,8,304,166,138,192
NCT OF DELHI,2011,9,314,170,144,192
NCT OF DELHI,2016,9,303,162,140,192
NCT OF DELHI,2021,9,305,166,139,192
NCT OF DELHI,2011,10,318,173,145,192
NCT OF DELHI,2016,10,307,166,141,192
NCT OF DELHI,2021,10,303,164,139,192
NCT OF DELHI,2011,11,323,176,147,192
NCT OF DELHI,2016,11,310,169,141,192
NCT OF DELHI,2021,11,301,163,139,192
NCT OF DELHI,2011,12,326,178,148,192
NCT OF DELHI,2016,12,315,172,143,192
NCT OF DELHI,2021,12,304,164,140,192
NCT OF DELHI,2011,13,329,180,149,192
NCT OF DELHI,2016,13,322,175,147,192
NCT OF DELHI,2021,13,311,167,144,192
NCT OF DELHI,2011,14,331,181,150,192
NCT OF DELHI,2016,14,330,179,151,192
NCT OF DELHI,2021,14,321,172,149,192
NCT OF DELHI,2011,15,333,183,151,192
NCT OF DELHI,2016,15,339,183,156,192
NCT OF DELHI,2021,15,331,178,153,192
NCT OF DELHI,2011,16,336,185,152,192
NCT OF DELHI,2016,16,347,187,160,192
NCT OF DELHI,2021,16,337,181,156,192
NCT OF DELHI,2011,17,338,186,153,192
NCT OF DELHI,2016,17,354,190,163,192
NCT OF DELHI,2021,17,346,185,160,192
NCT OF DELHI,2011,18,340,186,154,192
NCT OF DELHI,2016,18,360,193,167,192
NCT OF DELHI,2021,18,357,190,167,192
NCT OF DELHI,2011,19,341,186,155,192
NCT OF DELHI,2016,19,366,195,171,192
NCT OF DELHI,2021,19,369,195,175,192
NCT OF DELHI,2011,20,343,186,157,192
NCT OF DELHI,2016,20,376,198,177,192
NCT OF DELHI,2021,20,386,201,186,192
NCT OF DELHI,2011,21,346,187,159,192
NCT OF DELHI,2016,21,386,202,184,192
NCT OF DELHI,2021,21,402,206,196,192
NCT OF DELHI,2011,22,346,187,159,192
NCT OF DELHI,2016,22,390,204,186,192
NCT OF DELHI,2021,22,411,210,201,192
NCT OF DELHI,2011,23,344,185,159,192
NCT OF DELHI,2016,23,388,203,185,192
NCT OF DELHI,2021,23,414,212,202,192
NCT OF DELHI,2026,5,300,162,138,192
NCT OF DELHI,2031,5,315,168,147,192
NCT OF DELHI,2036,5,325,172,153,192
NCT OF DELHI,2026,6,299,162,138,192
NCT OF DELHI,2031,6,317,169,147,192
NCT OF DELHI,2036,6,327,174,154,192
NCT OF DELHI,2026,7,300,162,137,192
NCT OF DELHI,2031,7,318,171,147,192
NCT OF DELHI,2036,7,329,175,154,192
NCT OF DELHI,2026,8,302,164,138,192
NCT OF DELHI,2031,8,318,171,147,192
NCT OF DELHI,2036,8,330,176,154,192
NCT OF DELHI,2026,9,306,167,139,192
NCT OF DELHI,2031,9,318,172,146,192
NCT OF DELHI,2036,9,331,177,154,192
NCT OF DELHI,2026,10,309,170,139,192
NCT OF DELHI,2031,10,314,171,143,192
NCT OF DELHI,2036,10,330,178,152,192
NCT OF DELHI,2026,11,310,172,138,192
NCT OF DELHI,2031,11,311,171,141,192
NCT OF DELHI,2036,11,330,179,151,192
NCT OF DELHI,2026,12,314,174,140,192
NCT OF DELHI,2031,12,313,172,141,192
NCT OF DELHI,2036,12,332,181,151,192
NCT OF DELHI,2026,13,319,176,143,192
NCT OF DELHI,2031,13,319,175,144,192
NCT OF DELHI,2036,13,336,183,153,192
NCT OF DELHI,2026,14,325,177,148,192
NCT OF DELHI,2031,14,329,179,150,192
NCT OF DELHI,2036,14,342,185,157,192
NCT OF DELHI,2026,15,329,177,152,192
NCT OF DELHI,2031,15,338,184,154,192
NCT OF DELHI,2036,15,346,186,159,192
NCT OF DELHI,2026,16,331,177,155,192
NCT OF DELHI,2031,16,344,187,156,192
NCT OF DELHI,2036,16,347,187,160,192
NCT OF DELHI,2026,17,338,179,159,192
NCT OF DELHI,2031,17,351,191,161,192
NCT OF DELHI,2036,17,354,190,164,192
NCT OF DELHI,2026,18,349,183,166,192
NCT OF DELHI,2031,18,361,194,168,192
NCT OF DELHI,2036,18,365,194,171,192
NCT OF DELHI,2026,19,365,190,175,192
NCT OF DELHI,2031,19,373,196,177,192
NCT OF DELHI,2036,19,381,200,181,192
NCT OF DELHI,2026,20,383,197,186,192
NCT OF DELHI,2031,20,387,198,189,192
NCT OF DELHI,2036,20,401,207,194,192
NCT OF DELHI,2026,21,399,203,196,192
NCT OF DELHI,2031,21,399,200,199,192
NCT OF DELHI,2036,21,418,213,204,192
NCT OF DELHI,2026,22,410,208,202,192
NCT OF DELHI,2031,22,409,203,205,192
NCT OF DELHI,2036,22,428,217,211,192
NCT OF DELHI,2026,23,416,211,205,192
NCT OF DELHI,2031,23,415,207,208,192
NCT OF DELHI,2036,23,433,219,214,192
RAJASTHAN,2011,5,1581,836,745,196
RAJASTHAN,2016,5,1548,821,727,196
RAJASTHAN,2021,5,1573,844,729,196
RAJASTHAN,2011,6,1590,841,749,196
RAJASTHAN,2016,6,1518,800,718,196
RAJASTHAN,2021,6,1591,857,734,196
RAJASTHAN,2011,7,1597,845,752,196
RAJASTHAN,2016,7,1505,790,715,196
RAJASTHAN,2021,7,1595,859,736,196
RAJASTHAN,2011,8,1601,847,754,196
RAJASTHAN,2016,8,1510,792,718,196
RAJASTHAN,2021,8,1585,851,734,196
RAJASTHAN,2011,9,1603,849,755,196
RAJASTHAN,2016,9,1533,805,728,196
RAJASTHAN,2021,9,1560,831,729,196
RAJASTHAN,2011,10,1617,856,761,196
RAJASTHAN,2016,10,1558,820,739,196
RAJASTHAN,2021,10,1526,805,721,196
RAJASTHAN,2011,11,1633,865,768,196
RAJASTHAN,2016,11,1572,827,746,196
RAJASTHAN,2021,11,1501,786,715,196
RAJASTHAN,2011,12,1630,864,767,196
RAJASTHAN,2016,12,1582,832,750,196
RAJASTHAN,2021,12,1491,778,713,196
RAJASTHAN,2011,13,1610,853,757,196
RAJASTHAN,2016,13,1586,834,752,196
RAJASTHAN,2021,13,1496,780,716,196
RAJASTHAN,2011,14,1571,832,739,196
RAJASTHAN,2016,14,1585,834,751,196
RAJASTHAN,2021,14,1516,792,724,196
RAJASTHAN,2011,15,1536,814,722,196
RAJASTHAN,2016,15,1597,841,756,196
RAJASTHAN,2021,15,1539,805,734,196
RAJASTHAN,2011,16,1514,803,712,196
RAJASTHAN,2016,16,1612,849,762,196
RAJASTHAN,2021,16,1552,812,740,196
RAJASTHAN,2011,17,1485,787,698,196
RAJASTHAN,2016,17,1608,848,761,196
RAJASTHAN,2021,17,1560,817,744,196
RAJASTHAN,2011,18,1448,767,682,196
RAJASTHAN,2016,18,1587,836,750,196
RAJASTHAN,2021,18,1563,818,745,196
RAJASTHAN,2011,19,1404,742,662,196
RAJASTHAN,2016,19,1547,815,731,196
RAJASTHAN,2021,19,1561,818,743,196
RAJASTHAN,2011,20,1359,717,642,196
RAJASTHAN,2016,20,1511,797,714,196
RAJASTHAN,2021,20,1571,824,747,196
RAJASTHAN,2011,21,1318,694,624,196
RAJASTHAN,2016,21,1487,785,702,196
RAJASTHAN,2021,21,1583,831,753,196
RAJASTHAN,2011,22,1279,673,607,196
RAJASTHAN,2016,22,1457,769,688,196
RAJASTHAN,2021,22,1579,829,750,196
RAJASTHAN,2011,23,1242,651,591,196
RAJASTHAN,2016,23,1421,749,672,196
RAJASTHAN,2021,23,1558,817,740,196
RAJASTHAN,2026,5,1482,786,696,196
RAJASTHAN,2031,5,1384,727,657,196
RAJASTHAN,2036,5,1292,677,615,196
RAJASTHAN,2026,6,1496,795,701,196
RAJASTHAN,2031,6,1401,737,664,196
RAJASTHAN,2036,6,1300,680,619,196
RAJASTHAN,2026,7,1508,802,706,196
RAJASTHAN,2031,7,1417,747,670,196
RAJASTHAN,2036,7,1312,686,625,196
RAJASTHAN,2026,8,1520,809,711,196
RAJASTHAN,2031,8,1432,755,677,196
RAJASTHAN,2036,8,1329,696,633,196
RAJASTHAN,2026,9,1531,815,715,196
RAJASTHAN,2031,9,1447,763,683,196
RAJASTHAN,2036,9,1350,708,642,196
RAJASTHAN,2026,10,1552,829,723,196
RAJASTHAN,2031,10,1463,772,691,196
RAJASTHAN,2036,10,1373,721,652,196
RAJASTHAN,2026,11,1574,843,731,196
RAJASTHAN,2031,11,1480,782,698,196
RAJASTHAN,2036,11,1394,733,661,196
RAJASTHAN,2026,12,1580,846,734,196
RAJASTHAN,2031,12,1494,790,704,196
RAJASTHAN,2036,12,1411,742,669,196
RAJASTHAN,2026,13,1570,837,732,196
RAJASTHAN,2031,13,1505,797,709,196
RAJASTHAN,2036,13,1426,751,675,196
RAJASTHAN,2026,14,1543,818,726,196
RAJASTHAN,2031,14,1514,802,712,196
RAJASTHAN,2036,14,1438,758,680,196
RAJASTHAN,2026,15,1507,791,716,196
RAJASTHAN,2031,15,1533,814,718,196
RAJASTHAN,2036,15,1453,766,686,196
RAJASTHAN,2026,16,1482,772,709,196
RAJASTHAN,2031,16,1554,828,726,196
RAJASTHAN,2036,16,1469,776,693,196
RAJASTHAN,2026,17,1471,763,707,196
RAJASTHAN,2031,17,1559,831,728,196
RAJASTHAN,2036,17,1482,783,699,196
RAJASTHAN,2026,18,1474,764,710,196
RAJASTHAN,2031,18,1548,822,726,196
RAJASTHAN,2036,18,1492,789,702,196
RAJASTHAN,2026,19,1492,776,717,196
RAJASTHAN,2031,19,1520,801,718,196
RAJASTHAN,2036,19,1498,794,705,196
RAJASTHAN,2026,20,1513,788,725,196
RAJASTHAN,2031,20,1482,774,707,196
RAJASTHAN,2036,20,1515,805,710,196
RAJASTHAN,2026,21,1524,794,730,196
RAJASTHAN,2031,21,1454,755,700,196
RAJASTHAN,2036,21,1534,818,716,196
RAJASTHAN,2026,22,1531,798,734,196
RAJASTHAN,2031,22,1443,745,697,196
RAJASTHAN,2036,22,1538,820,718,196
RAJASTHAN,2026,23,1535,800,735,196
RAJASTHAN,2031,23,1447,746,700,196
RAJASTHAN,2036,23,1527,811,716,196
UTTAR PRADESH,2011,5,4725,2487,2239,200
UTTAR PRADESH,2016,5,4519,2384,2135,200
UTTAR PRADESH,2021,5,4842,2589,2252,200
UTTAR PRADESH,2011,6,4815,2538,2277,200
UTTAR PRADESH,2016,6,4324,2267,2057,200
UTTAR PRADESH,2021,6,4904,2632,2272,200
UTTAR PRADESH,2011,7,4881,2576,2305,200
UTTAR PRADESH,2016,7,4249,2220,2029,200
UTTAR PRADESH,2021,7,4896,2628,2268,200
UTTAR PRADESH,2011,8,4924,2602,2323,200
UTTAR PRADESH,2016,8,4296,2244,2051,200
UTTAR PRADESH,2021,8,4818,2579,2239,200
UTTAR PRADESH,2011,9,4944,2614,2330,200
UTTAR PRADESH,2016,9,4463,2340,2123,200
UTTAR PRADESH,2021,9,4670,2484,2186,200
UTTAR PRADESH,2011,10,5019,2655,2363,200
UTTAR PRADESH,2016,10,4653,2447,2207,200
UTTAR PRADESH,2021,10,4450,2345,2105,200
UTTAR PRADESH,2011,11,5109,2706,2403,200
UTTAR PRADESH,2016,11,4763,2507,2257,200
UTTAR PRADESH,2021,11,4276,2237,2039,200
UTTAR PRADESH,2011,12,5116,2712,2404,200
UTTAR PRADESH,2016,12,4838,2549,2290,200
UTTAR PRADESH,2021,12,4211,2194,2017,200
UTTAR PRADESH,2011,13,5040,2674,2366,200
UTTAR PRADESH,2016,13,4878,2573,2305,200
UTTAR PRADESH,2021,13,4253,2217,2036,200
UTTAR PRADESH,2011,14,4881,2592,2288,200
UTTAR PRADESH,2016,14,4883,2579,2304,200
UTTAR PRADESH,2021,14,4404,2306,2099,200
UTTAR PRADESH,2011,15,4747,2526,2221,200
UTTAR PRADESH,2016,15,4944,2615,2329,200
UTTAR PRADESH,2021,15,4580,2407,2173,200
UTTAR PRADESH,2011,16,4669,2489,2180,200
UTTAR PRADESH,2016,16,5029,2663,2366,200
UTTAR PRADESH,2021,16,4684,2464,2220,200
UTTAR PRADESH,2011,17,4552,2429,2124,200
UTTAR PRADESH,2016,17,5029,2667,2362,200
UTTAR PRADESH,2021,17,4750,2503,2247,200
UTTAR PRADESH,2011,18,4396,2344,2052,200
UTTAR PRADESH,2016,18,4944,2625,2318,200
UTTAR PRADESH,2021,18,4780,2523,2256,200
UTTAR PRADESH,2011,19,4201,2237,1964,200
UTTAR PRADESH,2016,19,4773,2539,2233,200
UTTAR PRADESH,2021,19,4772,2525,2247,200
UTTAR PRADESH,2011,20,3992,2124,1868,200
UTTAR PRADESH,2016,20,4620,2467,2153,200
UTTAR PRADESH,2021,20,4812,2554,2258,200
UTTAR PRADESH,2011,21,3808,2027,1781,200
UTTAR PRADESH,2016,21,4524,2424,2101,200
UTTAR PRADESH,2021,21,4877,2595,2282,200
UTTAR PRADESH,2011,22,3646,1938,1709,200
UTTAR PRADESH,2016,22,4401,2361,2040,200
UTTAR PRADESH,2021,22,4870,2595,2274,200
UTTAR PRADESH,2011,23,3507,1856,1651,200
UTTAR PRADESH,2016,23,4251,2278,1973,200
UTTAR PRADESH,2021,23,4790,2555,2235,200
UTTAR PRADESH,2026,5,4516,2396,2119,200
UTTAR PRADESH,2031,5,4035,2128,1907,200
UTTAR PRADESH,2036,5,3633,1907,1727,200
UTTAR PRADESH,2026,6,4606,2448,2158,200
UTTAR PRADESH,2031,6,4107,2169,1939,200
UTTAR PRADESH,2036,6,3656,1918,1738,200
UTTAR PRADESH,2026,7,4668,2484,2185,200
UTTAR PRADESH,2031,7,4183,2211,1972,200
UTTAR PRADESH,2036,7,3704,1944,1760,200
UTTAR PRADESH,2026,8,4704,2505,2199,200
UTTAR PRADESH,2031,8,4262,2255,2007,200
UTTAR PRADESH,2036,8,3777,1984,1793,200
UTTAR PRADESH,2026,9,4712,2511,2201,200
UTTAR PRADESH,2031,9,4345,2301,2044,200
UTTAR PRADESH,2036,9,3875,2038,1838,200
UTTAR PRADESH,2026,10,4774,2551,2224,200
UTTAR PRADESH,2031,10,4453,2360,2093,200
UTTAR PRADESH,2036,10,3978,2093,1884,200
UTTAR PRADESH,2026,11,4855,2600,2254,200
UTTAR PRADESH,2031,11,4559,2417,2142,200
UTTAR PRADESH,2036,11,4063,2140,1924,200
UTTAR PRADESH,2026,12,4854,2600,2254,200
UTTAR PRADESH,2031,12,4627,2456,2171,200
UTTAR PRADESH,2036,12,4143,2184,1959,200
UTTAR PRADESH,2026,13,4772,2549,2223,200
UTTAR PRADESH,2031,13,4657,2475,2182,200
UTTAR PRADESH,2036,13,4217,2226,1991,200
UTTAR PRADESH,2026,14,4609,2449,2161,200
UTTAR PRADESH,2031,14,4650,2475,2175,200
UTTAR PRADESH,2036,14,4284,2266,2019,200
UTTAR PRADESH,2026,15,4376,2305,2071,200
UTTAR PRADESH,2031,15,4698,2509,2189,200
UTTAR PRADESH,2036,15,4378,2319,2059,200
UTTAR PRADESH,2026,16,4197,2194,2002,200
UTTAR PRADESH,2031,16,4771,2556,2216,200
UTTAR PRADESH,2036,16,4476,2373,2103,200
UTTAR PRADESH,2026,17,4123,2149,1974,200
UTTAR PRADESH,2031,17,4762,2552,2210,200
UTTAR PRADESH,2036,17,4534,2408,2126,200
UTTAR PRADESH,2026,18,4155,2168,1987,200
UTTAR PRADESH,2031,18,4669,2498,2172,200
UTTAR PRADESH,2036,18,4553,2423,2130,200
UTTAR PRADESH,2026,19,4292,2251,2041,200
UTTAR PRADESH,2031,19,4494,2393,2101,200
UTTAR PRADESH,2036,19,4533,2418,2114,200
UTTAR PRADESH,2026,20,4446,2345,2101,200
UTTAR PRADESH,2031,20,4240,2242,1997,200
UTTAR PRADESH,2036,20,4558,2444,2113,200
UTTAR PRADESH,2026,21,4529,2395,2134,200
UTTAR PRADESH,2031,21,4041,2126,1915,200
UTTAR PRADESH,2036,21,4609,2484,2125,200
UTTAR PRADESH,2026,22,4588,2431,2157,200
UTTAR PRADESH,2031,22,3960,2077,1883,200
UTTAR PRADESH,2036,22,4592,2477,2115,200
UTTAR PRADESH,2026,23,4623,2452,2171,200
UTTAR PRADESH,2031,23,3998,2097,1901,200
UTTAR PRADESH,2036,23,4507,2424,2083,200
BIHAR,2011,5,2883,1489,1394,204
BIHAR,2016,5,2834,1462,1372,204
BIHAR,2021,5,2733,1443,1290,204
BIHAR,2011,6,2886,1495,1391,204
BIHAR,2016,6,2844,1454,1391,204
BIHAR,2021,6,2746,1454,1291,204
BIHAR,2011,7,2869,1491,1378,204
BIHAR,2016,7,2848,1449,1399,204
BIHAR,2021,7,2757,1458,1298,204
BIHAR,2011,8,2832,1477,1355,204
BIHAR,2016,8,2844,1449,1396,204
BIHAR,2021,8,2766,1456,1310,204
BIHAR,2011,9,2774,1452,1322,204
BIHAR,2016,9,2834,1452,1382,204
BIHAR,2021,9,2775,1447,1328,204
BIHAR,2011,10,2744,1443,1301,204
BIHAR,2016,10,2841,1464,1377,204
BIHAR,2021,10,2793,1437,1356,204
BIHAR,2011,11,2728,1441,1287,204
BIHAR,2016,11,2853,1473,1380,204
BIHAR,2021,11,2811,1432,1380,204
BIHAR,2011,12,2670,1416,1254,204
BIHAR,2016,12,2839,1470,1369,204
BIHAR,2021,12,2817,1428,1389,204
BIHAR,2011,13,2569,1367,1202,204
BIHAR,2016,13,2798,1454,1343,204
BIHAR,2021,13,2809,1426,1383,204
BIHAR,2011,14,2427,1295,1131,204
BIHAR,2016,14,2730,1426,1304,204
BIHAR,2021,14,2788,1425,1362,204
BIHAR,2011,15,2269,1219,1050,204
BIHAR,2016,15,2691,1414,1277,204
BIHAR,2021,15,2785,1433,1352,204
BIHAR,2011,16,2139,1158,981,204
BIHAR,2016,16,2669,1410,1260,204
BIHAR,2021,16,2791,1440,1351,204
BIHAR,2011,17,2032,1104,928,204
BIHAR,2016,17,2605,1382,1223,204
BIHAR,2021,17,2770,1435,1335,204
BIHAR,2011,18,1947,1056,891,204
BIHAR,2016,18,2498,1331,1166,204
BIHAR,2021,18,2721,1416,1304,204
BIHAR,2011,19,1886,1014,871,204
BIHAR,2016,19,2348,1257,1090,204
BIHAR,2021,19,2644,1386,1259,204
BIHAR,2011,20,1804,963,842,204
BIHAR,2016,20,2176,1177,999,204
BIHAR,2021,20,2589,1369,1221,204
BIHAR,2011,21,1708,907,801,204
BIHAR,2016,21,2033,1113,921,204
BIHAR,2021,21,2553,1360,1193,204
BIHAR,2011,22,1641,866,775,204
BIHAR,2016,22,1923,1057,865,204
BIHAR,2021,22,2484,1331,1153,204
BIHAR,2011,23,1603,840,764,204
BIHAR,2016,23,1844,1011,833,204
BIHAR,2021,23,2383,1281,1102,204
BIHAR,2026,5,2701,1419,1282,204
BIHAR,2031,5,2821,1478,1343,204
BIHAR,2036,5,2771,1449,1322,204
BIHAR,2026,6,2641,1387,1253,204
BIHAR,2031,6,2816,1476,1340,204
BIHAR,2036,6,2804,1466,1338,204
BIHAR,2026,7,2612,1373,1239,204
BIHAR,2031,7,2798,1467,1332,204
BIHAR,2036,7,2818,1473,1345,204
BIHAR,2026,8,2616,1375,1241,204
BIHAR,2031,8,2767,1450,1317,204
BIHAR,2036,8,2814,1470,1343,204
BIHAR,2026,9,2652,1394,1259,204
BIHAR,2031,9,2723,1426,1296,204
BIHAR,2036,9,2791,1458,1333,204
BIHAR,2026,10,2694,1418,1275,204
BIHAR,2031,10,2661,1393,1268,204
BIHAR,2036,10,2781,1452,1329,204
BIHAR,2026,11,2713,1432,1282,204
BIHAR,2031,11,2608,1365,1243,204
BIHAR,2036,11,2783,1452,1331,204
BIHAR,2026,12,2725,1436,1289,204
BIHAR,2031,12,2581,1351,1230,204
BIHAR,2036,12,2766,1443,1322,204
BIHAR,2026,13,2730,1432,1298,204
BIHAR,2031,13,2580,1351,1229,204
BIHAR,2036,13,2729,1425,1304,204
BIHAR,2026,14,2728,1419,1309,204
BIHAR,2031,14,2604,1365,1239,204
BIHAR,2036,14,2672,1397,1275,204
BIHAR,2026,15,2735,1406,1329,204
BIHAR,2031,15,2634,1385,1248,204
BIHAR,2036,15,2599,1359,1240,204
BIHAR,2026,16,2747,1398,1349,204
BIHAR,2031,16,2646,1396,1250,204
BIHAR,2036,16,2539,1328,1211,204
BIHAR,2026,17,2745,1391,1354,204
BIHAR,2031,17,2651,1398,1253,204
BIHAR,2036,17,2503,1311,1192,204
BIHAR,2026,18,2728,1386,1342,204
BIHAR,2031,18,2646,1391,1256,204
BIHAR,2036,18,2492,1308,1185,204
BIHAR,2026,19,2698,1383,1315,204
BIHAR,2031,19,2634,1375,1259,204
BIHAR,2036,19,2506,1319,1187,204
BIHAR,2026,20,2678,1386,1292,204
BIHAR,2031,20,2623,1356,1267,204
BIHAR,2036,20,2517,1333,1183,204
BIHAR,2026,21,2668,1388,1280,204
BIHAR,2031,21,2617,1342,1275,204
BIHAR,2036,21,2511,1338,1172,204
BIHAR,2026,22,2642,1380,1261,204
BIHAR,2031,22,2610,1334,1276,204
BIHAR,2036,22,2509,1338,1171,204
BIHAR,2026,23,2599,1363,1236,204
BIHAR,2031,23,2600,1330,1270,204
BIHAR,2036,23,2513,1332,1180,204
ASSAM,2011,5,688,350,338,208
ASSAM,2016,5,649,332,316,208
ASSAM,2021,5,596,312,284,208
ASSAM,2011,6,691,352,339,208
ASSAM,2016,6,664,337,327,208
ASSAM,2021,6,590,310,280,208
ASSAM,2011,7,692,353,339,208
ASSAM,2016,7,674,341,333,208
ASSAM,2021,7,592,311,281,208
ASSAM,2011,8,691,353,338,208
ASSAM,2016,8,679,343,336,208
ASSAM,2021,8,602,315,287,208
ASSAM,2011,9,688,352,336,208
ASSAM,2016,9,679,344,334,208
ASSAM,2021,9,620,321,299,208
ASSAM,2011,10,688,352,335,208
ASSAM,2016,10,681,347,334,208
ASSAM,2021,10,643,329,314,208
ASSAM,2011,11,689,354,335,208
ASSAM,2016,11,687,350,337,208
ASSAM,2021,11,660,335,325,208
ASSAM,2011,12,685,352,333,208
ASSAM,2016,12,689,351,338,208
ASSAM,2021,12,671,339,332,208
ASSAM,2011,13,677,348,329,208
ASSAM,2016,13,688,351,337,208
ASSAM,2021,13,676,341,334,208
ASSAM,2011,14,663,340,323,208
ASSAM,2016,14,683,349,334,208
ASSAM,2021,14,674,342,332,208
ASSAM,2011,15,648,332,316,208
ASSAM,2016,15,681,349,332,208
ASSAM,2021,15,675,344,331,208
ASSAM,2011,16,636,326,310,208
ASSAM,2016,16,682,350,331,208
ASSAM,2021,16,680,347,334,208
ASSAM,2011,17,626,320,306,208
ASSAM,2016,17,677,349,329,208
ASSAM,2021,17,682,348,334,208
ASSAM,2011,18,617,314,303,208
ASSAM,2016,18,668,343,325,208
ASSAM,2021,18,680,347,332,208
ASSAM,2011,19,610,308,301,208
ASSAM,2016,19,653,335,318,208
ASSAM,2021,19,674,345,329,208
ASSAM,2011,20,602,302,300,208
ASSAM,2016,20,637,327,311,208
ASSAM,2021,20,671,345,327,208
ASSAM,2011,21,594,296,298,208
ASSAM,2016,21,625,321,304,208
ASSAM,2021,21,671,345,325,208
ASSAM,2011,22,585,290,295,208
ASSAM,2016,22,614,315,300,208
ASSAM,2021,22,666,343,323,208
ASSAM,2011,23,577,286,291,208
ASSAM,2016,23,606,309,297,208
ASSAM,2021,23,657,338,319,208
ASSAM,2026,5,591,308,284,208
ASSAM,2031,5,569,295,275,208
ASSAM,2036,5,549,283,266,208
ASSAM,2026,6,595,310,285,208
ASSAM,2031,6,571,296,275,208
ASSAM,2036,6,553,285,268,208
ASSAM,2026,7,597,311,286,208
ASSAM,2031,7,573,297,276,208
ASSAM,2036,7,557,287,270,208
ASSAM,2026,8,598,312,286,208
ASSAM,2031,8,577,299,277,208
ASSAM,2036,8,560,289,271,208
ASSAM,2026,9,597,312,286,208
ASSAM,2031,9,581,302,279,208
ASSAM,2036,9,563,291,272,208
ASSAM,2026,10,591,310,282,208
ASSAM,2031,10,587,305,282,208
ASSAM,2036,10,565,292,273,208
ASSAM,2026,11,587,309,278,208
ASSAM,2031,11,592,308,284,208
ASSAM,2036,11,568,294,274,208
ASSAM,2026,12,589,310,280,208
ASSAM,2031,12,595,310,285,208
ASSAM,2036,12,571,296,275,208
ASSAM,2026,13,599,313,286,208
ASSAM,2031,13,595,310,285,208
ASSAM,2036,13,574,298,276,208
ASSAM,2026,14,616,319,297,208
ASSAM,2031,14,593,309,284,208
ASSAM,2036,14,577,300,277,208
ASSAM,2026,15,637,326,311,208
ASSAM,2031,15,586,307,279,208
ASSAM,2036,15,582,302,279,208
ASSAM,2026,16,654,332,322,208
ASSAM,2031,16,581,306,275,208
ASSAM,2036,16,586,305,281,208
ASSAM,2026,17,664,336,328,208
ASSAM,2031,17,583,306,276,208
ASSAM,2036,17,589,307,282,208
ASSAM,2026,18,668,338,330,208
ASSAM,2031,18,592,310,282,208
ASSAM,2036,18,588,307,281,208
ASSAM,2026,19,666,338,328,208
ASSAM,2031,19,608,315,293,208
ASSAM,2036,19,585,306,280,208
ASSAM,2026,20,665,339,326,208
ASSAM,2031,20,628,322,306,208
ASSAM,2036,20,578,303,274,208
ASSAM,2026,21,669,342,328,208
ASSAM,2031,21,643,327,316,208
ASSAM,2036,21,571,301,270,208
ASSAM,2026,22,670,343,328,208
ASSAM,2031,22,653,331,322,208
ASSAM,2036,22,573,302,271,208
ASSAM,2026,23,668,342,326,208
ASSAM,2031,23,657,333,324,208
ASSAM,2036,23,582,305,277,208
WEST BENGAL,2011,5,1598,815,783,212
WEST BENGAL,2016,5,1452,741,711,212
WEST BENGAL,2021,5,1318,681,637,212
WEST BENGAL,2011,6,1625,830,795,212
WEST BENGAL,2016,6,1482,752,729,212
WEST BENGAL,2021,6,1330,688,642,212
WEST BENGAL,2011,7,1651,844,807,212
WEST BENGAL,2016,7,1510,765,745,212
WEST BENGAL,2021,7,1350,698,652,212
WEST BENGAL,2011,8,1678,858,820,212
WEST BENGAL,2016,8,1537,779,758,212
WEST BENGAL,2021,8,1376,710,667,212
WEST BENGAL,2011,9,1704,872,832,212
WEST BENGAL,2016,9,1564,795,769,212
WEST BENGAL,2021,9,1410,724,686,212
WEST BENGAL,2011,10,1739,891,848,212
WEST BENGAL,2016,10,1591,811,780,212
WEST BENGAL,2021,10,1445,737,708,212
WEST BENGAL,2011,11,1775,910,864,212
WEST BENGAL,2016,11,1618,826,792,212
WEST BENGAL,2021,11,1476,749,727,212
WEST BENGAL,2011,12,1796,922,874,212
WEST BENGAL,2016,12,1645,840,805,212
WEST BENGAL,2021,12,1504,762,742,212
WEST BENGAL,2011,13,1805,927,878,212
WEST BENGAL,2016,13,1671,854,816,212
WEST BENGAL,2021,13,1531,776,755,212
WEST BENGAL,2011,14,1800,924,876,212
WEST BENGAL,2016,14,1695,868,827,212
WEST BENGAL,2021,14,1556,791,765,212
WEST BENGAL,2011,15,1803,926,877,212
WEST BENGAL,2016,15,1729,886,843,212
WEST BENGAL,2021,15,1581,806,775,212
WEST BENGAL,2011,16,1815,933,881,212
WEST BENGAL,2016,16,1763,905,858,212
WEST BENGAL,2021,16,1608,821,787,212
WEST BENGAL,2011,17,1815,933,882,212
WEST BENGAL,2016,17,1784,916,868,212
WEST BENGAL,2021,17,1634,835,799,212
WEST BENGAL,2011,18,1804,927,878,212
WEST BENGAL,2016,18,1792,920,871,212
WEST BENGAL,2021,18,1658,848,810,212
WEST BENGAL,2011,19,1782,913,869,212
WEST BENGAL,2016,19,1786,917,868,212
WEST BENGAL,2021,19,1682,861,820,212
WEST BENGAL,2011,20,1766,902,864,212
WEST BENGAL,2016,20,1787,919,868,212
WEST BENGAL,2021,20,1713,879,834,212
WEST BENGAL,2011,21,1758,896,862,212
WEST BENGAL,2016,21,1796,925,871,212
WEST BENGAL,2021,21,1745,897,849,212
WEST BENGAL,2011,22,1740,885,855,212
WEST BENGAL,2016,22,1796,925,871,212
WEST BENGAL,2021,22,1766,908,858,212
WEST BENGAL,2011,23,1713,870,843,212
WEST BENGAL,2016,23,1786,918,868,212
WEST BENGAL,2021,23,1773,912,861,212
WEST BENGAL,2026,5,1237,638,600,212
WEST BENGAL,2031,5,1170,603,568,212
WEST BENGAL,2036,5,1088,560,528,212
WEST BENGAL,2026,6,1247,643,604,212
WEST BENGAL,2031,6,1185,610,575,212
WEST BENGAL,2036,6,1106,569,537,212
WEST BENGAL,2026,7,1260,649,610,212
WEST BENGAL,2031,7,1199,617,581,212
WEST BENGAL,2036,7,1123,578,545,212
WEST BENGAL,2026,8,1276,658,618,212
WEST BENGAL,2031,8,1211,624,587,212
WEST BENGAL,2036,8,1137,585,552,212
WEST BENGAL,2026,9,1296,668,628,212
WEST BENGAL,2031,9,1222,630,593,212
WEST BENGAL,2036,9,1151,592,559,212
WEST BENGAL,2026,10,1312,677,634,212
WEST BENGAL,2031,10,1232,635,597,212
WEST BENGAL,2036,10,1165,600,566,212
WEST BENGAL,2026,11,1325,685,640,212
WEST BENGAL,2031,11,1242,640,602,212
WEST BENGAL,2036,11,1181,608,573,212
WEST BENGAL,2026,12,1345,695,650,212
WEST BENGAL,2031,12,1255,647,608,212
WEST BENGAL,2036,12,1195,615,580,212
WEST BENGAL,2026,13,1371,707,664,212
WEST BENGAL,2031,13,1271,655,616,212
WEST BENGAL,2036,13,1206,621,585,212
WEST BENGAL,2026,14,1403,720,683,212
WEST BENGAL,2031,14,1289,665,625,212
WEST BENGAL,2036,14,1216,626,590,212
WEST BENGAL,2026,15,1437,733,704,212
WEST BENGAL,2031,15,1304,673,630,212
WEST BENGAL,2036,15,1224,631,594,212
WEST BENGAL,2026,16,1466,744,722,212
WEST BENGAL,2031,16,1316,681,635,212
WEST BENGAL,2036,16,1234,636,598,212
WEST BENGAL,2026,17,1494,757,737,212
WEST BENGAL,2031,17,1335,690,645,212
WEST BENGAL,2036,17,1246,642,604,212
WEST BENGAL,2026,18,1519,770,749,212
WEST BENGAL,2031,18,1360,701,658,212
WEST BENGAL,2036,18,1260,650,610,212
WEST BENGAL,2026,19,1543,785,758,212
WEST BENGAL,2031,19,1391,714,677,212
WEST BENGAL,2036,19,1278,659,619,212
WEST BENGAL,2026,20,1566,799,767,212
WEST BENGAL,2031,20,1423,726,696,212
WEST BENGAL,2036,20,1290,667,623,212
WEST BENGAL,2026,21,1591,813,778,212
WEST BENGAL,2031,21,1450,737,713,212
WEST BENGAL,2036,21,1301,674,627,212
WEST BENGAL,2026,22,1616,827,789,212
WEST BENGAL,2031,22,1477,749,728,212
WEST BENGAL,2036,22,1319,683,636,212
WEST BENGAL,2026,23,1641,840,800,212
WEST BENGAL,2031,23,1503,763,740,212
WEST BENGAL,2036,23,1344,694,650,212
JHARKHAND,2011,5,805,412,394,216
JHARKHAND,2016,5,772,396,376,216
JHARKHAND,2021,5,720,377,342,216
JHARKHAND,2011,6,808,414,394,216
JHARKHAND,2016,6,788,401,387,216
JHARKHAND,2021,6,712,375,337,216
JHARKHAND,2011,7,807,414,393,216
JHARKHAND,2016,7,799,405,394,216
JHARKHAND,2021,7,713,375,337,216
JHARKHAND,2011,8,804,413,391,216
JHARKHAND,2016,8,802,407,395,216
JHARKHAND,2021,8,723,379,344,216
JHARKHAND,2011,9,797,410,387,216
JHARKHAND,2016,9,800,407,393,216
JHARKHAND,2021,9,742,385,357,216
JHARKHAND,2011,10,797,411,386,216
JHARKHAND,2016,10,799,408,391,216
JHARKHAND,2021,10,766,393,373,216
JHARKHAND,2011,11,799,413,386,216
JHARKHAND,2016,11,803,411,393,216
JHARKHAND,2021,11,784,399,386,216
JHARKHAND,2011,12,791,410,381,216
JHARKHAND,2016,12,804,411,393,216
JHARKHAND,2021,12,795,402,393,216
JHARKHAND,2011,13,772,401,371,216
JHARKHAND,2016,13,800,410,390,216
JHARKHAND,2021,13,799,404,395,216
JHARKHAND,2011,14,743,386,357,216
JHARKHAND,2016,14,793,408,386,216
JHARKHAND,2021,14,796,404,392,216
JHARKHAND,2011,15,712,372,341,216
JHARKHAND,2016,15,793,409,385,216
JHARKHAND,2021,15,796,405,391,216
JHARKHAND,2011,16,689,361,328,216
JHARKHAND,2016,16,796,411,385,216
JHARKHAND,2021,16,801,408,393,216
JHARKHAND,2011,17,667,350,317,216
JHARKHAND,2016,17,788,407,381,216
JHARKHAND,2021,17,801,409,392,216
JHARKHAND,2011,18,648,339,309,216
JHARKHAND,2016,18,769,398,371,216
JHARKHAND,2021,18,798,408,390,216
JHARKHAND,2011,19,631,329,303,216
JHARKHAND,2016,19,740,384,357,216
JHARKHAND,2021,19,791,405,386,216
JHARKHAND,2011,20,611,317,295,216
JHARKHAND,2016,20,710,369,341,216
JHARKHAND,2021,20,791,405,385,216
JHARKHAND,2011,21,590,304,286,216
JHARKHAND,2016,21,686,358,329,216
JHARKHAND,2021,21,793,407,386,216
JHARKHAND,2011,22,573,295,279,216
JHARKHAND,2016,22,665,347,318,216
JHARKHAND,2021,22,785,404,381,216
JHARKHAND,2011,23,561,287,274,216
JHARKHAND,2016,23,645,336,309,216
JHARKHAND,2021,23,766,395,372,216
JHARKHAND,2026,5,724,377,348,216
JHARKHAND,2031,5,711,368,343,216
JHARKHAND,2036,5,687,354,333,216
JHARKHAND,2026,6,726,378,348,216
JHARKHAND,2031,6,714,370,344,216
JHARKHAND,2036,6,693,357,336,216
JHARKHAND,2026,7,726,378,347,216
JHARKHAND,2031,7,716,371,345,216
JHARKHAND,2036,7,698,360,338,216
JHARKHAND,2026,8,725,378,347,216
JHARKHAND,2031,8,718,372,345,216
JHARKHAND,2036,8,702,362,340,216
JHARKHAND,2026,9,723,377,346,216
JHARKHAND,2031,9,719,373,346,216
JHARKHAND,2036,9,704,363,341,216
JHARKHAND,2026,10,715,375,341,216
JHARKHAND,2031,10,720,374,346,216
JHARKHAND,2036,10,707,365,342,216
JHARKHAND,2026,11,708,372,336,216
JHARKHAND,2031,11,722,375,347,216
JHARKHAND,2036,11,711,368,343,216
JHARKHAND,2026,12,710,373,337,216
JHARKHAND,2031,12,723,376,347,216
JHARKHAND,2036,12,714,369,345,216
JHARKHAND,2026,13,720,376,344,216
JHARKHAND,2031,13,722,376,347,216
JHARKHAND,2036,13,716,370,345,216
JHARKHAND,2026,14,740,383,357,216
JHARKHAND,2031,14,721,375,346,216
JHARKHAND,2036,14,716,371,346,216
JHARKHAND,2026,15,764,390,373,216
JHARKHAND,2031,15,713,372,341,216
JHARKHAND,2036,15,718,372,346,216
JHARKHAND,2026,16,782,396,386,216
JHARKHAND,2031,16,706,370,336,216
JHARKHAND,2036,16,720,373,347,216
JHARKHAND,2026,17,793,400,393,216
JHARKHAND,2031,17,708,370,337,216
JHARKHAND,2036,17,721,374,348,216
JHARKHAND,2026,18,797,402,395,216
JHARKHAND,2031,18,718,374,345,216
JHARKHAND,2036,18,721,373,347,216
JHARKHAND,2026,19,794,401,393,216
JHARKHAND,2031,19,738,380,358,216
JHARKHAND,2036,19,719,372,347,216
JHARKHAND,2026,20,794,402,391,216
JHARKHAND,2031,20,762,387,374,216
JHARKHAND,2036,20,711,369,342,216
JHARKHAND,2026,21,798,405,394,216
JHARKHAND,2031,21,780,393,387,216
JHARKHAND,2036,21,705,367,338,216
JHARKHAND,2026,22,799,405,394,216
JHARKHAND,2031,22,791,397,394,216
JHARKHAND,2036,22,707,367,339,216
JHARKHAND,2026,23,795,404,391,216
JHARKHAND,2031,23,794,398,396,216
JHARKHAND,2036,23,717,370,346,216
ODISHA,2011,5,797,408,388,220
ODISHA,2016,5,730,368,362,220
ODISHA,2021,5,671,331,340,220
ODISHA,2011,6,804,412,393,220
ODISHA,2016,6,741,374,366,220
ODISHA,2021,6,668,328,341,220
ODISHA,2011,7,811,414,396,220
ODISHA,2016,7,750,380,370,220
ODISHA,2021,7,671,328,343,220
ODISHA,2011,8,817,417,400,220
ODISHA,2016,8,758,384,375,220
ODISHA,2021,8,680,333,347,220
ODISHA,2011,9,821,418,403,220
ODISHA,2016,9,766,387,379,220
ODISHA,2021,9,694,341,353,220
ODISHA,2011,10,831,423,408,220
ODISHA,2016,10,776,391,385,220
ODISHA,2021,10,711,352,359,220
ODISHA,2011,11,842,428,414,220
ODISHA,2016,11,786,396,390,220
ODISHA,2021,11,723,359,364,220
ODISHA,2011,12,845,428,416,220
ODISHA,2016,12,793,399,394,220
ODISHA,2021,12,733,364,368,220
ODISHA,2011,13,840,425,415,220
ODISHA,2016,13,797,400,397,220
ODISHA,2021,13,739,367,372,220
ODISHA,2011,14,828,418,410,220
ODISHA,2016,14,798,399,400,220
ODISHA,2021,14,743,367,376,220
ODISHA,2011,15,817,411,405,220
ODISHA,2016,15,805,400,404,220
ODISHA,2021,15,749,369,381,220
ODISHA,2011,16,810,407,403,220
ODISHA,2016,16,813,403,410,220
ODISHA,2021,16,757,372,386,220
ODISHA,2011,17,803,403,400,220
ODISHA,2016,17,814,402,412,220
ODISHA,2021,17,762,373,389,220
ODISHA,2011,18,794,398,396,220
ODISHA,2016,18,806,397,410,220
ODISHA,2021,18,764,372,392,220
ODISHA,2011,19,784,392,392,220
ODISHA,2016,19,792,388,404,220
ODISHA,2021,19,762,368,394,220
ODISHA,2011,20,774,386,388,220
ODISHA,2016,20,775,377,398,220
ODISHA,2021,20,764,366,398,220
ODISHA,2011,21,766,381,385,220
ODISHA,2016,21,764,370,395,220
ODISHA,2021,21,767,365,402,220
ODISHA,2011,22,756,375,381,220
ODISHA,2016,22,755,364,392,220
ODISHA,2021,22,766,363,403,220
ODISHA,2011,23,746,370,376,220
ODISHA,2016,23,748,359,388,220
ODISHA,2021,23,761,359,402,220
ODISHA,2026,5,646,318,328,220
ODISHA,2031,5,614,302,312,220
ODISHA,2036,5,576,282,294,220
ODISHA,2026,6,648,318,330,220
ODISHA,2031,6,617,302,315,220
ODISHA,2036,6,580,283,297,220
ODISHA,2026,7,649,317,332,220
ODISHA,2031,7,620,303,318,220
ODISHA,2036,7,583,283,300,220
ODISHA,2026,8,651,317,334,220
ODISHA,2031,8,623,303,320,220
ODISHA,2036,8,587,284,303,220
ODISHA,2026,9,653,317,336,220
ODISHA,2031,9,625,302,322,220
ODISHA,2036,9,591,285,306,220
ODISHA,2026,10,652,315,337,220
ODISHA,2031,10,628,303,325,220
ODISHA,2036,10,596,287,310,220
ODISHA,2026,11,652,313,339,220
ODISHA,2031,11,631,303,328,220
ODISHA,2036,11,601,288,313,220
ODISHA,2026,12,655,313,341,220
ODISHA,2031,12,633,303,330,220
ODISHA,2036,12,604,288,316,220
ODISHA,2026,13,662,317,345,220
ODISHA,2031,13,633,301,332,220
ODISHA,2036,13,605,287,318,220
ODISHA,2026,14,672,322,350,220
ODISHA,2031,14,631,298,333,220
ODISHA,2036,14,604,284,320,220
ODISHA,2026,15,685,330,355,220
ODISHA,2031,15,627,293,334,220
ODISHA,2036,15,603,282,322,220
ODISHA,2026,16,695,335,360,220
ODISHA,2031,16,625,289,335,220
ODISHA,2036,16,605,280,324,220
ODISHA,2026,17,703,339,364,220
ODISHA,2031,17,625,288,337,220
ODISHA,2036,17,604,278,326,220
ODISHA,2026,18,707,339,368,220
ODISHA,2031,18,630,289,340,220
ODISHA,2036,18,602,274,327,220
ODISHA,2026,19,708,337,371,220
ODISHA,2031,19,638,293,345,220
ODISHA,2036,19,597,269,328,220
ODISHA,2026,20,709,335,374,220
ODISHA,2031,20,645,297,349,220
ODISHA,2036,20,589,261,328,220
ODISHA,2026,21,712,334,378,220
ODISHA,2031,21,651,299,352,220
ODISHA,2036,21,581,254,328,220
ODISHA,2026,22,715,334,381,220
ODISHA,2031,22,657,301,356,220
ODISHA,2036,22,580,251,329,220
ODISHA,2026,23,718,334,384,220
ODISHA,2031,23,662,302,360,220
ODISHA,2036,23,586,253,333,220
CHHATTISGARH,2011,5,542,275,267,224
CHHATTISGARH,2016,5,539,275,265,224
CHHATTISGARH,2021,5,561,289,273,224
CHHATTISGARH,2011,6,546,277,269,224
CHHATTISGARH,2016,6,527,268,259,224
CHHATTISGARH,2021,6,567,292,275,224
CHHATTISGARH,2011,7,548,278,270,224
CHHATTISGARH,2016,7,522,265,257,224
CHHATTISGARH,2021,7,568,292,276,224
CHHATTISGARH,2011,8,550,279,271,224
CHHATTISGARH,2016,8,523,265,258,224
CHHATTISGARH,2021,8,563,289,274,224
CHHATTISGARH,2011,9,552,280,272,224
CHHATTISGARH,2016,9,531,270,262,224
CHHATTISGARH,2021,9,552,283,269,224
CHHATTISGARH,2011,10,557,283,274,224
CHHATTISGARH,2016,10,540,274,266,224
CHHATTISGARH,2021,10,538,274,263,224
CHHATTISGARH,2011,11,562,285,276,224
CHHATTISGARH,2016,11,544,277,268,224
CHHATTISGARH,2021,11,526,268,259,224
CHHATTISGARH,2011,12,562,285,277,224
CHHATTISGARH,2016,12,548,278,269,224
CHHATTISGARH,2021,12,522,265,257,224
CHHATTISGARH,2011,13,557,283,274,224
CHHATTISGARH,2016,13,550,279,271,224
CHHATTISGARH,2021,13,524,266,258,224
CHHATTISGARH,2011,14,547,277,270,224
CHHATTISGARH,2016,14,551,280,271,224
CHHATTISGARH,2021,14,532,270,262,224
CHHATTISGARH,2011,15,539,273,266,224
CHHATTISGARH,2016,15,556,282,274,224
CHHATTISGARH,2021,15,541,275,266,224
CHHATTISGARH,2011,16,534,270,264,224
CHHATTISGARH,2016,16,562,285,277,224
CHHATTISGARH,2021,16,545,277,268,224
CHHATTISGARH,2011,17,526,266,260,224
CHHATTISGARH,2016,17,562,285,277,224
CHHATTISGARH,2021,17,549,279,270,224
CHHATTISGARH,2011,18,517,261,256,224
CHHATTISGARH,2016,18,558,283,275,224
CHHATTISGARH,2021,18,551,280,272,224
CHHATTISGARH,2011,19,505,255,250,224
CHHATTISGARH,2016,19,548,277,271,224
CHHATTISGARH,2021,19,553,280,273,224
CHHATTISGARH,2011,20,493,249,244,224
CHHATTISGARH,2016,20,540,273,268,224
CHHATTISGARH,2021,20,558,283,276,224
CHHATTISGARH,2011,21,483,244,240,224
CHHATTISGARH,2016,21,536,270,266,224
CHHATTISGARH,2021,21,565,285,279,224
CHHATTISGARH,2011,22,473,238,235,224
CHHATTISGARH,2016,22,528,266,263,224
CHHATTISGARH,2021,22,565,285,280,224
CHHATTISGARH,2011,23,462,233,229,224
CHHATTISGARH,2016,23,518,261,258,224
CHHATTISGARH,2021,23,560,282,277,224
CHHATTISGARH,2026,5,537,277,261,224
CHHATTISGARH,2031,5,506,261,245,224
CHHATTISGARH,2036,5,482,249,233,224
CHHATTISGARH,2026,6,544,280,264,224
CHHATTISGARH,2031,6,510,264,247,224
CHHATTISGARH,2036,6,483,250,233,224
CHHATTISGARH,2026,7,549,283,266,224
CHHATTISGARH,2031,7,516,266,250,224
CHHATTISGARH,2036,7,486,252,234,224
CHHATTISGARH,2026,8,553,285,268,224
CHHATTISGARH,2031,8,522,269,253,224
CHHATTISGARH,2036,8,491,254,237,224
CHHATTISGARH,2026,9,555,285,269,224
CHHATTISGARH,2031,9,529,273,256,224
CHHATTISGARH,2036,9,498,258,241,224
CHHATTISGARH,2026,10,560,288,272,224
CHHATTISGARH,2031,10,536,277,260,224
CHHATTISGARH,2036,10,505,261,244,224
CHHATTISGARH,2026,11,567,292,275,224
CHHATTISGARH,2031,11,544,280,263,224
CHHATTISGARH,2036,11,511,264,247,224
CHHATTISGARH,2026,12,568,292,276,224
CHHATTISGARH,2031,12,550,283,266,224
CHHATTISGARH,2036,12,517,267,250,224
CHHATTISGARH,2026,13,563,289,274,224
CHHATTISGARH,2031,13,553,285,268,224
CHHATTISGARH,2036,13,523,270,253,224
CHHATTISGARH,2026,14,553,283,270,224
CHHATTISGARH,2031,14,556,286,270,224
CHHATTISGARH,2036,14,530,273,257,224
CHHATTISGARH,2026,15,539,275,264,224
CHHATTISGARH,2031,15,561,289,272,224
CHHATTISGARH,2036,15,538,277,261,224
CHHATTISGARH,2026,16,528,268,260,224
CHHATTISGARH,2031,16,568,292,276,224
CHHATTISGARH,2036,16,546,281,265,224
CHHATTISGARH,2026,17,524,266,258,224
CHHATTISGARH,2031,17,570,293,277,224
CHHATTISGARH,2036,17,552,284,268,224
CHHATTISGARH,2026,18,526,266,259,224
CHHATTISGARH,2031,18,565,290,276,224
CHHATTISGARH,2036,18,556,286,270,224
CHHATTISGARH,2026,19,534,270,264,224
CHHATTISGARH,2031,19,556,284,272,224
CHHATTISGARH,2036,19,559,287,272,224
CHHATTISGARH,2026,20,544,275,269,224
CHHATTISGARH,2031,20,542,275,267,224
CHHATTISGARH,2036,20,566,290,276,224
CHHATTISGARH,2026,21,549,277,272,224
CHHATTISGARH,2031,21,533,269,263,224
CHHATTISGARH,2036,21,573,293,280,224
CHHATTISGARH,2026,22,553,279,274,224
CHHATTISGARH,2031,22,528,266,262,224
CHHATTISGARH,2036,22,575,294,281,224
CHHATTISGARH,2026,23,554,280,274,224
CHHATTISGARH,2031,23,530,267,263,224
CHHATTISGARH,2036,23,570,291,279,224
MADHYA PRADESH,2011,5,1617,838,779,228
MADHYA PRADESH,2016,5,1615,836,779,228
MADHYA PRADESH,2021,5,1722,900,822,228
MADHYA PRADESH,2011,6,1627,845,782,228
MADHYA PRADESH,2016,6,1556,802,755,228
MADHYA PRADESH,2021,6,1745,914,831,228
MADHYA PRADESH,2011,7,1633,849,784,228
MADHYA PRADESH,2016,7,1528,785,743,228
MADHYA PRADESH,2021,7,1743,913,830,228
MADHYA PRADESH,2011,8,1637,852,785,228
MADHYA PRADESH,2016,8,1530,787,743,228
MADHYA PRADESH,2021,8,1717,898,820,228
MADHYA PRADESH,2011,9,1638,854,784,228
MADHYA PRADESH,2016,9,1563,807,756,228
MADHYA PRADESH,2021,9,1667,868,799,228
MADHYA PRADESH,2011,10,1650,861,790,228
MADHYA PRADESH,2016,10,1599,828,771,228
MADHYA PRADESH,2021,10,1599,827,772,228
MADHYA PRADESH,2011,11,1665,869,796,228
MADHYA PRADESH,2016,11,1615,838,777,228
MADHYA PRADESH,2021,11,1547,796,751,228
MADHYA PRADESH,2011,12,1662,868,793,228
MADHYA PRADESH,2016,12,1625,845,781,228
MADHYA PRADESH,2021,12,1522,781,740,228
MADHYA PRADESH,2011,13,1641,859,782,228
MADHYA PRADESH,2016,13,1629,848,782,228
MADHYA PRADESH,2021,13,1524,783,740,228
MADHYA PRADESH,2011,14,1603,841,762,228
MADHYA PRADESH,2016,14,1627,848,779,228
MADHYA PRADESH,2021,14,1553,802,751,228
MADHYA PRADESH,2011,15,1568,826,742,228
MADHYA PRADESH,2016,15,1637,854,783,228
MADHYA PRADESH,2021,15,1587,822,765,228
MADHYA PRADESH,2011,16,1544,816,728,228
MADHYA PRADESH,2016,16,1651,862,789,228
MADHYA PRADESH,2021,16,1602,832,770,228
MADHYA PRADESH,2011,17,1516,803,713,228
MADHYA PRADESH,2016,17,1646,861,785,228
MADHYA PRADESH,2021,17,1611,838,773,228
MADHYA PRADESH,2011,18,1483,785,698,228
MADHYA PRADESH,2016,18,1624,851,773,228
MADHYA PRADESH,2021,18,1614,841,773,228
MADHYA PRADESH,2011,19,1444,764,681,228
MADHYA PRADESH,2016,19,1584,832,752,228
MADHYA PRADESH,2021,19,1610,840,770,228
MADHYA PRADESH,2011,20,1405,742,662,228
MADHYA PRADESH,2016,20,1547,816,731,228
MADHYA PRADESH,2021,20,1616,844,772,228
MADHYA PRADESH,2011,21,1368,724,645,228
MADHYA PRADESH,2016,21,1521,806,716,228
MADHYA PRADESH,2021,21,1627,851,776,228
MADHYA PRADESH,2011,22,1334,705,629,228
MADHYA PRADESH,2016,22,1492,792,700,228
MADHYA PRADESH,2021,22,1622,850,772,228
MADHYA PRADESH,2011,23,1302,686,616,228
MADHYA PRADESH,2016,23,1459,774,685,228
MADHYA PRADESH,2021,23,1601,840,760,228
MADHYA PRADESH,2026,5,1636,849,787,228
MADHYA PRADESH,2031,5,1544,797,746,228
MADHYA PRADESH,2036,5,1440,741,699,228
MADHYA PRADESH,2026,6,1647,856,791,228
MADHYA PRADESH,2031,6,1563,808,755,228
MADHYA PRADESH,2036,6,1448,745,703,228
MADHYA PRADESH,2026,7,1658,863,795,228
MADHYA PRADESH,2031,7,1581,818,763,228
MADHYA PRADESH,2036,7,1461,752,709,228
MADHYA PRADESH,2026,8,1669,869,800,228
MADHYA PRADESH,2031,8,1596,826,769,228
MADHYA PRADESH,2036,8,1480,762,717,228
MADHYA PRADESH,2026,9,1679,875,804,228
MADHYA PRADESH,2031,9,1608,834,774,228
MADHYA PRADESH,2036,9,1504,776,728,228
MADHYA PRADESH,2026,10,1707,891,815,228
MADHYA PRADESH,2031,10,1623,842,781,228
MADHYA PRADESH,2036,10,1532,791,741,228
MADHYA PRADESH,2026,11,1735,908,827,228
MADHYA PRADESH,2031,11,1639,851,787,228
MADHYA PRADESH,2036,11,1556,804,752,228
MADHYA PRADESH,2026,12,1736,908,828,228
MADHYA PRADESH,2031,12,1652,859,793,228
MADHYA PRADESH,2036,12,1575,814,761,228
MADHYA PRADESH,2026,13,1710,893,817,228
MADHYA PRADESH,2031,13,1662,865,797,228
MADHYA PRADESH,2036,13,1590,823,767,228
MADHYA PRADESH,2026,14,1658,863,795,228
MADHYA PRADESH,2031,14,1669,870,800,228
MADHYA PRADESH,2036,14,1600,829,770,228
MADHYA PRADESH,2026,15,1587,821,766,228
MADHYA PRADESH,2031,15,1695,885,810,228
MADHYA PRADESH,2036,15,1612,837,775,228
MADHYA PRADESH,2026,16,1534,790,744,228
MADHYA PRADESH,2031,16,1722,902,821,228
MADHYA PRADESH,2036,16,1627,845,782,228
MADHYA PRADESH,2026,17,1509,775,733,228
MADHYA PRADESH,2031,17,1723,902,821,228
MADHYA PRADESH,2036,17,1639,853,786,228
MADHYA PRADESH,2026,18,1509,776,733,228
MADHYA PRADESH,2031,18,1695,886,809,228
MADHYA PRADESH,2036,18,1648,858,789,228
MADHYA PRADESH,2026,19,1536,794,743,228
MADHYA PRADESH,2031,19,1641,855,786,228
MADHYA PRADESH,2036,19,1653,862,791,228
MADHYA PRADESH,2026,20,1567,813,754,228
MADHYA PRADESH,2031,20,1568,813,755,228
MADHYA PRADESH,2036,20,1676,876,799,228
MADHYA PRADESH,2026,21,1580,822,758,228
MADHYA PRADESH,2031,21,1513,781,732,228
MADHYA PRADESH,2036,21,1700,892,809,228
MADHYA PRADESH,2026,22,1588,828,760,228
MADHYA PRADESH,2031,22,1486,765,721,228
MADHYA PRADESH,2036,22,1699,892,808,228
MADHYA PRADESH,2026,23,1591,830,761,228
MADHYA PRADESH,2031,23,1487,766,721,228
MADHYA PRADESH,2036,23,1673,876,797,228
GUJARAT,2011,5,1153,613,541,232
GUJARAT,2016,5,1135,606,529,232
GUJARAT,2021,5,1165,634,532,232
GUJARAT,2011,6,1161,618,543,232
GUJARAT,2016,6,1122,595,528,232
GUJARAT,2021,6,1166,637,529,232
GUJARAT,2011,7,1169,623,546,232
GUJARAT,2016,7,1119,591,528,232
GUJARAT,2021,7,1165,637,528,232
GUJARAT,2011,8,1176,628,548,232
GUJARAT,2016,8,1125,594,531,232
GUJARAT,2021,8,1161,633,528,232
GUJARAT,2011,9,1183,632,551,232
GUJARAT,2016,9,1141,606,535,232
GUJARAT,2021,9,1154,625,529,232
GUJARAT,2011,10,1195,639,556,232
GUJARAT,2016,10,1157,617,540,232
GUJARAT,2021,10,1140,612,529,232
GUJARAT,2011,11,1206,645,561,232
GUJARAT,2016,11,1166,624,543,232
GUJARAT,2021,11,1129,601,528,232
GUJARAT,2011,12,1211,648,563,232
GUJARAT,2016,12,1176,630,546,232
GUJARAT,2021,12,1127,598,529,232
GUJARAT,2011,13,1210,648,562,232
GUJARAT,2016,13,1186,635,550,232
GUJARAT,2021,13,1136,603,533,232
GUJARAT,2011,14,1202,643,559,232
GUJARAT,2016,14,1195,640,555,232
GUJARAT,2021,14,1155,615,540,232
GUJARAT,2011,15,1197,640,557,232
GUJARAT,2016,15,1209,648,561,232
GUJARAT,2021,15,1174,628,546,232
GUJARAT,2011,16,1196,639,557,232
GUJARAT,2016,16,1223,656,567,232
GUJARAT,2021,16,1186,636,550,232
GUJARAT,2011,17,1191,636,555,232
GUJARAT,2016,17,1231,660,571,232
GUJARAT,2021,17,1198,643,555,232
GUJARAT,2011,18,1183,631,552,232
GUJARAT,2016,18,1232,660,572,232
GUJARAT,2021,18,1210,649,561,232
GUJARAT,2011,19,1171,623,548,232
GUJARAT,2016,19,1227,656,571,232
GUJARAT,2021,19,1223,655,568,232
GUJARAT,2011,20,1162,616,545,232
GUJARAT,2016,20,1227,654,573,232
GUJARAT,2021,20,1242,664,578,232
GUJARAT,2011,21,1155,612,543,232
GUJARAT,2016,21,1231,655,576,232
GUJARAT,2021,21,1262,674,588,232
GUJARAT,2011,22,1144,605,539,232
GUJARAT,2016,22,1227,653,575,232
GUJARAT,2021,22,1271,678,592,232
GUJARAT,2011,23,1129,596,533,232
GUJARAT,2016,23,1216,646,570,232
GUJARAT,2021,23,1269,677,591,232
GUJARAT,2026,5,1154,621,533,232
GUJARAT,2031,5,1106,590,516,232
GUJARAT,2036,5,1053,558,495,232
GUJARAT,2026,6,1167,629,537,232
GUJARAT,2031,6,1119,599,521,232
GUJARAT,2036,6,1063,564,499,232
GUJARAT,2026,7,1174,635,539,232
GUJARAT,2031,7,1131,607,525,232
GUJARAT,2036,7,1075,571,504,232
GUJARAT,2026,8,1176,638,539,232
GUJARAT,2031,8,1142,614,528,232
GUJARAT,2036,8,1088,579,509,232
GUJARAT,2026,9,1174,638,536,232
GUJARAT,2031,9,1151,621,530,232
GUJARAT,2036,9,1102,589,513,232
GUJARAT,2026,10,1172,640,532,232
GUJARAT,2031,10,1163,629,534,232
GUJARAT,2036,10,1116,599,517,232
GUJARAT,2026,11,1174,645,529,232
GUJARAT,2031,11,1175,637,538,232
GUJARAT,2036,11,1129,607,522,232
GUJARAT,2026,12,1174,645,529,232
GUJARAT,2031,12,1184,644,541,232
GUJARAT,2036,12,1142,616,526,232
GUJARAT,2026,13,1172,642,530,232
GUJARAT,2031,13,1189,647,542,232
GUJARAT,2036,13,1156,625,531,232
GUJARAT,2026,14,1169,635,534,232
GUJARAT,2031,14,1190,649,541,232
GUJARAT,2036,14,1169,633,536,232
GUJARAT,2026,15,1159,624,536,232
GUJARAT,2031,15,1193,653,539,232
GUJARAT,2036,15,1185,643,542,232
GUJARAT,2026,16,1150,614,536,232
GUJARAT,2031,16,1197,659,539,232
GUJARAT,2036,16,1201,653,548,232
GUJARAT,2026,17,1152,612,539,232
GUJARAT,2031,17,1201,661,540,232
GUJARAT,2036,17,1213,660,553,232
GUJARAT,2026,18,1163,618,545,232
GUJARAT,2031,18,1202,659,544,232
GUJARAT,2036,18,1221,665,556,232
GUJARAT,2026,19,1185,631,554,232
GUJARAT,2031,19,1202,653,549,232
GUJARAT,2036,19,1226,668,558,232
GUJARAT,2026,20,1210,646,564,232
GUJARAT,2031,20,1199,643,556,232
GUJARAT,2036,20,1235,674,561,232
GUJARAT,2026,21,1229,656,573,232
GUJARAT,2031,21,1197,636,561,232
GUJARAT,2036,21,1247,682,565,232
GUJARAT,2026,22,1242,663,579,232
GUJARAT,2031,22,1200,635,565,232
GUJARAT,2036,22,1252,685,567,232
GUJARAT,2026,23,1251,669,582,232
GUJARAT,2031,23,1208,640,568,232
GUJARAT,2036,23,1250,682,568,232
MAHARASHTRA,2011,5,1958,1031,927,236
MAHARASHTRA,2016,5,1858,983,875,236
MAHARASHTRA,2021,5,1723,924,799,236
MAHARASHTRA,2011,6,1973,1040,933,236
MAHARASHTRA,2016,6,1901,1001,900,236
MAHARASHTRA,2021,6,1729,931,798,236
MAHARASHTRA,2011,7,1991,1050,941,236
MAHARASHTRA,2016,7,1933,1016,917,236
MAHARASHTRA,2021,7,1748,941,806,236
MAHARASHTRA,2011,8,2012,1062,950,236
MAHARASHTRA,2016,8,1954,1027,927,236
MAHARASHTRA,2021,8,1779,956,823,236
MAHARASHTRA,2011,9,2036,1076,960,236
MAHARASHTRA,2016,9,1964,1035,929,236
MAHARASHTRA,2021,9,1823,974,849,236
MAHARASHTRA,2011,10,2064,1092,972,236
MAHARASHTRA,2016,10,1971,1041,929,236
MAHARASHTRA,2021,10,1873,995,878,236
MAHARASHTRA,2011,11,2090,1107,983,236
MAHARASHTRA,2016,11,1985,1050,935,236
MAHARASHTRA,2021,11,1914,1012,902,236
MAHARASHTRA,2011,12,2110,1118,992,236
MAHARASHTRA,2016,12,2004,1061,943,236
MAHARASHTRA,2021,12,1947,1027,920,236
MAHARASHTRA,2011,13,2123,1126,997,236
MAHARASHTRA,2016,13,2028,1074,954,236
MAHARASHTRA,2021,13,1971,1040,932,236
MAHARASHTRA,2011,14,2131,1131,1000,236
MAHARASHTRA,2016,14,2058,1090,968,236
MAHARASHTRA,2021,14,1988,1050,938,236
MAHARASHTRA,2011,15,2144,1140,1003,236
MAHARASHTRA,2016,15,2091,1108,983,236
MAHARASHTRA,2021,15,2001,1059,942,236
MAHARASHTRA,2011,16,2161,1151,1009,236
MAHARASHTRA,2016,16,2121,1125,997,236
MAHARASHTRA,2021,16,2019,1070,949,236
MAHARASHTRA,2011,17,2170,1157,1013,236
MAHARASHTRA,2016,17,2146,1138,1008,236
MAHARASHTRA,2021,17,2043,1083,961,236
MAHARASHTRA,2011,18,2171,1156,1015,236
MAHARASHTRA,2016,18,2164,1148,1016,236
MAHARASHTRA,2021,18,2072,1097,975,236
MAHARASHTRA,2011,19,2165,1150,1015,236
MAHARASHTRA,2016,19,2176,1154,1022,236
MAHARASHTRA,2021,19,2107,1114,992,236
MAHARASHTRA,2011,20,2169,1149,1020,236
MAHARASHTRA,2016,20,2198,1165,1033,236
MAHARASHTRA,2021,20,2150,1135,1015,236
MAHARASHTRA,2011,21,2178,1152,1026,236
MAHARASHTRA,2016,21,2224,1179,1045,236
MAHARASHTRA,2021,21,2190,1155,1035,236
MAHARASHTRA,2011,22,2172,1147,1025,236
MAHARASHTRA,2016,22,2235,1185,1051,236
MAHARASHTRA,2021,22,2217,1168,1048,236
MAHARASHTRA,2011,23,2149,1132,1017,236
MAHARASHTRA,2016,23,2231,1182,1049,236
MAHARASHTRA,2021,23,2229,1176,1053,236
MAHARASHTRA,2026,5,1661,885,776,236
MAHARASHTRA,2031,5,1560,828,732,236
MAHARASHTRA,2036,5,1484,786,698,236
MAHARASHTRA,2026,6,1690,902,788,236
MAHARASHTRA,2031,6,1578,839,739,236
MAHARASHTRA,2036,6,1505,797,708,236
MAHARASHTRA,2026,7,1713,916,797,236
MAHARASHTRA,2031,7,1598,851,747,236
MAHARASHTRA,2036,7,1525,809,716,236
MAHARASHTRA,2026,8,1730,926,803,236
MAHARASHTRA,2031,8,1622,866,757,236
MAHARASHTRA,2036,8,1545,821,724,236
MAHARASHTRA,2026,9,1740,933,806,236
MAHARASHTRA,2031,9,1649,882,768,236
MAHARASHTRA,2036,9,1564,833,731,236
MAHARASHTRA,2026,10,1739,937,802,236
MAHARASHTRA,2031,10,1679,899,779,236
MAHARASHTRA,2036,10,1579,843,736,236
MAHARASHTRA,2026,11,1743,943,801,236
MAHARASHTRA,2031,11,1706,915,790,236
MAHARASHTRA,2036,11,1594,853,741,236
MAHARASHTRA,2026,12,1763,954,809,236
MAHARASHTRA,2031,12,1729,929,800,236
MAHARASHTRA,2036,12,1616,865,750,236
MAHARASHTRA,2026,13,1798,970,828,236
MAHARASHTRA,2031,13,1750,941,809,236
MAHARASHTRA,2036,13,1644,881,762,236
MAHARASHTRA,2026,14,1849,991,858,236
MAHARASHTRA,2031,14,1767,951,816,236
MAHARASHTRA,2036,14,1678,900,778,236
MAHARASHTRA,2026,15,1905,1014,891,236
MAHARASHTRA,2031,15,1774,957,817,236
MAHARASHTRA,2036,15,1715,920,794,236
MAHARASHTRA,2026,16,1951,1033,918,236
MAHARASHTRA,2031,16,1783,965,818,236
MAHARASHTRA,2036,16,1747,939,808,236
MAHARASHTRA,2026,17,1989,1050,939,236
MAHARASHTRA,2031,17,1808,978,829,236
MAHARASHTRA,2036,17,1776,955,821,236
MAHARASHTRA,2026,18,2018,1064,954,236
MAHARASHTRA,2031,18,1848,996,852,236
MAHARASHTRA,2036,18,1802,968,834,236
MAHARASHTRA,2026,19,2040,1076,964,236
MAHARASHTRA,2031,19,1904,1018,886,236
MAHARASHTRA,2036,19,1825,980,846,236
MAHARASHTRA,2026,20,2064,1088,976,236
MAHARASHTRA,2031,20,1972,1044,927,236
MAHARASHTRA,2036,20,1844,989,854,236
MAHARASHTRA,2026,21,2093,1102,991,236
MAHARASHTRA,2031,21,2028,1067,961,236
MAHARASHTRA,2036,21,1864,1001,863,236
MAHARASHTRA,2026,22,2119,1115,1004,236
MAHARASHTRA,2031,22,2069,1085,984,236
MAHARASHTRA,2036,22,1891,1014,877,236
MAHARASHTRA,2026,23,2142,1128,1014,236
MAHARASHTRA,2031,23,2092,1097,995,236
MAHARASHTRA,2036,23,1926,1030,896,236
ANDHRA PRADESH,2011,5,804,413,392,240
ANDHRA PRADESH,2016,5,737,380,358,240
ANDHRA PRADESH,2021,5,715,374,341,240
ANDHRA PRADESH,2011,6,822,422,400,240
ANDHRA PRADESH,2016,6,734,376,359,240
ANDHRA PRADESH,2021,6,725,380,344,240
ANDHRA PRADESH,2011,7,838,431,407,240
ANDHRA PRADESH,2016,7,740,377,363,240
ANDHRA PRADESH,2021,7,732,384,348,240
ANDHRA PRADESH,2011,8,854,439,415,240
ANDHRA PRADESH,2016,8,755,385,370,240
ANDHRA PRADESH,2021,8,736,385,351,240
ANDHRA PRADESH,2011,9,869,447,422,240
ANDHRA PRADESH,2016,9,777,397,380,240
ANDHRA PRADESH,2021,9,738,383,355,240
ANDHRA PRADESH,2011,10,887,457,430,240
ANDHRA PRADESH,2016,10,801,411,390,240
ANDHRA PRADESH,2021,10,734,378,356,240
ANDHRA PRADESH,2011,11,907,468,439,240
ANDHRA PRADESH,2016,11,819,420,399,240
ANDHRA PRADESH,2021,11,732,374,358,240
ANDHRA PRADESH,2011,12,920,475,446,240
ANDHRA PRADESH,2016,12,836,429,406,240
ANDHRA PRADESH,2021,12,738,376,362,240
ANDHRA PRADESH,2011,13,928,478,450,240
ANDHRA PRADESH,2016,13,851,438,413,240
ANDHRA PRADESH,2021,13,752,383,369,240
ANDHRA PRADESH,2011,14,930,479,451,240
ANDHRA PRADESH,2016,14,865,445,420,240
ANDHRA PRADESH,2021,14,774,396,378,240
ANDHRA PRADESH,2011,15,935,481,453,240
ANDHRA PRADESH,2016,15,883,455,428,240
ANDHRA PRADESH,2021,15,797,409,388,240
ANDHRA PRADESH,2011,16,943,486,457,240
ANDHRA PRADESH,2016,16,902,465,436,240
ANDHRA PRADESH,2021,16,814,418,396,240
ANDHRA PRADESH,2011,17,947,487,460,240
ANDHRA PRADESH,2016,17,915,472,442,240
ANDHRA PRADESH,2021,17,830,427,403,240
ANDHRA PRADESH,2011,18,948,486,462,240
ANDHRA PRADESH,2016,18,921,476,446,240
ANDHRA PRADESH,2021,18,845,435,410,240
ANDHRA PRADESH,2011,19,944,481,463,240
ANDHRA PRADESH,2016,19,922,475,447,240
ANDHRA PRADESH,2021,19,858,442,416,240
ANDHRA PRADESH,2011,20,944,478,466,240
ANDHRA PRADESH,2016,20,926,477,448,240
ANDHRA PRADESH,2021,20,875,452,423,240
ANDHRA PRADESH,2011,21,947,476,470,240
ANDHRA PRADESH,2016,21,933,482,451,240
ANDHRA PRADESH,2021,21,892,461,431,240
ANDHRA PRADESH,2011,22,944,473,471,240
ANDHRA PRADESH,2016,22,937,483,454,240
ANDHRA PRADESH,2021,22,904,468,436,240
ANDHRA PRADESH,2011,23,935,467,468,240
ANDHRA PRADESH,2016,23,937,481,456,240
ANDHRA PRADESH,2021,23,911,471,440,240
ANDHRA PRADESH,2026,5,663,345,318,240
ANDHRA PRADESH,2031,5,599,310,289,240
ANDHRA PRADESH,2036,5,546,282,265,240
ANDHRA PRADESH,2026,6,677,352,325,240
ANDHRA PRADESH,2031,6,609,315,294,240
ANDHRA PRADESH,2036,6,554,285,268,240
ANDHRA PRADESH,2026,7,688,358,330,240
ANDHRA PRADESH,2031,7,620,321,299,240
ANDHRA PRADESH,2036,7,562,290,273,240
ANDHRA PRADESH,2026,8,697,363,334,240
ANDHRA PRADESH,2031,8,632,328,304,240
ANDHRA PRADESH,2036,8,573,295,278,240
ANDHRA PRADESH,2026,9,704,367,337,240
ANDHRA PRADESH,2031,9,645,335,310,240
ANDHRA PRADESH,2036,9,585,302,283,240
ANDHRA PRADESH,2026,10,712,373,340,240
ANDHRA PRADESH,2031,10,660,343,317,240
ANDHRA PRADESH,2036,10,597,308,288,240
ANDHRA PRADESH,2026,11,723,379,344,240
ANDHRA PRADESH,2031,11,675,351,324,240
ANDHRA PRADESH,2036,11,607,314,293,240
ANDHRA PRADESH,2026,12,730,383,347,240
ANDHRA PRADESH,2031,12,686,357,329,240
ANDHRA PRADESH,2036,12,618,320,298,240
ANDHRA PRADESH,2026,13,734,384,350,240
ANDHRA PRADESH,2031,13,695,362,333,240
ANDHRA PRADESH,2036,13,630,327,304,240
ANDHRA PRADESH,2026,14,735,382,353,240
ANDHRA PRADESH,2031,14,701,366,335,240
ANDHRA PRADESH,2036,14,643,334,309,240
ANDHRA PRADESH,2026,15,730,376,354,240
ANDHRA PRADESH,2031,15,709,371,338,240
ANDHRA PRADESH,2036,15,657,342,316,240
ANDHRA PRADESH,2026,16,728,373,356,240
ANDHRA PRADESH,2031,16,719,377,341,240
ANDHRA PRADESH,2036,16,671,349,322,240
ANDHRA PRADESH,2026,17,734,374,359,240
ANDHRA PRADESH,2031,17,725,381,344,240
ANDHRA PRADESH,2036,17,682,355,327,240
ANDHRA PRADESH,2026,18,747,381,366,240
ANDHRA PRADESH,2031,18,728,381,347,240
ANDHRA PRADESH,2036,18,690,360,330,240
ANDHRA PRADESH,2026,19,768,393,375,240
ANDHRA PRADESH,2031,19,729,379,350,240
ANDHRA PRADESH,2036,19,695,363,332,240
ANDHRA PRADESH,2026,20,789,406,383,240
ANDHRA PRADESH,2031,20,723,373,350,240
ANDHRA PRADESH,2036,20,702,368,334,240
ANDHRA PRADESH,2026,21,806,415,391,240
ANDHRA PRADESH,2031,21,720,369,351,240
ANDHRA PRADESH,2036,21,711,374,337,240
ANDHRA PRADESH,2026,22,821,423,398,240
ANDHRA PRADESH,2031,22,725,371,354,240
ANDHRA PRADESH,2036,22,717,377,339,240
ANDHRA PRADESH,2026,23,835,431,405,240
ANDHRA PRADESH,2031,23,738,377,361,240
ANDHRA PRADESH,2036,23,720,378,342,240
KARNATAKA,2011,5,1043,535,508,244
KARNATAKA,2016,5,1006,518,489,244
KARNATAKA,2021,5,981,513,468,244
KARNATAKA,2011,6,1052,540,512,244
KARNATAKA,2016,6,1003,513,490,244
KARNATAKA,2021,6,1000,524,476,244
KARNATAKA,2011,7,1062,546,516,244
KARNATAKA,2016,7,1006,513,493,244
KARNATAKA,2021,7,1012,530,482,244
KARNATAKA,2011,8,1074,553,521,244
KARNATAKA,2016,8,1015,518,497,244
KARNATAKA,2021,8,1017,531,486,244
KARNATAKA,2011,9,1088,561,528,244
KARNATAKA,2016,9,1030,527,502,244
KARNATAKA,2021,9,1013,527,487,244
KARNATAKA,2011,10,1104,569,534,244
KARNATAKA,2016,10,1043,536,507,244
KARNATAKA,2021,10,1006,519,488,244
KARNATAKA,2011,11,1118,578,541,244
KARNATAKA,2016,11,1052,541,511,244
KARNATAKA,2021,11,1004,515,490,244
KARNATAKA,2011,12,1130,584,546,244
KARNATAKA,2016,12,1064,548,516,244
KARNATAKA,2021,12,1008,515,493,244
KARNATAKA,2011,13,1140,590,550,244
KARNATAKA,2016,13,1077,555,521,244
KARNATAKA,2021,13,1018,520,497,244
KARNATAKA,2011,14,1147,594,554,244
KARNATAKA,2016,14,1091,563,528,244
KARNATAKA,2021,14,1033,530,503,244
KARNATAKA,2011,15,1158,600,558,244
KARNATAKA,2016,15,1107,572,535,244
KARNATAKA,2021,15,1047,539,508,244
KARNATAKA,2011,16,1169,607,562,244
KARNATAKA,2016,16,1122,581,541,244
KARNATAKA,2021,16,1058,545,512,244
KARNATAKA,2011,17,1177,611,566,244
KARNATAKA,2016,17,1135,588,547,244
KARNATAKA,2021,17,1070,552,518,244
KARNATAKA,2011,18,1181,612,569,244
KARNATAKA,2016,18,1145,593,552,244
KARNATAKA,2021,18,1083,559,524,244
KARNATAKA,2011,19,1181,610,571,244
KARNATAKA,2016,19,1153,598,556,244
KARNATAKA,2021,19,1098,568,531,244
KARNATAKA,2011,20,1188,611,576,244
KARNATAKA,2016,20,1165,604,561,244
KARNATAKA,2021,20,1116,577,539,244
KARNATAKA,2011,21,1197,615,582,244
KARNATAKA,2016,21,1178,612,566,244
KARNATAKA,2021,21,1132,586,546,244
KARNATAKA,2011,22,1196,613,583,244
KARNATAKA,2016,22,1185,616,570,244
KARNATAKA,2021,22,1145,593,552,244
KARNATAKA,2011,23,1185,606,580,244
KARNATAKA,2016,23,1188,616,572,244
KARNATAKA,2021,23,1154,598,556,244
KARNATAKA,2026,5,904,471,433,244
KARNATAKA,2031,5,846,439,406,244
KARNATAKA,2036,5,806,418,388,244
KARNATAKA,2026,6,916,478,439,244
KARNATAKA,2031,6,853,444,409,244
KARNATAKA,2036,6,811,421,390,244
KARNATAKA,2026,7,930,485,445,244
KARNATAKA,2031,7,863,450,414,244
KARNATAKA,2036,7,819,425,393,244
KARNATAKA,2026,8,945,493,451,244
KARNATAKA,2031,8,876,457,419,244
KARNATAKA,2036,8,828,431,397,244
KARNATAKA,2026,9,961,502,459,244
KARNATAKA,2031,9,891,465,426,244
KARNATAKA,2036,9,839,437,402,244
KARNATAKA,2026,10,982,514,467,244
KARNATAKA,2031,10,906,473,433,244
KARNATAKA,2036,10,848,442,406,244
KARNATAKA,2026,11,1002,526,476,244
KARNATAKA,2031,11,918,480,438,244
KARNATAKA,2036,11,856,446,409,244
KARNATAKA,2026,12,1015,533,482,244
KARNATAKA,2031,12,933,488,445,244
KARNATAKA,2036,12,866,452,414,244
KARNATAKA,2026,13,1020,534,486,244
KARNATAKA,2031,13,948,496,452,244
KARNATAKA,2036,13,880,460,420,244
KARNATAKA,2026,14,1018,530,488,244
KARNATAKA,2031,14,965,506,460,244
KARNATAKA,2036,14,896,469,428,244
KARNATAKA,2026,15,1011,523,489,244
KARNATAKA,2031,15,987,518,469,244
KARNATAKA,2036,15,912,477,435,244
KARNATAKA,2026,16,1010,519,491,244
KARNATAKA,2031,16,1008,531,478,244
KARNATAKA,2036,16,926,485,441,244
KARNATAKA,2026,17,1015,520,495,244
KARNATAKA,2031,17,1022,538,484,244
KARNATAKA,2036,17,941,493,448,244
KARNATAKA,2026,18,1025,525,500,244
KARNATAKA,2031,18,1028,539,489,244
KARNATAKA,2036,18,957,502,455,244
KARNATAKA,2026,19,1041,535,506,244
KARNATAKA,2031,19,1027,535,491,244
KARNATAKA,2036,19,975,511,464,244
KARNATAKA,2026,20,1057,545,513,244
KARNATAKA,2031,20,1022,529,494,244
KARNATAKA,2036,20,999,525,474,244
KARNATAKA,2026,21,1069,551,518,244
KARNATAKA,2031,21,1023,526,498,244
KARNATAKA,2036,21,1022,538,484,244
KARNATAKA,2026,22,1081,558,523,244
KARNATAKA,2031,22,1028,527,501,244
KARNATAKA,2036,22,1036,545,491,244
KARNATAKA,2026,23,1093,565,529,244
KARNATAKA,2031,23,1037,531,506,244
KARNATAKA,2036,23,1041,546,495,244
KERALA,2011,5,514,262,252,248
KERALA,2016,5,497,254,244,248
KERALA,2021,5,475,243,232,248
KERALA,2011,6,516,263,253,248
KERALA,2016,6,502,256,246,248
KERALA,2021,6,479,245,234,248
KERALA,2011,7,519,264,254,248
KERALA,2016,7,506,258,248,248
KERALA,2021,7,483,247,236,248
KERALA,2011,8,523,266,256,248
KERALA,2016,8,509,259,249,248
KERALA,2021,8,487,249,238,248
KERALA,2011,9,528,269,259,248
KERALA,2016,9,511,260,250,248
KERALA,2021,9,491,251,240,248
KERALA,2011,10,535,273,262,248
KERALA,2016,10,512,261,251,248
KERALA,2021,10,496,253,243,248
KERALA,2011,11,541,276,265,248
KERALA,2016,11,515,262,252,248
KERALA,2021,11,501,255,245,248
KERALA,2011,12,544,278,267,248
KERALA,2016,12,518,264,254,248
KERALA,2021,12,504,257,247,248
KERALA,2011,13,544,277,267,248
KERALA,2016,13,521,266,255,248
KERALA,2021,13,507,259,248,248
KERALA,2011,14,541,275,266,248
KERALA,2016,14,525,268,257,248
KERALA,2021,14,508,260,249,248
KERALA,2011,15,538,273,265,248
KERALA,2016,15,532,272,260,248
KERALA,2021,15,509,260,249,248
KERALA,2011,16,538,272,265,248
KERALA,2016,16,538,275,262,248
KERALA,2021,16,511,261,250,248
KERALA,2011,17,536,271,266,248
KERALA,2016,17,540,277,264,248
KERALA,2021,17,514,263,251,248
KERALA,2011,18,535,269,266,248
KERALA,2016,18,540,276,264,248
KERALA,2021,18,516,265,252,248
KERALA,2011,19,533,265,268,248
KERALA,2016,19,536,273,262,248
KERALA,2021,19,520,267,253,248
KERALA,2011,20,531,262,269,248
KERALA,2016,20,532,271,260,248
KERALA,2021,20,525,270,255,248
KERALA,2011,21,530,260,270,248
KERALA,2016,21,530,270,259,248
KERALA,2021,21,530,273,256,248
KERALA,2011,22,528,257,271,248
KERALA,2016,22,528,269,259,248
KERALA,2021,22,532,275,257,248
KERALA,2011,23,526,254,272,248
KERALA,2016,23,527,266,261,248
KERALA,2021,23,532,274,258,248
KERALA,2026,5,457,233,223,248
KERALA,2031,5,446,228,218,248
KERALA,2036,5,432,221,211,248
KERALA,2026,6,457,234,224,248
KERALA,2031,6,449,229,220,248
KERALA,2036,6,435,222,213,248
KERALA,2026,7,460,235,225,248
KERALA,2031,7,451,230,221,248
KERALA,2036,7,437,223,214,248
KERALA,2026,8,463,237,227,248
KERALA,2031,8,453,231,221,248
KERALA,2036,8,440,225,215,248
KERALA,2026,9,468,239,229,248
KERALA,2031,9,454,232,222,248
KERALA,2036,9,442,226,216,248
KERALA,2026,10,474,242,232,248
KERALA,2031,10,455,233,223,248
KERALA,2036,10,445,227,218,248
KERALA,2026,11,478,244,234,248
KERALA,2031,11,456,233,223,248
KERALA,2036,11,448,229,219,248
KERALA,2026,12,482,246,236,248
KERALA,2031,12,458,234,224,248
KERALA,2036,12,450,230,220,248
KERALA,2026,13,485,248,237,248
KERALA,2031,13,462,236,226,248
KERALA,2036,13,451,231,221,248
KERALA,2026,14,489,250,239,248
KERALA,2031,14,466,239,227,248
KERALA,2036,14,452,231,221,248
KERALA,2026,15,493,252,241,248
KERALA,2031,15,471,241,229,248
KERALA,2036,15,452,232,220,248
KERALA,2026,16,497,254,243,248
KERALA,2031,16,474,243,231,248
KERALA,2036,16,453,232,221,248
KERALA,2026,17,500,256,244,248
KERALA,2031,17,478,245,233,248
KERALA,2036,17,454,233,221,248
KERALA,2026,18,502,257,245,248
KERALA,2031,18,481,247,234,248
KERALA,2036,18,457,235,222,248
KERALA,2026,19,503,258,245,248
KERALA,2031,19,483,249,235,248
KERALA,2036,19,460,237,223,248
KERALA,2026,20,503,259,244,248
KERALA,2031,20,486,250,236,248
KERALA,2036,20,464,240,224,248
KERALA,2026,21,503,260,244,248
KERALA,2031,21,489,252,237,248
KERALA,2036,21,466,241,225,248
KERALA,2026,22,505,261,244,248
KERALA,2031,22,492,254,238,248
KERALA,2036,22,469,243,226,248
KERALA,2026,23,508,262,246,248
KERALA,2031,23,494,255,239,248
KERALA,2036,23,473,245,228,248
TAMIL NADU,2011,5,1103,567,536,252
TAMIL NADU,2016,5,1049,543,506,252
TAMIL NADU,2021,5,1003,526,477,252
TAMIL NADU,2011,6,1114,573,541,252
TAMIL NADU,2016,6,1051,540,510,252
TAMIL NADU,2021,6,1026,540,486,252
TAMIL NADU,2011,7,1127,580,547,252
TAMIL NADU,2016,7,1057,542,515,252
TAMIL NADU,2021,7,1041,548,493,252
TAMIL NADU,2011,8,1142,588,554,252
TAMIL NADU,2016,8,1068,547,521,252
TAMIL NADU,2021,8,1048,550,498,252
TAMIL NADU,2011,9,1160,597,562,252
TAMIL NADU,2016,9,1084,557,528,252
TAMIL NADU,2021,9,1049,547,502,252
TAMIL NADU,2011,10,1180,609,571,252
TAMIL NADU,2016,10,1099,565,534,252
TAMIL NADU,2021,10,1046,541,505,252
TAMIL NADU,2011,11,1198,619,579,252
TAMIL NADU,2016,11,1111,571,540,252
TAMIL NADU,2021,11,1048,539,509,252
TAMIL NADU,2011,12,1213,627,587,252
TAMIL NADU,2016,12,1125,578,546,252
TAMIL NADU,2021,12,1055,541,514,252
TAMIL NADU,2011,13,1224,631,593,252
TAMIL NADU,2016,13,1139,586,553,252
TAMIL NADU,2021,13,1066,546,520,252
TAMIL NADU,2011,14,1231,632,598,252
TAMIL NADU,2016,14,1156,595,561,252
TAMIL NADU,2021,14,1081,555,526,252
TAMIL NADU,2011,15,1238,635,603,252
TAMIL NADU,2016,15,1175,606,569,252
TAMIL NADU,2021,15,1095,563,532,252
TAMIL NADU,2011,16,1249,640,609,252
TAMIL NADU,2016,16,1193,616,577,252
TAMIL NADU,2021,16,1106,569,538,252
TAMIL NADU,2011,17,1258,643,615,252
TAMIL NADU,2016,17,1207,624,583,252
TAMIL NADU,2021,17,1119,575,544,252
TAMIL NADU,2011,18,1265,643,621,252
TAMIL NADU,2016,18,1217,628,589,252
TAMIL NADU,2021,18,1133,583,550,252
TAMIL NADU,2011,19,1270,642,628,252
TAMIL NADU,2016,19,1223,628,594,252
TAMIL NADU,2021,19,1149,591,557,252
TAMIL NADU,2011,20,1279,641,638,252
TAMIL NADU,2016,20,1229,631,599,252
TAMIL NADU,2021,20,1166,602,565,252
TAMIL NADU,2011,21,1288,641,647,252
TAMIL NADU,2016,21,1238,635,604,252
TAMIL NADU,2021,21,1183,611,572,252
TAMIL NADU,2011,22,1293,641,652,252
TAMIL NADU,2016,22,1246,637,609,252
TAMIL NADU,2021,22,1197,618,578,252
TAMIL NADU,2011,23,1293,639,654,252
TAMIL NADU,2016,23,1253,637,616,252
TAMIL NADU,2021,23,1206,622,584,252
TAMIL NADU,2026,5,912,475,438,252
TAMIL NADU,2031,5,843,436,408,252
TAMIL NADU,2036,5,785,404,381,252
TAMIL NADU,2026,6,925,482,443,252
TAMIL NADU,2031,6,854,442,412,252
TAMIL NADU,2036,6,794,408,386,252
TAMIL NADU,2026,7,940,490,450,252
TAMIL NADU,2031,7,867,449,418,252
TAMIL NADU,2036,7,804,414,391,252
TAMIL NADU,2026,8,957,499,457,252
TAMIL NADU,2031,8,881,457,424,252
TAMIL NADU,2036,8,816,420,396,252
TAMIL NADU,2026,9,976,510,466,252
TAMIL NADU,2031,9,896,465,431,252
TAMIL NADU,2036,9,829,428,401,252
TAMIL NADU,2026,10,1000,525,476,252
TAMIL NADU,2031,10,910,473,437,252
TAMIL NADU,2036,10,841,435,407,252
TAMIL NADU,2026,11,1024,539,485,252
TAMIL NADU,2031,11,923,481,443,252
TAMIL NADU,2036,11,853,441,412,252
TAMIL NADU,2026,12,1039,547,492,252
TAMIL NADU,2031,12,938,489,449,252
TAMIL NADU,2036,12,865,448,417,252
TAMIL NADU,2026,13,1046,549,497,252
TAMIL NADU,2031,13,955,498,456,252
TAMIL NADU,2036,13,879,456,423,252
TAMIL NADU,2026,14,1045,545,500,252
TAMIL NADU,2031,14,973,509,465,252
TAMIL NADU,2036,14,893,464,429,252
TAMIL NADU,2026,15,1042,539,503,252
TAMIL NADU,2031,15,997,523,474,252
TAMIL NADU,2036,15,907,471,435,252
TAMIL NADU,2026,16,1044,537,507,252
TAMIL NADU,2031,16,1019,536,483,252
TAMIL NADU,2036,16,920,479,441,252
TAMIL NADU,2026,17,1050,538,512,252
TAMIL NADU,2031,17,1034,544,490,252
TAMIL NADU,2036,17,934,487,447,252
TAMIL NADU,2026,18,1060,543,517,252
TAMIL NADU,2031,18,1041,546,495,252
TAMIL NADU,2036,18,950,496,454,252
TAMIL NADU,2026,19,1074,551,523,252
TAMIL NADU,2031,19,1039,542,498,252
TAMIL NADU,2036,19,968,506,462,252
TAMIL NADU,2026,20,1087,559,528,252
TAMIL NADU,2031,20,1035,535,500,252
TAMIL NADU,2036,20,990,519,471,252
TAMIL NADU,2026,21,1098,564,533,252
TAMIL NADU,2031,21,1036,533,503,252
TAMIL NADU,2036,21,1012,533,479,252
TAMIL NADU,2026,22,1110,571,539,252
TAMIL NADU,2031,22,1041,534,508,252
TAMIL NADU,2036,22,1026,540,486,252
TAMIL NADU,2026,23,1123,578,546,252
TAMIL NADU,2031,23,1051,538,513,252
TAMIL NADU,2036,23,1032,541,491,252
TELANGANA,2011,5,607,313,294,256
TELANGANA,2016,5,554,288,266,256
TELANGANA,2021,5,529,279,250,256
TELANGANA,2011,6,619,319,300,256
TELANGANA,2016,6,557,287,270,256
TELANGANA,2021,6,531,281,249,256
TELANGANA,2011,7,631,325,306,256
TELANGANA,2016,7,564,290,274,256
TELANGANA,2021,7,534,283,251,256
TELANGANA,2011,8,643,331,312,256
TELANGANA,2016,8,575,295,280,256
TELANGANA,2021,8,540,285,255,256
TELANGANA,2011,9,655,337,318,256
TELANGANA,2016,9,590,303,287,256
TELANGANA,2021,9,547,287,260,256
TELANGANA,2011,10,671,345,325,256
TELANGANA,2016,10,605,311,293,256
TELANGANA,2021,10,552,287,265,256
TELANGANA,2011,11,687,353,333,256
TELANGANA,2016,11,617,318,299,256
TELANGANA,2021,11,556,286,269,256
TELANGANA,2011,12,696,358,338,256
TELANGANA,2016,12,629,324,305,256
TELANGANA,2021,12,563,289,274,256
TELANGANA,2011,13,700,360,340,256
TELANGANA,2016,13,641,330,311,256
TELANGANA,2021,13,573,294,279,256
TELANGANA,2011,14,697,358,340,256
TELANGANA,2016,14,652,336,316,256
TELANGANA,2021,14,587,302,285,256
TELANGANA,2011,15,696,357,339,256
TELANGANA,2016,15,667,344,324,256
TELANGANA,2021,15,602,310,292,256
TELANGANA,2011,16,699,359,341,256
TELANGANA,2016,16,683,352,331,256
TELANGANA,2021,16,614,316,297,256
TELANGANA,2011,17,700,358,342,256
TELANGANA,2016,17,692,356,336,256
TELANGANA,2021,17,625,322,303,256
TELANGANA,2011,18,698,356,342,256
TELANGANA,2016,18,695,358,338,256
TELANGANA,2021,18,636,328,308,256
TELANGANA,2011,19,694,352,342,256
TELANGANA,2016,19,692,355,336,256
TELANGANA,2021,19,647,333,313,256
TELANGANA,2011,20,692,349,343,256
TELANGANA,2016,20,690,354,336,256
TELANGANA,2021,20,661,341,320,256
TELANGANA,2011,21,692,347,344,256
TELANGANA,2016,21,692,356,337,256
TELANGANA,2021,21,676,349,327,256
TELANGANA,2011,22,688,344,344,256
TELANGANA,2016,22,692,355,337,256
TELANGANA,2021,22,685,353,331,256
TELANGANA,2011,23,681,340,341,256
TELANGANA,2016,23,690,353,338,256
TELANGANA,2021,23,688,354,333,256
TELANGANA,2026,5,502,262,240,256
TELANGANA,2031,5,452,234,218,256
TELANGANA,2036,5,410,211,199,256
TELANGANA,2026,6,514,269,245,256
TELANGANA,2031,6,460,239,222,256
TELANGANA,2036,6,417,214,202,256
TELANGANA,2026,7,522,273,248,256
TELANGANA,2031,7,469,244,225,256
TELANGANA,2036,7,424,218,206,256
TELANGANA,2026,8,526,276,250,256
TELANGANA,2031,8,478,249,229,256
TELANGANA,2036,8,432,223,209,256
TELANGANA,2026,9,527,277,250,256
TELANGANA,2031,9,488,254,233,256
TELANGANA,2036,9,442,228,213,256
TELANGANA,2026,10,527,278,249,256
TELANGANA,2031,10,500,261,239,256
TELANGANA,2036,10,451,233,217,256
TELANGANA,2026,11,529,280,249,256
TELANGANA,2031,11,512,268,244,256
TELANGANA,2036,11,459,238,221,256
TELANGANA,2026,12,533,282,251,256
TELANGANA,2031,12,520,273,248,256
TELANGANA,2036,12,468,243,225,256
TELANGANA,2026,13,538,284,254,256
TELANGANA,2031,13,524,275,249,256
TELANGANA,2036,13,477,248,229,256
TELANGANA,2026,14,545,286,259,256
TELANGANA,2031,14,525,276,249,256
TELANGANA,2036,14,486,253,232,256
TELANGANA,2026,15,549,285,264,256
TELANGANA,2031,15,524,277,247,256
TELANGANA,2036,15,498,260,238,256
TELANGANA,2026,16,553,285,267,256
TELANGANA,2031,16,526,279,247,256
TELANGANA,2036,16,509,267,243,256
TELANGANA,2026,17,559,288,272,256
TELANGANA,2031,17,530,281,249,256
TELANGANA,2036,17,517,271,246,256
TELANGANA,2026,18,569,293,277,256
TELANGANA,2031,18,534,282,252,256
TELANGANA,2036,18,521,274,247,256
TELANGANA,2026,19,583,300,283,256
TELANGANA,2031,19,540,284,257,256
TELANGANA,2036,19,521,274,247,256
TELANGANA,2026,20,596,308,288,256
TELANGANA,2031,20,544,283,261,256
TELANGANA,2036,20,519,275,245,256
TELANGANA,2026,21,607,314,294,256
TELANGANA,2031,21,547,283,264,256
TELANGANA,2036,21,521,277,244,256
TELANGANA,2026,22,618,319,299,256
TELANGANA,2031,22,553,285,268,256
TELANGANA,2036,22,524,278,245,256
TELANGANA,2026,23,629,325,304,256
TELANGANA,2031,23,563,290,273,256
TELANGANA,2036,23,528,280,248,256
NORTH-EAST STATES (Excluding Assam),2011,5,315,161,154,260
NORTH-EAST STATES (Excluding Assam),2016,5,281,144,136,260
NORTH-EAST STATES (Excluding Assam),2021,5,220,114,106,260
NORTH-EAST STATES (Excluding Assam),2011,6,317,162,155,260
NORTH-EAST STATES (Excluding Assam),2016,6,303,155,148,260
NORTH-EAST STATES (Excluding Assam),2021,6,210,110,101,260
NORTH-EAST STATES (Excluding Assam),2011,7,318,163,156,260
NORTH-EAST STATES (Excluding Assam),2016,7,317,162,155,260
NORTH-EAST STATES (Excluding Assam),2021,7,212,110,102,260
NORTH-EAST STATES (Excluding Assam),2011,8,319,163,156,260
NORTH-EAST STATES (Excluding Assam),2016,8,321,164,157,260
NORTH-EAST STATES (Excluding Assam),2021,8,225,117,108,260
NORTH-EAST STATES (Excluding Assam),2011,9,320,164,157,260
NORTH-EAST STATES (Excluding Assam),2016,9,317,162,155,260
NORTH-EAST STATES (Excluding Assam),2021,9,249,129,121,260
NORTH-EAST STATES (Excluding Assam),2011,10,323,165,158,260
NORTH-EAST STATES (Excluding Assam),2016,10,313,160,153,260
NORTH-EAST STATES (Excluding Assam),2021,10,279,143,136,260
NORTH-EAST STATES (Excluding Assam),2011,11,326,166,159,260
NORTH-EAST STATES (Excluding Assam),2016,11,315,161,154,260
NORTH-EAST STATES (Excluding Assam),2021,11,302,155,147,260
NORTH-EAST STATES (Excluding Assam),2011,12,326,166,160,260
NORTH-EAST STATES (Excluding Assam),2016,12,317,162,155,260
NORTH-EAST STATES (Excluding Assam),2021,12,315,161,154,260
NORTH-EAST STATES (Excluding Assam),2011,13,324,165,159,260
NORTH-EAST STATES (Excluding Assam),2016,13,318,162,156,260
NORTH-EAST STATES (Excluding Assam),2021,13,320,164,156,260
NORTH-EAST STATES (Excluding Assam),2011,14,320,162,157,260
NORTH-EAST STATES (Excluding Assam),2016,14,319,163,156,260
NORTH-EAST STATES (Excluding Assam),2021,14,316,161,154,260
NORTH-EAST STATES (Excluding Assam),2011,15,316,160,156,260
NORTH-EAST STATES (Excluding Assam),2016,15,321,164,157,260
NORTH-EAST STATES (Excluding Assam),2021,15,312,159,152,260
NORTH-EAST STATES (Excluding Assam),2011,16,314,159,155,260
NORTH-EAST STATES (Excluding Assam),2016,16,324,165,159,260
NORTH-EAST STATES (Excluding Assam),2021,16,314,160,153,260
NORTH-EAST STATES (Excluding Assam),2011,17,311,157,154,260
NORTH-EAST STATES (Excluding Assam),2016,17,324,165,159,260
NORTH-EAST STATES (Excluding Assam),2021,17,315,161,154,260
NORTH-EAST STATES (Excluding Assam),2011,18,307,155,152,260
NORTH-EAST STATES (Excluding Assam),2016,18,322,164,158,260
NORTH-EAST STATES (Excluding Assam),2021,18,316,161,155,260
NORTH-EAST STATES (Excluding Assam),2011,19,302,152,150,260
NORTH-EAST STATES (Excluding Assam),2016,19,318,161,156,260
NORTH-EAST STATES (Excluding Assam),2021,19,317,162,155,260
NORTH-EAST STATES (Excluding Assam),2011,20,298,150,148,260
NORTH-EAST STATES (Excluding Assam),2016,20,314,159,155,260
NORTH-EAST STATES (Excluding Assam),2021,20,319,163,157,260
NORTH-EAST STATES (Excluding Assam),2011,21,295,148,147,260
NORTH-EAST STATES (Excluding Assam),2016,21,312,158,154,260
NORTH-EAST STATES (Excluding Assam),2021,21,322,164,158,260
NORTH-EAST STATES (Excluding Assam),2011,22,290,145,145,260
NORTH-EAST STATES (Excluding Assam),2016,22,309,156,153,260
NORTH-EAST STATES (Excluding Assam),2021,22,322,164,158,260
NORTH-EAST STATES (Excluding Assam),2011,23,285,143,142,260
NORTH-EAST STATES (Excluding Assam),2016,23,305,154,151,260
NORTH-EAST STATES (Excluding Assam),2021,23,320,163,157,260
NORTH-EAST STATES (Excluding Assam),2026,5,233,121,112,260
NORTH-EAST STATES (Excluding Assam),2031,5,235,122,114,260
NORTH-EAST STATES (Excluding Assam),2036,5,229,118,111,260
NORTH-EAST STATES (Excluding Assam),2026,6,232,120,112,260
NORTH-EAST STATES (Excluding Assam),2031,6,236,122,114,260
NORTH-EAST STATES (Excluding Assam),2036,6,232,120,112,260
NORTH-EAST STATES (Excluding Assam),2026,7,231,120,111,260
NORTH-EAST STATES (Excluding Assam),2031,7,236,122,114,260
NORTH-EAST STATES (Excluding Assam),2036,7,234,121,113,260
NORTH-EAST STATES (Excluding Assam),2026,8,230,119,111,260
NORTH-EAST STATES (Excluding Assam),2031,8,235,122,113,260
NORTH-EAST STATES (Excluding Assam),2036,8,235,121,113,260
NORTH-EAST STATES (Excluding Assam),2026,9,228,118,110,260
NORTH-EAST STATES (Excluding Assam),2031,9,233,121,113,260
NORTH-EAST STATES (Excluding Assam),2036,9,234,121,113,260
NORTH-EAST STATES (Excluding Assam),2026,10,219,114,105,260
NORTH-EAST STATES (Excluding Assam),2031,10,232,120,112,260
NORTH-EAST STATES (Excluding Assam),2036,10,234,121,113,260
NORTH-EAST STATES (Excluding Assam),2026,11,210,109,100,260
NORTH-EAST STATES (Excluding Assam),2031,11,232,120,112,260
NORTH-EAST STATES (Excluding Assam),2036,11,235,122,113,260
NORTH-EAST STATES (Excluding Assam),2026,12,212,110,101,260
NORTH-EAST STATES (Excluding Assam),2031,12,230,119,111,260
NORTH-EAST STATES (Excluding Assam),2036,12,235,122,113,260
NORTH-EAST STATES (Excluding Assam),2026,13,224,116,108,260
NORTH-EAST STATES (Excluding Assam),2031,13,229,119,110,260
NORTH-EAST STATES (Excluding Assam),2036,13,234,121,113,260
NORTH-EAST STATES (Excluding Assam),2026,14,248,128,120,260
NORTH-EAST STATES (Excluding Assam),2031,14,227,118,109,260
NORTH-EAST STATES (Excluding Assam),2036,14,233,120,112,260
NORTH-EAST STATES (Excluding Assam),2026,15,278,143,135,260
NORTH-EAST STATES (Excluding Assam),2031,15,218,113,105,260
NORTH-EAST STATES (Excluding Assam),2036,15,231,120,112,260
NORTH-EAST STATES (Excluding Assam),2026,16,300,154,147,260
NORTH-EAST STATES (Excluding Assam),2031,16,209,109,100,260
NORTH-EAST STATES (Excluding Assam),2036,16,231,119,111,260
NORTH-EAST STATES (Excluding Assam),2026,17,314,161,153,260
NORTH-EAST STATES (Excluding Assam),2031,17,211,110,101,260
NORTH-EAST STATES (Excluding Assam),2036,17,230,119,111,260
NORTH-EAST STATES (Excluding Assam),2026,18,319,163,156,260
NORTH-EAST STATES (Excluding Assam),2031,18,223,116,108,260
NORTH-EAST STATES (Excluding Assam),2036,18,228,118,110,260
NORTH-EAST STATES (Excluding Assam),2026,19,314,160,154,260
NORTH-EAST STATES (Excluding Assam),2031,19,247,127,120,260
NORTH-EAST STATES (Excluding Assam),2036,19,226,117,109,260
NORTH-EAST STATES (Excluding Assam),2026,20,310,158,152,260
NORTH-EAST STATES (Excluding Assam),2031,20,277,142,135,260
NORTH-EAST STATES (Excluding Assam),2036,20,217,112,104,260
NORTH-EAST STATES (Excluding Assam),2026,21,312,159,153,260
NORTH-EAST STATES (Excluding Assam),2031,21,299,153,146,260
NORTH-EAST STATES (Excluding Assam),2036,21,208,108,100,260
NORTH-EAST STATES (Excluding Assam),2026,22,313,160,154,260
NORTH-EAST STATES (Excluding Assam),2031,22,312,160,153,260
NORTH-EAST STATES (Excluding Assam),2036,22,210,109,101,260
NORTH-EAST STATES (Excluding Assam),2026,23,315,160,154,260
NORTH-EAST STATES (Excluding Assam),2031,23,317,162,155,260
NORTH-EAST STATES (Excluding Assam),2036,23,222,115,107,260
