dependent,dv_label,column,regressor,coef,se,t,p,ci_lo,ci_hi,N,r2_within
norm_credit_accts_per_adult,ACCESS  credit accounts / adult,(1) UPI only,c_upi,0.43898379938410786,0.11111709503446879,3.9506414314371163,0.0001299780352634894,0.21905194256749172,0.658915656200724,165,0.516808655088365
norm_credit_accts_per_adult,ACCESS  credit accounts / adult,(1) UPI only,branches_per_lakh_adults,0.00906969876565652,0.0052245302570061766,1.7359835850302354,0.08505066044295129,-0.0012711100906362578,0.019410507621949298,165,0.516808655088365
norm_credit_accts_per_adult,ACCESS  credit accounts / adult,(1) UPI only,atms_per_lakh_adults,-0.0006977548121623243,0.002414754370017094,-0.28895477768920447,0.7730985021005083,-0.005477230123221842,0.004081720498897193,165,0.516808655088365
norm_credit_accts_per_adult,ACCESS  credit accounts / adult,(1) UPI only,ln_nsdp_pc,0.041249962806104115,0.028433282281859724,1.4507633131198983,0.1493707758186782,-0.015027467464193957,0.09752739307640218,165,0.516808655088365
norm_credit_accts_per_adult,ACCESS  credit accounts / adult,(2) + skills,c_upi,0.44112156531311764,0.1148149301892085,3.842022675850382,0.00019440262147174536,0.21385245087031132,0.6683906797559239,165,0.5309499979751755
norm_credit_accts_per_adult,ACCESS  credit accounts / adult,(2) + skills,upi_x_diglit_w,-0.04158641427205816,0.025864280548755815,-1.6078705221923775,0.11042748997955432,-0.09278317175237168,0.00961034320825535,165,0.5309499979751755
norm_credit_accts_per_adult,ACCESS  credit accounts / adult,(2) + skills,branches_per_lakh_adults,0.004853317261760344,0.004755149640557648,1.020644486214567,0.3094261887459566,-0.004559209890166982,0.014265844413687669,165,0.5309499979751755
norm_credit_accts_per_adult,ACCESS  credit accounts / adult,(2) + skills,atms_per_lakh_adults,-0.0008254788092788827,0.002275628865124095,-0.36274755604045633,0.7174160563610052,-0.005329946617820487,0.0036789889992627214,165,0.5309499979751755
norm_credit_accts_per_adult,ACCESS  credit accounts / adult,(2) + skills,ln_nsdp_pc,0.03311756546088034,0.021734842958292623,1.523708522966107,0.1301485390591488,-0.009905223505191851,0.07614035442695254,165,0.5309499979751755
norm_credit_accts_per_adult,ACCESS  credit accounts / adult,(3) + resources,c_upi,0.4964415541978013,0.1411539475125714,3.5170221091662164,0.0006120929530692987,0.2170359699377878,0.7758471384578147,165,0.4410049474684766
norm_credit_accts_per_adult,ACCESS  credit accounts / adult,(3) + resources,upi_x_income_s,-0.02961634047082129,0.028083954588337325,-1.0545644623396568,0.29369165339395176,-0.08520680661337976,0.025974125671737187,165,0.4410049474684766
norm_credit_accts_per_adult,ACCESS  credit accounts / adult,(3) + resources,branches_per_lakh_adults,0.008002292133001842,0.0048402343513687645,1.6532860915585383,0.10082280408946365,-0.0015786549870149841,0.01758323925301867,165,0.4410049474684766
norm_credit_accts_per_adult,ACCESS  credit accounts / adult,(3) + resources,atms_per_lakh_adults,-0.0007019525954843383,0.0023317952503113695,-0.30103526259031754,0.7638958942026781,-0.005317598319667486,0.003913693128698809,165,0.4410049474684766
norm_credit_accts_per_adult,ACCESS  credit accounts / adult,(3) + resources,ln_nsdp_pc,0.03771120029070397,0.026116743056393214,1.4439472873503079,0.15129613275599163,-0.01398529124376268,0.08940769182517061,165,0.4410049474684766
norm_credit_accts_per_adult,ACCESS  credit accounts / adult,(4) + both,c_upi,0.37385933130204113,0.14369642134489413,2.601730285298613,0.010423408972162207,0.08939791306872386,0.6583207495353585,165,0.5934562116902415
norm_credit_accts_per_adult,ACCESS  credit accounts / adult,(4) + both,upi_x_diglit_w,-0.061439447191251426,0.0431194934658135,-1.4248647711959457,0.15674945940449025,-0.14679879121658124,0.023919896834078386,165,0.5934562116902415
norm_credit_accts_per_adult,ACCESS  credit accounts / adult,(4) + both,upi_x_income_s,0.03519605444392973,0.04724932853861986,0.7449006267922257,0.4577643596645524,-0.058338710589697404,0.12873081947755688,165,0.5934562116902415
norm_credit_accts_per_adult,ACCESS  credit accounts / adult,(4) + both,branches_per_lakh_adults,0.004108955180751437,0.004840051268089663,0.8489486894160969,0.3975725704080122,-0.005472409721427962,0.013690320082930836,165,0.5934562116902415
norm_credit_accts_per_adult,ACCESS  credit accounts / adult,(4) + both,atms_per_lakh_adults,-0.0008814646137848856,0.002297036920290529,-0.3837398545920621,0.7018392072780542,-0.00542867862207134,0.0036657493945015684,165,0.5934562116902415
norm_credit_accts_per_adult,ACCESS  credit accounts / adult,(4) + both,ln_nsdp_pc,0.033440686617947,0.020836984081667474,1.6048717264879209,0.11110760092323102,-0.007808204538149954,0.07468957777404396,165,0.5934562116902415
norm_deposits_per_capita,USAGE   deposits Rs / capita,(1) UPI only,c_upi,0.2217946373752791,0.04843101640068885,4.579599063961095,1.117187323029789e-05,0.12593608958643204,0.31765318516412616,165,0.7946913280565153
norm_deposits_per_capita,USAGE   deposits Rs / capita,(1) UPI only,branches_per_lakh_adults,-0.015059623736056998,0.006421614051609378,-2.34514619144431,0.02060776831537492,-0.027769796744917783,-0.0023494507271962124,165,0.7946913280565153
norm_deposits_per_capita,USAGE   deposits Rs / capita,(1) UPI only,atms_per_lakh_adults,-0.0015997226219939995,0.0018314921067053855,-0.8734531894170655,0.38410449342133557,-0.005224758532514706,0.0020253132885267077,165,0.7946913280565153
norm_deposits_per_capita,USAGE   deposits Rs / capita,(1) UPI only,ln_nsdp_pc,-0.012870653333848093,0.013406489825147805,-0.9600315594694598,0.3389075659484013,-0.03940585207822844,0.013664545410532256,165,0.7946913280565153
norm_deposits_per_capita,USAGE   deposits Rs / capita,(2) + skills,c_upi,0.2176353765473824,0.03164633801058973,6.877110914841259,2.7288904469457975e-10,0.15499339084768243,0.2802773622470824,165,0.8690979036398705
norm_deposits_per_capita,USAGE   deposits Rs / capita,(2) + skills,upi_x_diglit_w,0.08091098352127754,0.025714155821784525,3.146554142474759,0.0020725872579359095,0.030011388733120065,0.13181057830943502,165,0.8690979036398705
norm_deposits_per_capita,USAGE   deposits Rs / capita,(2) + skills,branches_per_lakh_adults,-0.006856185657713649,0.005013091631587935,-1.367656161421869,0.1739134705942622,-0.016779293165196312,0.003066921849769015,165,0.8690979036398705
norm_deposits_per_capita,USAGE   deposits Rs / capita,(2) + skills,atms_per_lakh_adults,-0.001351221412960618,0.0013367577730511756,-1.0108199407559297,0.3140869521888403,-0.0039972514615372896,0.0012948086356160534,165,0.8690979036398705
norm_deposits_per_capita,USAGE   deposits Rs / capita,(2) + skills,ln_nsdp_pc,0.0029518280968241564,0.01707251173787961,0.1728994621380047,0.8630146481001693,-0.03084216208884425,0.036745818282492564,165,0.8690979036398705
norm_deposits_per_capita,USAGE   deposits Rs / capita,(3) + resources,c_upi,0.020980640782396205,0.0629068218243387,0.3335193254712922,0.739310190441981,-0.10353955589297151,0.14550083745776393,165,0.5251862884412155
norm_deposits_per_capita,USAGE   deposits Rs / capita,(3) + resources,upi_x_income_s,0.10350866847626614,0.02431953707933008,4.256194027814836,4.0850385474522355e-05,0.05536963597787917,0.1516477009746531,165,0.5251862884412155
norm_deposits_per_capita,USAGE   deposits Rs / capita,(3) + resources,branches_per_lakh_adults,-0.011329053465983471,0.005373556600369828,-2.108297038353288,0.03703448975810675,-0.021965679277293967,-0.0006924276546729762,165,0.5251862884412155
norm_deposits_per_capita,USAGE   deposits Rs / capita,(3) + resources,atms_per_lakh_adults,-0.0015850514318568657,0.0012047782869649608,-1.3156374488204605,0.19074276263264656,-0.00396983618003575,0.0007997333163220191,165,0.5251862884412155
norm_deposits_per_capita,USAGE   deposits Rs / capita,(3) + resources,ln_nsdp_pc,-0.0005027310922844092,0.013060861814112704,-0.038491418057971585,0.9693582779843242,-0.026355906227797,0.02535044404322818,165,0.5251862884412155
norm_deposits_per_capita,USAGE   deposits Rs / capita,(4) + both,c_upi,0.13195600458365284,0.03891722879599658,3.390683475315364,0.0009399691388205511,0.054915463188061286,0.20899654597924439,165,0.8256280910324284
norm_deposits_per_capita,USAGE   deposits Rs / capita,(4) + both,upi_x_diglit_w,0.05562197227892706,0.027437437613367536,2.0272291116510095,0.04481812752103753,0.0013068241135199554,0.10993712044433417,165,0.8256280910324284
norm_deposits_per_capita,USAGE   deposits Rs / capita,(4) + both,upi_x_income_s,0.044833120467877116,0.01853619836724074,2.418679363461672,0.017054051246308655,0.008138864432483114,0.08152737650327112,165,0.8256280910324284
norm_deposits_per_capita,USAGE   deposits Rs / capita,(4) + both,branches_per_lakh_adults,-0.007804362246733202,0.004930833846458674,-1.5827672336471643,0.11606350562505097,-0.017565440330020596,0.0019567158365541935,165,0.8256280910324284
norm_deposits_per_capita,USAGE   deposits Rs / capita,(4) + both,atms_per_lakh_adults,-0.001422536745248992,0.0012939488579692105,-1.0993763288926224,0.2737686566754731,-0.003984037747252766,0.0011389642567547818,165,0.8256280910324284
norm_deposits_per_capita,USAGE   deposits Rs / capita,(4) + both,ln_nsdp_pc,0.0033634233733222984,0.016235971293978406,0.20715874107080517,0.836231262369886,-0.028777303427349906,0.035504150173994505,165,0.8256280910324284
norm_credit_per_capita,USAGE   credit Rs / capita,(1) UPI only,c_upi,0.14481400847424963,0.01977007033579447,7.324911141669452,2.6616486792363503e-11,0.10568350135473217,0.1839445155937671,165,0.6386458625532921
norm_credit_per_capita,USAGE   credit Rs / capita,(1) UPI only,branches_per_lakh_adults,0.002683720692922653,0.0018529652600951787,1.4483383745601373,0.15004634518760263,-0.0009838166031432777,0.006351257988988584,165,0.6386458625532921
norm_credit_per_capita,USAGE   credit Rs / capita,(1) UPI only,atms_per_lakh_adults,0.0011911675489966972,0.0007440836844685557,1.6008515894921962,0.11195446161814493,-0.000281582492761996,0.0026639175907553904,165,0.6386458625532921
norm_credit_per_capita,USAGE   credit Rs / capita,(1) UPI only,ln_nsdp_pc,0.005168109862437388,0.006697312606087631,0.7716692002311122,0.4417784746348661,-0.008087747813478903,0.01842396753835368,165,0.6386458625532921
norm_credit_per_capita,USAGE   credit Rs / capita,(2) + skills,c_upi,0.14474723470801046,0.019948975144426145,7.2558732295806,3.9229730575129906e-11,0.10525946157916857,0.18423500783685234,165,0.6376265062929913
norm_credit_per_capita,USAGE   credit Rs / capita,(2) + skills,upi_x_diglit_w,0.00129896424470353,0.012024922688748788,0.10802266911195328,0.9141537231140071,-0.022503632910662,0.025101561400069063,165,0.6376265062929913
norm_credit_per_capita,USAGE   credit Rs / capita,(2) + skills,branches_per_lakh_adults,0.002815420646175665,0.0015740156388443262,1.7886865776268928,0.07612680187407572,-0.00030024680029464403,0.0059310880926459735,165,0.6376265062929913
norm_credit_per_capita,USAGE   credit Rs / capita,(2) + skills,atms_per_lakh_adults,0.0011951570467292896,0.000715336691611997,1.6707615598970982,0.09731141842191948,-0.00022080807351415556,0.0026111221669727347,165,0.6376265062929913
norm_credit_per_capita,USAGE   credit Rs / capita,(2) + skills,ln_nsdp_pc,0.005422127756503952,0.007685987934190384,0.705456188967476,0.4818602677196884,-0.009791814093592857,0.020636069606600763,165,0.6376265062929913
norm_credit_per_capita,USAGE   credit Rs / capita,(3) + resources,c_upi,0.10061034242880806,0.031736854416834215,3.1701422298311077,0.0019232482208253465,0.037789185052952146,0.16343149980466398,165,0.7267585059368682
norm_credit_per_capita,USAGE   credit Rs / capita,(3) + resources,upi_x_income_s,0.022784580217330073,0.012527341713516044,1.8187881147001246,0.07137658522467549,-0.002012524591786618,0.04758168502644676,165,0.7267585059368682
norm_credit_per_capita,USAGE   credit Rs / capita,(3) + resources,branches_per_lakh_adults,0.003504902907186829,0.0017763303982122173,1.9731142982827568,0.05072505567665786,-1.1234200541626431e-05,0.007021040014915284,165,0.7267585059368682
norm_credit_per_capita,USAGE   credit Rs / capita,(3) + resources,atms_per_lakh_adults,0.0011943970071037727,0.0006335521424071882,1.8852386838526793,0.061756836038724394,-5.968061260075712e-05,0.0024484746268083023,165,0.7267585059368682
norm_credit_per_capita,USAGE   credit Rs / capita,(3) + resources,ln_nsdp_pc,0.007890567030352985,0.007014988276064448,1.1248154266025023,0.2628574733466109,-0.005995172138764965,0.021776306199470935,165,0.7267585059368682
norm_credit_per_capita,USAGE   credit Rs / capita,(4) + both,c_upi,0.04369045243305338,0.03158780473839671,1.3831430450735072,0.1691470564295754,-0.018840761988736417,0.10622166685484319,165,0.6389736498262653
norm_credit_per_capita,USAGE   credit Rs / capita,(4) + both,upi_x_diglit_w,-0.028528823290305733,0.014163679099889012,-2.01422406488504,0.046185392641335365,-0.05656724071536977,-0.0004904058652417005,165,0.6389736498262653
norm_credit_per_capita,USAGE   credit Rs / capita,(4) + both,upi_x_income_s,0.05287959972147253,0.011822279261863656,4.472876892026371,1.7430938520357486e-05,0.029476217131252126,0.07628298231169292,165,0.6389736498262653
norm_credit_per_capita,USAGE   credit Rs / capita,(4) + both,branches_per_lakh_adults,0.0016970689015419142,0.0012429796773200021,1.3653231283724423,0.17466377460565696,-0.0007635335166421232,0.004157671319725951,165,0.6389736498262653
norm_credit_per_capita,USAGE   credit Rs / capita,(4) + both,atms_per_lakh_adults,0.0011110423077582414,0.0006450000712427375,1.7225460233168175,0.08750462343591248,-0.00016579975489775488,0.0023878843704142378,165,0.6389736498262653
norm_credit_per_capita,USAGE   credit Rs / capita,(4) + both,ln_nsdp_pc,0.005907594599795951,0.007532334257770308,0.7842979875331096,0.43438545860039257,-0.009003413381606895,0.020818602581198796,165,0.6389736498262653
norm_deposit_accts_per_adult,"ACCESS  deposit accounts / adult (entangled, D17)",(1) UPI only,c_upi,0.19258223271167252,0.15135010653021186,1.2724287886327326,0.20560164364032163,-0.10698202378960242,0.49214648921294746,165,0.23076127918370393
norm_deposit_accts_per_adult,"ACCESS  deposit accounts / adult (entangled, D17)",(1) UPI only,branches_per_lakh_adults,0.001823984519887358,0.010454335181378725,0.17447159367304788,0.8617793938155969,-0.018868073236938163,0.022516042276712882,165,0.23076127918370393
norm_deposit_accts_per_adult,"ACCESS  deposit accounts / adult (entangled, D17)",(1) UPI only,atms_per_lakh_adults,-0.011457781685291966,0.00798978512094126,-1.4340537964232696,0.15407388312784298,-0.02727180451111632,0.004356241140532388,165,0.23076127918370393
norm_deposit_accts_per_adult,"ACCESS  deposit accounts / adult (entangled, D17)",(1) UPI only,ln_nsdp_pc,-0.022252148049225345,0.034441848945564284,-0.6460787887547822,0.519422237924196,-0.09042221484628862,0.04591791874783793,165,0.23076127918370393
norm_deposit_accts_per_adult,"ACCESS  deposit accounts / adult (entangled, D17)",(2) + skills,c_upi,0.18770055521459592,0.1320646834286534,1.4212774402779622,0.15776653789656803,-0.07371338809868119,0.449114498527873,165,0.2885541335602744
norm_deposit_accts_per_adult,"ACCESS  deposit accounts / adult (entangled, D17)",(2) + skills,upi_x_diglit_w,0.0949643082907821,0.05735317696156023,1.65578113230641,0.10031530278807677,-0.018562788899932223,0.20849140548149642,165,0.2885541335602744
norm_deposit_accts_per_adult,"ACCESS  deposit accounts / adult (entangled, D17)",(2) + skills,branches_per_lakh_adults,0.011452267217888085,0.011438914541559828,1.0011673027436077,0.3187114564558371,-0.01119036274115177,0.034094897176927944,165,0.2885541335602744
norm_deposit_accts_per_adult,"ACCESS  deposit accounts / adult (entangled, D17)",(2) + skills,atms_per_lakh_adults,-0.01116611862054783,0.007117435292688529,-1.568840201753342,0.11925422655886253,-0.025254645377543884,0.002922408136448224,165,0.2885541335602744
norm_deposit_accts_per_adult,"ACCESS  deposit accounts / adult (entangled, D17)",(2) + skills,ln_nsdp_pc,-0.0036814801483414567,0.04553125175451859,-0.08085611544769579,0.9356877970450401,-0.0938078012519579,0.08644484095527499,165,0.2885541335602744
norm_deposit_accts_per_adult,"ACCESS  deposit accounts / adult (entangled, D17)",(3) + resources,c_upi,0.038720547865576875,0.14290922842019987,0.2709450487810752,0.7868874579904372,-0.24415950732620212,0.3216006030573559,165,0.06158758005132248
norm_deposit_accts_per_adult,"ACCESS  deposit accounts / adult (entangled, D17)",(3) + resources,upi_x_income_s,0.07930731123399543,0.06812272447385871,1.1641829044055434,0.24660306161031897,-0.05553744492351287,0.21415206739150372,165,0.06158758005132248
norm_deposit_accts_per_adult,"ACCESS  deposit accounts / adult (entangled, D17)",(3) + resources,branches_per_lakh_adults,0.004682310318531465,0.010542214641134166,0.44414864218963834,0.6577155504378238,-0.01618535716868652,0.025549977805749448,165,0.06158758005132248
norm_deposit_accts_per_adult,"ACCESS  deposit accounts / adult (entangled, D17)",(3) + resources,atms_per_lakh_adults,-0.011446540765478127,0.007615129841518884,-1.5031313981108751,0.13536837574971705,-0.026520223365789044,0.00362714183483279,165,0.06158758005132248
norm_deposit_accts_per_adult,"ACCESS  deposit accounts / adult (entangled, D17)",(3) + resources,ln_nsdp_pc,-0.012775969165188677,0.037320321845762484,-0.3423327702796678,0.7326847480974963,-0.08664925796682366,0.061097319636446296,165,0.06158758005132248
norm_deposit_accts_per_adult,"ACCESS  deposit accounts / adult (entangled, D17)",(4) + both,c_upi,0.2861906650318427,0.15866085741595795,1.8037887207526078,0.07373200116318879,-0.027894349029373544,0.600275679093059,165,0.3125230128856372
norm_deposit_accts_per_adult,"ACCESS  deposit accounts / adult (entangled, D17)",(4) + both,upi_x_diglit_w,0.12403452014391146,0.05258311708486473,2.358827833346779,0.019921634272515476,0.01994098795226454,0.22812805233555838,165,0.3125230128856372
norm_deposit_accts_per_adult,"ACCESS  deposit accounts / adult (entangled, D17)",(4) + both,upi_x_income_s,-0.05153654674546772,0.05351313545084001,-0.963063485465394,0.33742067023225175,-0.15747114318138963,0.0543980496904542,165,0.3125230128856372
norm_deposit_accts_per_adult,"ACCESS  deposit accounts / adult (entangled, D17)",(4) + both,branches_per_lakh_adults,0.01254221470744499,0.011513192539538862,1.0893776564903468,0.27813452862743926,-0.010249299844819417,0.035333729259709394,165,0.3125230128856372
norm_deposit_accts_per_adult,"ACCESS  deposit accounts / adult (entangled, D17)",(4) + both,atms_per_lakh_adults,-0.011084140254603348,0.007161508407701119,-1.5477382170890188,0.12427552278216347,-0.025261061428269525,0.0030927809190628274,165,0.3125230128856372
norm_deposit_accts_per_adult,"ACCESS  deposit accounts / adult (entangled, D17)",(4) + both,ln_nsdp_pc,-0.004154616949574339,0.046719016899274025,-0.08892774774203133,0.9292851487271201,-0.09663957712639241,0.08833034322724374,165,0.3125230128856372
Access,composite Access,(1) UPI only,c_upi,0.3157830160478902,0.08732213326980498,3.61629983399735,0.00043317999526326645,0.14294805392744592,0.4886179781683345,165,0.6091042684542921
Access,composite Access,(1) UPI only,branches_per_lakh_adults,0.005446841642771937,0.00608333258412898,0.8953713392199522,0.37232340885696225,-0.006593777583688985,0.01748746086923286,165,0.6091042684542921
Access,composite Access,(1) UPI only,atms_per_lakh_adults,-0.006077768248727143,0.0032894187285820043,-1.8476724157727207,0.0670328602700685,-0.012588449333397127,0.0004329128359428407,165,0.6091042684542921
Access,composite Access,(1) UPI only,ln_nsdp_pc,0.00949890737843931,0.024676223890899452,0.38494169206912127,0.7009400758169662,-0.03934225192170767,0.05834006667858629,165,0.6091042684542921
Access,composite Access,(2) + skills,c_upi,0.3144110602638568,0.08201877461577564,3.833403531529748,0.00020058657749411068,0.15205992488544184,0.47676219564227174,165,0.6144220941731078
Access,composite Access,(2) + skills,upi_x_diglit_w,0.026688947009361946,0.029799573386390756,0.8956150701657558,0.37220777135032046,-0.03229748135093677,0.08567537536966066,165,0.6144220941731078
Access,composite Access,(2) + skills,branches_per_lakh_adults,0.008152792239824208,0.006092847486876105,1.3380922889314382,0.18333485614151623,-0.003907625778071867,0.020213210257720285,165,0.6144220941731078
Access,composite Access,(2) + skills,atms_per_lakh_adults,-0.005995798714913353,0.003026097298581107,-1.981363493409381,0.049781084679040966,-0.011985772772581137,-5.824657245568493e-06,165,0.6144220941731078
Access,composite Access,(2) + skills,ln_nsdp_pc,0.014718042656269354,0.029057252428208478,0.5065187320319808,0.6133992963497616,-0.04279900688264784,0.07223509219518655,165,0.6144220941731078
Access,composite Access,(3) + resources,c_upi,0.267581051031689,0.10140687627856139,2.638687442621273,0.009399027611021182,0.06685235719143415,0.4683097448719439,165,0.618223973271179
Access,composite Access,(3) + resources,upi_x_income_s,0.024845485381587082,0.0354223502102133,0.7014070278832994,0.4843739944905352,-0.04527088494143204,0.0949618557046062,165,0.618223973271179
Access,composite Access,(3) + resources,branches_per_lakh_adults,0.00634230122576665,0.005986388676812784,1.0594536319254428,0.29146930301772,-0.005507388105121089,0.018191990556654387,165,0.618223973271179
Access,composite Access,(3) + resources,atms_per_lakh_adults,-0.00607424668048123,0.003176985346880925,-1.9119530048965303,0.058208138697402934,-0.0123628943780719,0.00021440101710944095,165,0.618223973271179
Access,composite Access,(3) + resources,ln_nsdp_pc,0.012467615562757564,0.026111584780271008,0.47747448757601474,0.6338716517647183,-0.0392186654804044,0.06415389660591952,165,0.618223973271179
Access,composite Access,(4) + both,c_upi,0.3300249981669417,0.10272593982749138,3.2126744103889995,0.0016821511803939426,0.126668740167014,0.5333812561668694,165,0.6060160933685715
Access,composite Access,(4) + both,upi_x_diglit_w,0.03129753647632994,0.034979834031062515,0.8947308454504773,0.3726927923569061,-0.03794853872104421,0.1005436116737041,165,0.6060160933685715
Access,composite Access,(4) + both,upi_x_income_s,-0.008170246150768902,0.038272363121672405,-0.21347639613458713,0.831311737219594,-0.08393421153582811,0.0675937192342903,165,0.6060160933685715
Access,composite Access,(4) + both,branches_per_lakh_adults,0.008325584944098205,0.0062916915899403,1.3232665373188142,0.1882213627386573,-0.004129446962823019,0.02078061685101943,165,0.6060160933685715
Access,composite Access,(4) + both,atms_per_lakh_adults,-0.005982802434194116,0.003051595989480853,-1.9605486620173234,0.05221069348357532,-0.012023741484160726,5.813661577249406e-05,165,0.6060160933685715
Access,composite Access,(4) + both,ln_nsdp_pc,0.014643034834186254,0.029350405485708702,0.49890400462495277,0.6187453997652164,-0.043459024298856265,0.07274509396722878,165,0.6060160933685715
Usage,composite Usage,(1) UPI only,c_upi,0.18330432292476417,0.027576420509160926,6.647139822366366,8.488634239967041e-10,0.12872286212384762,0.23788578372568073,165,0.8633214648185774
Usage,composite Usage,(1) UPI only,branches_per_lakh_adults,-0.006187951521567188,0.0026246443034388966,-2.3576343329492406,0.019956914011308502,-0.011382857804523996,-0.0009930452386103794,165,0.8633214648185774
Usage,composite Usage,(1) UPI only,atms_per_lakh_adults,-0.00020427753649864596,0.0012251964818374582,-0.16673043020192627,0.867853738456164,-0.002629284571933748,0.0022207294989364562,165,0.8633214648185774
Usage,composite Usage,(1) UPI only,ln_nsdp_pc,-0.0038512717357053784,0.006733348601964783,-0.5719697528480231,0.5683779123682366,-0.01717845474174337,0.009475911270332614,165,0.8633214648185774
Usage,composite Usage,(2) + skills,c_upi,0.18119130562769623,0.020796854305186373,8.712438091298754,1.6653345369377348e-14,0.1400252076877611,0.22235740356763134,165,0.8945579306963345
Usage,composite Usage,(2) + skills,upi_x_diglit_w,0.04110497388299052,0.011442492732039174,3.5923093722310955,0.00047222333486218737,0.018455261115293213,0.06375468665068781,165,0.8945579306963345
Usage,composite Usage,(2) + skills,branches_per_lakh_adults,-0.0020203825057690116,0.002572032840671206,-0.7855197156976292,0.4336594454689915,-0.007111563809924018,0.0030707987983859945,165,0.8945579306963345
Usage,composite Usage,(2) + skills,atms_per_lakh_adults,-7.803218311565839e-05,0.0009235927120161054,-0.0844876557604297,0.9328060766404744,-0.001906227326550576,0.0017501629603192594,165,0.8945579306963345
Usage,composite Usage,(2) + skills,ln_nsdp_pc,0.004186977926664021,0.0076600737502076875,0.5465975998665156,0.5856454188389968,-0.010975668385164814,0.019349624238492857,165,0.8945579306963345
Usage,composite Usage,(3) + resources,c_upi,0.06079549160560199,0.027124144247172733,2.241379158420416,0.026794747746534453,0.007104911182697307,0.11448607202850668,165,0.7558235847215158
Usage,composite Usage,(3) + resources,upi_x_income_s,0.06314662434679806,0.011969195977638349,5.275761585387423,5.759500047997079e-07,0.03945433479919755,0.08683891389439857,165,0.7558235847215158
Usage,composite Usage,(3) + resources,branches_per_lakh_adults,-0.0039120752793983405,0.0022469144441061156,-1.7410877791364556,0.0841686196257867,-0.0083597046521569,0.0005355540933602203,165,0.7558235847215158
Usage,composite Usage,(3) + resources,atms_per_lakh_adults,-0.0001953272123765403,0.0008418963001498003,-0.23200863614887648,0.8169168701981757,-0.001861809317729978,0.0014711548929768974,165,0.7558235847215158
Usage,composite Usage,(3) + resources,ln_nsdp_pc,0.0036939179690342588,0.005513380274565074,0.669991508852644,0.5041190963211326,-0.007219480232070188,0.014607316170138706,165,0.7558235847215158
Usage,composite Usage,(4) + both,c_upi,0.0878232285083529,0.023038223264356183,3.8120660391476235,0.00021745913469906064,0.04221676453368536,0.13342969248302045,165,0.8447166819289696
Usage,composite Usage,(4) + both,upi_x_diglit_w,0.01354657449431065,0.011361826441142808,1.1922884550723778,0.23546208746036146,-0.008945295747961931,0.03603844473658323,165,0.8447166819289696
Usage,composite Usage,(4) + both,upi_x_income_s,0.048856360094674804,0.008760815128308366,5.576691138796868,1.4987391994125687e-07,0.031513451531231654,0.06619926865811795,165,0.8447166819289696
Usage,composite Usage,(4) + both,branches_per_lakh_adults,-0.0030536466725956655,0.002492107612968662,-1.2253269709160288,0.2228123701088267,-0.007987022600404056,0.0018797292552127248,165,0.8447166819289696
Usage,composite Usage,(4) + both,atms_per_lakh_adults,-0.00015574721874536877,0.0008606746002265161,-0.18095946912384603,0.8566996682348336,-0.0018595385527703163,0.0015480441152795788,165,0.8447166819289696
Usage,composite Usage,(4) + both,ln_nsdp_pc,0.0046355089865590905,0.0064458727386773945,0.7191437334380626,0.47342759602136386,-0.008124739903667015,0.017395757876785198,165,0.8447166819289696
AUG,composite AUG = Access - Usage,(1) UPI only,c_upi,0.13247869312312596,0.07544433952613179,1.7559792285972506,0.0815609945957223,-0.016846788011332436,0.28180417425758436,165,0.3050382300506872
AUG,composite AUG = Access - Usage,(1) UPI only,branches_per_lakh_adults,0.011634793164339118,0.005734446764017118,2.0289303647120556,0.0446066010178745,0.0002847167045909836,0.022984869624087252,165,0.3050382300506872
AUG,composite AUG = Access - Usage,(1) UPI only,atms_per_lakh_adults,-0.0058734907122284935,0.002701356375599818,-2.174274658938447,0.03158339917783182,-0.011220231674316971,-0.0005267497501400169,165,0.3050382300506872
AUG,composite AUG = Access - Usage,(1) UPI only,ln_nsdp_pc,0.013350179114144602,0.025567180767943617,0.5221607824231911,0.6024899467994809,-0.03725443341748825,0.06395479164577746,165,0.3050382300506872
AUG,composite AUG = Access - Usage,(2) + skills,c_upi,0.13321975463616045,0.07817982068108204,1.704017142474682,0.0909029087049491,-0.021532406813630833,0.28797191608595174,165,0.3061023021071819
AUG,composite AUG = Access - Usage,(2) + skills,upi_x_diglit_w,-0.014416026873628585,0.02550159797189746,-0.5652989624224695,0.572900122827825,-0.06489487643089935,0.03606282268364218,165,0.3061023021071819
AUG,composite AUG = Access - Usage,(2) + skills,branches_per_lakh_adults,0.010173174745593212,0.005361042554753354,1.8976112652889117,0.0600913532656171,-0.000438680279717012,0.020785029770903435,165,0.3061023021071819
AUG,composite AUG = Access - Usage,(2) + skills,atms_per_lakh_adults,-0.0059177665317976915,0.0027645207720771504,-2.140612069755337,0.03427898717182609,-0.01138996589379121,-0.00044556716980417247,165,0.3061023021071819
AUG,composite AUG = Access - Usage,(2) + skills,ln_nsdp_pc,0.010531064729605253,0.023222749323646548,0.45348053250878456,0.6510017995445807,-0.03543694365584507,0.05649907311505557,165,0.3061023021071819
AUG,composite AUG = Access - Usage,(3) + resources,c_upi,0.20678555942608706,0.08873133305378084,2.3304683059450095,0.02140992828613797,0.03114732619953514,0.382423792652639,165,0.22201053734800824
AUG,composite AUG = Access - Usage,(3) + resources,upi_x_income_s,-0.03830113896521108,0.030722620263134562,-1.246675532137808,0.21488538736100415,-0.09911468202149104,0.022512404091068874,165,0.22201053734800824
AUG,composite AUG = Access - Usage,(3) + resources,branches_per_lakh_adults,0.010254376505164977,0.004914658709863291,2.0864880168759914,0.03900026391821543,0.0005261109308308323,0.01998264207949912,165,0.22201053734800824
AUG,composite AUG = Access - Usage,(3) + resources,atms_per_lakh_adults,-0.005878919468104688,0.0028425133296609843,-2.0682117500591786,0.04071606325870625,-0.011505500315729014,-0.00025233862048036106,165,0.22201053734800824
AUG,composite AUG = Access - Usage,(3) + resources,ln_nsdp_pc,0.008773697593723226,0.022923616175874174,0.3827361933828334,0.7025759673406173,-0.03660219506703273,0.054149590254479185,165,0.22201053734800824
AUG,composite AUG = Access - Usage,(4) + both,c_upi,0.24220176965858883,0.0979904896913249,2.4716864914292898,0.014826968235799987,0.048219808172795836,0.4361837311443818,165,0.11846594827206935
AUG,composite AUG = Access - Usage,(4) + both,upi_x_diglit_w,0.017750961982019337,0.031190908241522534,0.5691069283576864,0.5703298405120103,-0.04399455618278657,0.07949648014682524,165,0.11846594827206935
AUG,composite AUG = Access - Usage,(4) + both,upi_x_income_s,-0.05702660624544382,0.03660605559853018,-1.5578462446452048,0.12186006998002807,-0.12949194946016931,0.01543873696928167,165,0.11846594827206935
AUG,composite AUG = Access - Usage,(4) + both,branches_per_lakh_adults,0.011379231616693861,0.005307675698977959,2.143919911852383,0.03402343572768496,0.0008721574479506073,0.021886305785437113,165,0.11846594827206935
AUG,composite AUG = Access - Usage,(4) + both,atms_per_lakh_adults,-0.005827055215448747,0.002757519774729432,-2.113150835344598,0.0366254602886964,-0.011285841026427634,-0.0003682694044698596,165,0.11846594827206935
AUG,composite AUG = Access - Usage,(4) + both,ln_nsdp_pc,0.010007525847627086,0.024646938967485245,0.40603524278731823,0.6854279940345482,-0.0387835515374743,0.05879860323272848,165,0.11846594827206935
