state_raw,year_label,value,table,source_title,source_url
Andaman & Nicobar Islands,2011-12,89100.0,t19_pc_nsdp_current,Table 19: Per Capita Net State Domestic Product (Current Prices),https://www.rbi.org.in/Scripts/PublicationsView.aspx?id=23468
Andaman & Nicobar Islands,2012-13,98777.0,t19_pc_nsdp_current,Table 19: Per Capita Net State Domestic Product (Current Prices),https://www.rbi.org.in/Scripts/PublicationsView.aspx?id=23468
Andaman & Nicobar Islands,2013-14,111087.0,t19_pc_nsdp_current,Table 19: Per Capita Net State Domestic Product (Current Prices),https://www.rbi.org.in/Scripts/PublicationsView.aspx?id=23468
Andaman & Nicobar Islands,2014-15,126344.0,t19_pc_nsdp_current,Table 19: Per Capita Net State Domestic Product (Current Prices),https://www.rbi.org.in/Scripts/PublicationsView.aspx?id=23468
Andaman & Nicobar Islands,2015-16,137064.0,t19_pc_nsdp_current,Table 19: Per Capita Net State Domestic Product (Current Prices),https://www.rbi.org.in/Scripts/PublicationsView.aspx?id=23468
Andaman & Nicobar Islands,2016-17,153904.0,t19_pc_nsdp_current,Table 19: Per Capita Net State Domestic Product (Current Prices),https://www.rbi.org.in/Scripts/PublicationsView.aspx?id=23468
Andhra Pradesh,2011-12,69000.0,t19_pc_nsdp_current,Table 19: Per Capita Net State Domestic Product (Current Prices),https://www.rbi.org.in/Scripts/PublicationsView.aspx?id=23468
Andhra Pradesh,2012-13,74687.0,t19_pc_nsdp_current,Table 19: Per Capita Net State Domestic Product (Current Prices),https://www.rbi.org.in/Scripts/PublicationsView.aspx?id=23468
Andhra Pradesh,2013-14,82870.0,t19_pc_nsdp_current,Table 19: Per Capita Net State Domestic Product (Current Prices),https://www.rbi.org.in/Scripts/PublicationsView.aspx?id=23468
Andhra Pradesh,2014-15,93903.0,t19_pc_nsdp_current,Table 19: Per Capita Net State Domestic Product (Current Prices),https://www.rbi.org.in/Scripts/PublicationsView.aspx?id=23468
Andhra Pradesh,2015-16,108002.0,t19_pc_nsdp_current,Table 19: Per Capita Net State Domestic Product (Current Prices),https://www.rbi.org.in/Scripts/PublicationsView.aspx?id=23468
Andhra Pradesh,2016-17,120676.0,t19_pc_nsdp_current,Table 19: Per Capita Net State Domestic Product (Current Prices),https://www.rbi.org.in/Scripts/PublicationsView.aspx?id=23468
Arunachal Pradesh,2011-12,73540.0,t19_pc_nsdp_current,Table 19: Per Capita Net State Domestic Product (Current Prices),https://www.rbi.org.in/Scripts/PublicationsView.aspx?id=23468
Arunachal Pradesh,2012-13,82626.0,t19_pc_nsdp_current,Table 19: Per Capita Net State Domestic Product (Current Prices),https://www.rbi.org.in/Scripts/PublicationsView.aspx?id=23468
Arunachal Pradesh,2013-14,94135.0,t19_pc_nsdp_current,Table 19: Per Capita Net State Domestic Product (Current Prices),https://www.rbi.org.in/Scripts/PublicationsView.aspx?id=23468
Arunachal Pradesh,2014-15,114789.0,t19_pc_nsdp_current,Table 19: Per Capita Net State Domestic Product (Current Prices),https://www.rbi.org.in/Scripts/PublicationsView.aspx?id=23468
Arunachal Pradesh,2015-16,116985.0,t19_pc_nsdp_current,Table 19: Per Capita Net State Domestic Product (Current Prices),https://www.rbi.org.in/Scripts/PublicationsView.aspx?id=23468
Arunachal Pradesh,2016-17,124129.0,t19_pc_nsdp_current,Table 19: Per Capita Net State Domestic Product (Current Prices),https://www.rbi.org.in/Scripts/PublicationsView.aspx?id=23468
Assam,2011-12,41142.0,t19_pc_nsdp_current,Table 19: Per Capita Net State Domestic Product (Current Prices),https://www.rbi.org.in/Scripts/PublicationsView.aspx?id=23468
Assam,2012-13,44599.0,t19_pc_nsdp_current,Table 19: Per Capita Net State Domestic Product (Current Prices),https://www.rbi.org.in/Scripts/PublicationsView.aspx?id=23468
Assam,2013-14,49734.0,t19_pc_nsdp_current,Table 19: Per Capita Net State Domestic Product (Current Prices),https://www.rbi.org.in/Scripts/PublicationsView.aspx?id=23468
Assam,2014-15,52895.0,t19_pc_nsdp_current,Table 19: Per Capita Net State Domestic Product (Current Prices),https://www.rbi.org.in/Scripts/PublicationsView.aspx?id=23468
Assam,2015-16,60817.0,t19_pc_nsdp_current,Table 19: Per Capita Net State Domestic Product (Current Prices),https://www.rbi.org.in/Scripts/PublicationsView.aspx?id=23468
Assam,2016-17,66330.0,t19_pc_nsdp_current,Table 19: Per Capita Net State Domestic Product (Current Prices),https://www.rbi.org.in/Scripts/PublicationsView.aspx?id=23468
Bihar,2011-12,21750.0,t19_pc_nsdp_current,Table 19: Per Capita Net State Domestic Product (Current Prices),https://www.rbi.org.in/Scripts/PublicationsView.aspx?id=23468
Bihar,2012-13,24487.0,t19_pc_nsdp_current,Table 19: Per Capita Net State Domestic Product (Current Prices),https://www.rbi.org.in/Scripts/PublicationsView.aspx?id=23468
Bihar,2013-14,26948.0,t19_pc_nsdp_current,Table 19: Per Capita Net State Domestic Product (Current Prices),https://www.rbi.org.in/Scripts/PublicationsView.aspx?id=23468
Bihar,2014-15,28671.0,t19_pc_nsdp_current,Table 19: Per Capita Net State Domestic Product (Current Prices),https://www.rbi.org.in/Scripts/PublicationsView.aspx?id=23468
Bihar,2015-16,30404.0,t19_pc_nsdp_current,Table 19: Per Capita Net State Domestic Product (Current Prices),https://www.rbi.org.in/Scripts/PublicationsView.aspx?id=23468
Bihar,2016-17,34045.0,t19_pc_nsdp_current,Table 19: Per Capita Net State Domestic Product (Current Prices),https://www.rbi.org.in/Scripts/PublicationsView.aspx?id=23468
Chandigarh,2011-12,158967.0,t19_pc_nsdp_current,Table 19: Per Capita Net State Domestic Product (Current Prices),https://www.rbi.org.in/Scripts/PublicationsView.aspx?id=23468
Chandigarh,2012-13,180457.0,t19_pc_nsdp_current,Table 19: Per Capita Net State Domestic Product (Current Prices),https://www.rbi.org.in/Scripts/PublicationsView.aspx?id=23468
Chandigarh,2013-14,203356.0,t19_pc_nsdp_current,Table 19: Per Capita Net State Domestic Product (Current Prices),https://www.rbi.org.in/Scripts/PublicationsView.aspx?id=23468
Chandigarh,2014-15,212594.0,t19_pc_nsdp_current,Table 19: Per Capita Net State Domestic Product (Current Prices),https://www.rbi.org.in/Scripts/PublicationsView.aspx?id=23468
Chandigarh,2015-16,230009.0,t19_pc_nsdp_current,Table 19: Per Capita Net State Domestic Product (Current Prices),https://www.rbi.org.in/Scripts/PublicationsView.aspx?id=23468
Chandigarh,2016-17,252236.0,t19_pc_nsdp_current,Table 19: Per Capita Net State Domestic Product (Current Prices),https://www.rbi.org.in/Scripts/PublicationsView.aspx?id=23468
Chhattisgarh,2011-12,55177.0,t19_pc_nsdp_current,Table 19: Per Capita Net State Domestic Product (Current Prices),https://www.rbi.org.in/Scripts/PublicationsView.aspx?id=23468
Chhattisgarh,2012-13,60849.0,t19_pc_nsdp_current,Table 19: Per Capita Net State Domestic Product (Current Prices),https://www.rbi.org.in/Scripts/PublicationsView.aspx?id=23468
Chhattisgarh,2013-14,69880.0,t19_pc_nsdp_current,Table 19: Per Capita Net State Domestic Product (Current Prices),https://www.rbi.org.in/Scripts/PublicationsView.aspx?id=23468
Chhattisgarh,2014-15,72936.0,t19_pc_nsdp_current,Table 19: Per Capita Net State Domestic Product (Current Prices),https://www.rbi.org.in/Scripts/PublicationsView.aspx?id=23468
Chhattisgarh,2015-16,72991.0,t19_pc_nsdp_current,Table 19: Per Capita Net State Domestic Product (Current Prices),https://www.rbi.org.in/Scripts/PublicationsView.aspx?id=23468
Chhattisgarh,2016-17,83285.0,t19_pc_nsdp_current,Table 19: Per Capita Net State Domestic Product (Current Prices),https://www.rbi.org.in/Scripts/PublicationsView.aspx?id=23468
Delhi,2011-12,185001.0,t19_pc_nsdp_current,Table 19: Per Capita Net State Domestic Product (Current Prices),https://www.rbi.org.in/Scripts/PublicationsView.aspx?id=23468
Delhi,2012-13,205568.0,t19_pc_nsdp_current,Table 19: Per Capita Net State Domestic Product (Current Prices),https://www.rbi.org.in/Scripts/PublicationsView.aspx?id=23468
Delhi,2013-14,227900.0,t19_pc_nsdp_current,Table 19: Per Capita Net State Domestic Product (Current Prices),https://www.rbi.org.in/Scripts/PublicationsView.aspx?id=23468
Delhi,2014-15,247209.0,t19_pc_nsdp_current,Table 19: Per Capita Net State Domestic Product (Current Prices),https://www.rbi.org.in/Scripts/PublicationsView.aspx?id=23468
Delhi,2015-16,270261.0,t19_pc_nsdp_current,Table 19: Per Capita Net State Domestic Product (Current Prices),https://www.rbi.org.in/Scripts/PublicationsView.aspx?id=23468
Delhi,2016-17,295558.0,t19_pc_nsdp_current,Table 19: Per Capita Net State Domestic Product (Current Prices),https://www.rbi.org.in/Scripts/PublicationsView.aspx?id=23468
Goa,2011-12,259444.0,t19_pc_nsdp_current,Table 19: Per Capita Net State Domestic Product (Current Prices),https://www.rbi.org.in/Scripts/PublicationsView.aspx?id=23468
Goa,2012-13,234354.0,t19_pc_nsdp_current,Table 19: Per Capita Net State Domestic Product (Current Prices),https://www.rbi.org.in/Scripts/PublicationsView.aspx?id=23468
Goa,2013-14,215776.0,t19_pc_nsdp_current,Table 19: Per Capita Net State Domestic Product (Current Prices),https://www.rbi.org.in/Scripts/PublicationsView.aspx?id=23468
Goa,2014-15,289185.0,t19_pc_nsdp_current,Table 19: Per Capita Net State Domestic Product (Current Prices),https://www.rbi.org.in/Scripts/PublicationsView.aspx?id=23468
Goa,2015-16,334576.0,t19_pc_nsdp_current,Table 19: Per Capita Net State Domestic Product (Current Prices),https://www.rbi.org.in/Scripts/PublicationsView.aspx?id=23468
Goa,2016-17,378953.0,t19_pc_nsdp_current,Table 19: Per Capita Net State Domestic Product (Current Prices),https://www.rbi.org.in/Scripts/PublicationsView.aspx?id=23468
Gujarat,2011-12,87481.0,t19_pc_nsdp_current,Table 19: Per Capita Net State Domestic Product (Current Prices),https://www.rbi.org.in/Scripts/PublicationsView.aspx?id=23468
Gujarat,2012-13,102826.0,t19_pc_nsdp_current,Table 19: Per Capita Net State Domestic Product (Current Prices),https://www.rbi.org.in/Scripts/PublicationsView.aspx?id=23468
Gujarat,2013-14,113139.0,t19_pc_nsdp_current,Table 19: Per Capita Net State Domestic Product (Current Prices),https://www.rbi.org.in/Scripts/PublicationsView.aspx?id=23468
Gujarat,2014-15,127017.0,t19_pc_nsdp_current,Table 19: Per Capita Net State Domestic Product (Current Prices),https://www.rbi.org.in/Scripts/PublicationsView.aspx?id=23468
Gujarat,2015-16,139254.0,t19_pc_nsdp_current,Table 19: Per Capita Net State Domestic Product (Current Prices),https://www.rbi.org.in/Scripts/PublicationsView.aspx?id=23468
Gujarat,2016-17,156295.0,t19_pc_nsdp_current,Table 19: Per Capita Net State Domestic Product (Current Prices),https://www.rbi.org.in/Scripts/PublicationsView.aspx?id=23468
Haryana,2011-12,106085.0,t19_pc_nsdp_current,Table 19: Per Capita Net State Domestic Product (Current Prices),https://www.rbi.org.in/Scripts/PublicationsView.aspx?id=23468
Haryana,2012-13,121269.0,t19_pc_nsdp_current,Table 19: Per Capita Net State Domestic Product (Current Prices),https://www.rbi.org.in/Scripts/PublicationsView.aspx?id=23468
Haryana,2013-14,137770.0,t19_pc_nsdp_current,Table 19: Per Capita Net State Domestic Product (Current Prices),https://www.rbi.org.in/Scripts/PublicationsView.aspx?id=23468
Haryana,2014-15,147382.0,t19_pc_nsdp_current,Table 19: Per Capita Net State Domestic Product (Current Prices),https://www.rbi.org.in/Scripts/PublicationsView.aspx?id=23468
Haryana,2015-16,164963.0,t19_pc_nsdp_current,Table 19: Per Capita Net State Domestic Product (Current Prices),https://www.rbi.org.in/Scripts/PublicationsView.aspx?id=23468
Haryana,2016-17,184982.0,t19_pc_nsdp_current,Table 19: Per Capita Net State Domestic Product (Current Prices),https://www.rbi.org.in/Scripts/PublicationsView.aspx?id=23468
Himachal Pradesh,2011-12,87721.0,t19_pc_nsdp_current,Table 19: Per Capita Net State Domestic Product (Current Prices),https://www.rbi.org.in/Scripts/PublicationsView.aspx?id=23468
Himachal Pradesh,2012-13,99730.0,t19_pc_nsdp_current,Table 19: Per Capita Net State Domestic Product (Current Prices),https://www.rbi.org.in/Scripts/PublicationsView.aspx?id=23468
Himachal Pradesh,2013-14,114095.0,t19_pc_nsdp_current,Table 19: Per Capita Net State Domestic Product (Current Prices),https://www.rbi.org.in/Scripts/PublicationsView.aspx?id=23468
Himachal Pradesh,2014-15,123299.0,t19_pc_nsdp_current,Table 19: Per Capita Net State Domestic Product (Current Prices),https://www.rbi.org.in/Scripts/PublicationsView.aspx?id=23468
Himachal Pradesh,2015-16,135512.0,t19_pc_nsdp_current,Table 19: Per Capita Net State Domestic Product (Current Prices),https://www.rbi.org.in/Scripts/PublicationsView.aspx?id=23468
Himachal Pradesh,2016-17,150290.0,t19_pc_nsdp_current,Table 19: Per Capita Net State Domestic Product (Current Prices),https://www.rbi.org.in/Scripts/PublicationsView.aspx?id=23468
Jammu & Kashmir,2011-12,51775.0,t19_pc_nsdp_current,Table 19: Per Capita Net State Domestic Product (Current Prices),https://www.rbi.org.in/Scripts/PublicationsView.aspx?id=23468
Jammu & Kashmir,2012-13,57279.0,t19_pc_nsdp_current,Table 19: Per Capita Net State Domestic Product (Current Prices),https://www.rbi.org.in/Scripts/PublicationsView.aspx?id=23468
Jammu & Kashmir,2013-14,61907.0,t19_pc_nsdp_current,Table 19: Per Capita Net State Domestic Product (Current Prices),https://www.rbi.org.in/Scripts/PublicationsView.aspx?id=23468
Jammu & Kashmir,2014-15,62327.0,t19_pc_nsdp_current,Table 19: Per Capita Net State Domestic Product (Current Prices),https://www.rbi.org.in/Scripts/PublicationsView.aspx?id=23468
Jammu & Kashmir,2015-16,74950.0,t19_pc_nsdp_current,Table 19: Per Capita Net State Domestic Product (Current Prices),https://www.rbi.org.in/Scripts/PublicationsView.aspx?id=23468
Jammu & Kashmir,2016-17,78960.0,t19_pc_nsdp_current,Table 19: Per Capita Net State Domestic Product (Current Prices),https://www.rbi.org.in/Scripts/PublicationsView.aspx?id=23468
Jharkhand,2011-12,41254.0,t19_pc_nsdp_current,Table 19: Per Capita Net State Domestic Product (Current Prices),https://www.rbi.org.in/Scripts/PublicationsView.aspx?id=23468
Jharkhand,2012-13,47360.0,t19_pc_nsdp_current,Table 19: Per Capita Net State Domestic Product (Current Prices),https://www.rbi.org.in/Scripts/PublicationsView.aspx?id=23468
Jharkhand,2013-14,50006.0,t19_pc_nsdp_current,Table 19: Per Capita Net State Domestic Product (Current Prices),https://www.rbi.org.in/Scripts/PublicationsView.aspx?id=23468
Jharkhand,2014-15,57301.0,t19_pc_nsdp_current,Table 19: Per Capita Net State Domestic Product (Current Prices),https://www.rbi.org.in/Scripts/PublicationsView.aspx?id=23468
Jharkhand,2015-16,52754.0,t19_pc_nsdp_current,Table 19: Per Capita Net State Domestic Product (Current Prices),https://www.rbi.org.in/Scripts/PublicationsView.aspx?id=23468
Jharkhand,2016-17,60018.0,t19_pc_nsdp_current,Table 19: Per Capita Net State Domestic Product (Current Prices),https://www.rbi.org.in/Scripts/PublicationsView.aspx?id=23468
Karnataka,2011-12,90263.0,t19_pc_nsdp_current,Table 19: Per Capita Net State Domestic Product (Current Prices),https://www.rbi.org.in/Scripts/PublicationsView.aspx?id=23468
Karnataka,2012-13,102319.0,t19_pc_nsdp_current,Table 19: Per Capita Net State Domestic Product (Current Prices),https://www.rbi.org.in/Scripts/PublicationsView.aspx?id=23468
Karnataka,2013-14,118829.0,t19_pc_nsdp_current,Table 19: Per Capita Net State Domestic Product (Current Prices),https://www.rbi.org.in/Scripts/PublicationsView.aspx?id=23468
Karnataka,2014-15,130024.0,t19_pc_nsdp_current,Table 19: Per Capita Net State Domestic Product (Current Prices),https://www.rbi.org.in/Scripts/PublicationsView.aspx?id=23468
Karnataka,2015-16,148108.0,t19_pc_nsdp_current,Table 19: Per Capita Net State Domestic Product (Current Prices),https://www.rbi.org.in/Scripts/PublicationsView.aspx?id=23468
Karnataka,2016-17,169898.0,t19_pc_nsdp_current,Table 19: Per Capita Net State Domestic Product (Current Prices),https://www.rbi.org.in/Scripts/PublicationsView.aspx?id=23468
Kerala,2011-12,97912.0,t19_pc_nsdp_current,Table 19: Per Capita Net State Domestic Product (Current Prices),https://www.rbi.org.in/Scripts/PublicationsView.aspx?id=23468
Kerala,2012-13,110314.0,t19_pc_nsdp_current,Table 19: Per Capita Net State Domestic Product (Current Prices),https://www.rbi.org.in/Scripts/PublicationsView.aspx?id=23468
Kerala,2013-14,123388.0,t19_pc_nsdp_current,Table 19: Per Capita Net State Domestic Product (Current Prices),https://www.rbi.org.in/Scripts/PublicationsView.aspx?id=23468
Kerala,2014-15,135537.0,t19_pc_nsdp_current,Table 19: Per Capita Net State Domestic Product (Current Prices),https://www.rbi.org.in/Scripts/PublicationsView.aspx?id=23468
Kerala,2015-16,148133.0,t19_pc_nsdp_current,Table 19: Per Capita Net State Domestic Product (Current Prices),https://www.rbi.org.in/Scripts/PublicationsView.aspx?id=23468
Kerala,2016-17,166246.0,t19_pc_nsdp_current,Table 19: Per Capita Net State Domestic Product (Current Prices),https://www.rbi.org.in/Scripts/PublicationsView.aspx?id=23468
Madhya Pradesh,2011-12,38497.0,t19_pc_nsdp_current,Table 19: Per Capita Net State Domestic Product (Current Prices),https://www.rbi.org.in/Scripts/PublicationsView.aspx?id=23468
Madhya Pradesh,2012-13,44773.0,t19_pc_nsdp_current,Table 19: Per Capita Net State Domestic Product (Current Prices),https://www.rbi.org.in/Scripts/PublicationsView.aspx?id=23468
Madhya Pradesh,2013-14,51849.0,t19_pc_nsdp_current,Table 19: Per Capita Net State Domestic Product (Current Prices),https://www.rbi.org.in/Scripts/PublicationsView.aspx?id=23468
Madhya Pradesh,2014-15,55678.0,t19_pc_nsdp_current,Table 19: Per Capita Net State Domestic Product (Current Prices),https://www.rbi.org.in/Scripts/PublicationsView.aspx?id=23468
Madhya Pradesh,2015-16,62080.0,t19_pc_nsdp_current,Table 19: Per Capita Net State Domestic Product (Current Prices),https://www.rbi.org.in/Scripts/PublicationsView.aspx?id=23468
Madhya Pradesh,2016-17,74324.0,t19_pc_nsdp_current,Table 19: Per Capita Net State Domestic Product (Current Prices),https://www.rbi.org.in/Scripts/PublicationsView.aspx?id=23468
Maharashtra,2011-12,99597.0,t19_pc_nsdp_current,Table 19: Per Capita Net State Domestic Product (Current Prices),https://www.rbi.org.in/Scripts/PublicationsView.aspx?id=23468
Maharashtra,2012-13,112092.0,t19_pc_nsdp_current,Table 19: Per Capita Net State Domestic Product (Current Prices),https://www.rbi.org.in/Scripts/PublicationsView.aspx?id=23468
Maharashtra,2013-14,125261.0,t19_pc_nsdp_current,Table 19: Per Capita Net State Domestic Product (Current Prices),https://www.rbi.org.in/Scripts/PublicationsView.aspx?id=23468
Maharashtra,2014-15,132836.0,t19_pc_nsdp_current,Table 19: Per Capita Net State Domestic Product (Current Prices),https://www.rbi.org.in/Scripts/PublicationsView.aspx?id=23468
Maharashtra,2015-16,146815.0,t19_pc_nsdp_current,Table 19: Per Capita Net State Domestic Product (Current Prices),https://www.rbi.org.in/Scripts/PublicationsView.aspx?id=23468
Maharashtra,2016-17,163726.0,t19_pc_nsdp_current,Table 19: Per Capita Net State Domestic Product (Current Prices),https://www.rbi.org.in/Scripts/PublicationsView.aspx?id=23468
Manipur,2011-12,39762.0,t19_pc_nsdp_current,Table 19: Per Capita Net State Domestic Product (Current Prices),https://www.rbi.org.in/Scripts/PublicationsView.aspx?id=23468
Manipur,2012-13,41230.0,t19_pc_nsdp_current,Table 19: Per Capita Net State Domestic Product (Current Prices),https://www.rbi.org.in/Scripts/PublicationsView.aspx?id=23468
Manipur,2013-14,47798.0,t19_pc_nsdp_current,Table 19: Per Capita Net State Domestic Product (Current Prices),https://www.rbi.org.in/Scripts/PublicationsView.aspx?id=23468
Manipur,2014-15,52717.0,t19_pc_nsdp_current,Table 19: Per Capita Net State Domestic Product (Current Prices),https://www.rbi.org.in/Scripts/PublicationsView.aspx?id=23468
Manipur,2015-16,55447.0,t19_pc_nsdp_current,Table 19: Per Capita Net State Domestic Product (Current Prices),https://www.rbi.org.in/Scripts/PublicationsView.aspx?id=23468
Manipur,2016-17,59345.0,t19_pc_nsdp_current,Table 19: Per Capita Net State Domestic Product (Current Prices),https://www.rbi.org.in/Scripts/PublicationsView.aspx?id=23468
Meghalaya,2011-12,59794.0,t19_pc_nsdp_current,Table 19: Per Capita Net State Domestic Product (Current Prices),https://www.rbi.org.in/Scripts/PublicationsView.aspx?id=23468
Meghalaya,2012-13,64477.0,t19_pc_nsdp_current,Table 19: Per Capita Net State Domestic Product (Current Prices),https://www.rbi.org.in/Scripts/PublicationsView.aspx?id=23468
Meghalaya,2013-14,66281.0,t19_pc_nsdp_current,Table 19: Per Capita Net State Domestic Product (Current Prices),https://www.rbi.org.in/Scripts/PublicationsView.aspx?id=23468
Meghalaya,2014-15,66485.0,t19_pc_nsdp_current,Table 19: Per Capita Net State Domestic Product (Current Prices),https://www.rbi.org.in/Scripts/PublicationsView.aspx?id=23468
Meghalaya,2015-16,71594.0,t19_pc_nsdp_current,Table 19: Per Capita Net State Domestic Product (Current Prices),https://www.rbi.org.in/Scripts/PublicationsView.aspx?id=23468
Meghalaya,2016-17,77585.0,t19_pc_nsdp_current,Table 19: Per Capita Net State Domestic Product (Current Prices),https://www.rbi.org.in/Scripts/PublicationsView.aspx?id=23468
Mizoram,2011-12,57654.0,t19_pc_nsdp_current,Table 19: Per Capita Net State Domestic Product (Current Prices),https://www.rbi.org.in/Scripts/PublicationsView.aspx?id=23468
Mizoram,2012-13,65013.0,t19_pc_nsdp_current,Table 19: Per Capita Net State Domestic Product (Current Prices),https://www.rbi.org.in/Scripts/PublicationsView.aspx?id=23468
Mizoram,2013-14,77584.0,t19_pc_nsdp_current,Table 19: Per Capita Net State Domestic Product (Current Prices),https://www.rbi.org.in/Scripts/PublicationsView.aspx?id=23468
Mizoram,2014-15,103049.0,t19_pc_nsdp_current,Table 19: Per Capita Net State Domestic Product (Current Prices),https://www.rbi.org.in/Scripts/PublicationsView.aspx?id=23468
Mizoram,2015-16,114055.0,t19_pc_nsdp_current,Table 19: Per Capita Net State Domestic Product (Current Prices),https://www.rbi.org.in/Scripts/PublicationsView.aspx?id=23468
Mizoram,2016-17,127107.0,t19_pc_nsdp_current,Table 19: Per Capita Net State Domestic Product (Current Prices),https://www.rbi.org.in/Scripts/PublicationsView.aspx?id=23468
Nagaland,2011-12,53010.0,t19_pc_nsdp_current,Table 19: Per Capita Net State Domestic Product (Current Prices),https://www.rbi.org.in/Scripts/PublicationsView.aspx?id=23468
Nagaland,2012-13,61225.0,t19_pc_nsdp_current,Table 19: Per Capita Net State Domestic Product (Current Prices),https://www.rbi.org.in/Scripts/PublicationsView.aspx?id=23468
Nagaland,2013-14,71510.0,t19_pc_nsdp_current,Table 19: Per Capita Net State Domestic Product (Current Prices),https://www.rbi.org.in/Scripts/PublicationsView.aspx?id=23468
Nagaland,2014-15,78367.0,t19_pc_nsdp_current,Table 19: Per Capita Net State Domestic Product (Current Prices),https://www.rbi.org.in/Scripts/PublicationsView.aspx?id=23468
Nagaland,2015-16,82466.0,t19_pc_nsdp_current,Table 19: Per Capita Net State Domestic Product (Current Prices),https://www.rbi.org.in/Scripts/PublicationsView.aspx?id=23468
Nagaland,2016-17,91347.0,t19_pc_nsdp_current,Table 19: Per Capita Net State Domestic Product (Current Prices),https://www.rbi.org.in/Scripts/PublicationsView.aspx?id=23468
Odisha,2011-12,48387.0,t19_pc_nsdp_current,Table 19: Per Capita Net State Domestic Product (Current Prices),https://www.rbi.org.in/Scripts/PublicationsView.aspx?id=23468
Odisha,2012-13,54762.0,t19_pc_nsdp_current,Table 19: Per Capita Net State Domestic Product (Current Prices),https://www.rbi.org.in/Scripts/PublicationsView.aspx?id=23468
Odisha,2013-14,60687.0,t19_pc_nsdp_current,Table 19: Per Capita Net State Domestic Product (Current Prices),https://www.rbi.org.in/Scripts/PublicationsView.aspx?id=23468
Odisha,2014-15,63345.0,t19_pc_nsdp_current,Table 19: Per Capita Net State Domestic Product (Current Prices),https://www.rbi.org.in/Scripts/PublicationsView.aspx?id=23468
Odisha,2015-16,64835.0,t19_pc_nsdp_current,Table 19: Per Capita Net State Domestic Product (Current Prices),https://www.rbi.org.in/Scripts/PublicationsView.aspx?id=23468
Odisha,2016-17,77507.0,t19_pc_nsdp_current,Table 19: Per Capita Net State Domestic Product (Current Prices),https://www.rbi.org.in/Scripts/PublicationsView.aspx?id=23468
Puducherry,2011-12,119649.0,t19_pc_nsdp_current,Table 19: Per Capita Net State Domestic Product (Current Prices),https://www.rbi.org.in/Scripts/PublicationsView.aspx?id=23468
Puducherry,2012-13,130548.0,t19_pc_nsdp_current,Table 19: Per Capita Net State Domestic Product (Current Prices),https://www.rbi.org.in/Scripts/PublicationsView.aspx?id=23468
Puducherry,2013-14,148147.0,t19_pc_nsdp_current,Table 19: Per Capita Net State Domestic Product (Current Prices),https://www.rbi.org.in/Scripts/PublicationsView.aspx?id=23468
Puducherry,2014-15,146921.0,t19_pc_nsdp_current,Table 19: Per Capita Net State Domestic Product (Current Prices),https://www.rbi.org.in/Scripts/PublicationsView.aspx?id=23468
Puducherry,2015-16,172727.0,t19_pc_nsdp_current,Table 19: Per Capita Net State Domestic Product (Current Prices),https://www.rbi.org.in/Scripts/PublicationsView.aspx?id=23468
Puducherry,2016-17,187356.0,t19_pc_nsdp_current,Table 19: Per Capita Net State Domestic Product (Current Prices),https://www.rbi.org.in/Scripts/PublicationsView.aspx?id=23468
Punjab,2011-12,85577.0,t19_pc_nsdp_current,Table 19: Per Capita Net State Domestic Product (Current Prices),https://www.rbi.org.in/Scripts/PublicationsView.aspx?id=23468
Punjab,2012-13,94318.0,t19_pc_nsdp_current,Table 19: Per Capita Net State Domestic Product (Current Prices),https://www.rbi.org.in/Scripts/PublicationsView.aspx?id=23468
Punjab,2013-14,103831.0,t19_pc_nsdp_current,Table 19: Per Capita Net State Domestic Product (Current Prices),https://www.rbi.org.in/Scripts/PublicationsView.aspx?id=23468
Punjab,2014-15,108970.0,t19_pc_nsdp_current,Table 19: Per Capita Net State Domestic Product (Current Prices),https://www.rbi.org.in/Scripts/PublicationsView.aspx?id=23468
Punjab,2015-16,118858.0,t19_pc_nsdp_current,Table 19: Per Capita Net State Domestic Product (Current Prices),https://www.rbi.org.in/Scripts/PublicationsView.aspx?id=23468
Punjab,2016-17,128780.0,t19_pc_nsdp_current,Table 19: Per Capita Net State Domestic Product (Current Prices),https://www.rbi.org.in/Scripts/PublicationsView.aspx?id=23468
Rajasthan,2011-12,57192.0,t19_pc_nsdp_current,Table 19: Per Capita Net State Domestic Product (Current Prices),https://www.rbi.org.in/Scripts/PublicationsView.aspx?id=23468
Rajasthan,2012-13,63658.0,t19_pc_nsdp_current,Table 19: Per Capita Net State Domestic Product (Current Prices),https://www.rbi.org.in/Scripts/PublicationsView.aspx?id=23468
Rajasthan,2013-14,69480.0,t19_pc_nsdp_current,Table 19: Per Capita Net State Domestic Product (Current Prices),https://www.rbi.org.in/Scripts/PublicationsView.aspx?id=23468
Rajasthan,2014-15,76429.0,t19_pc_nsdp_current,Table 19: Per Capita Net State Domestic Product (Current Prices),https://www.rbi.org.in/Scripts/PublicationsView.aspx?id=23468
Rajasthan,2015-16,83426.0,t19_pc_nsdp_current,Table 19: Per Capita Net State Domestic Product (Current Prices),https://www.rbi.org.in/Scripts/PublicationsView.aspx?id=23468
Rajasthan,2016-17,91924.0,t19_pc_nsdp_current,Table 19: Per Capita Net State Domestic Product (Current Prices),https://www.rbi.org.in/Scripts/PublicationsView.aspx?id=23468
Sikkim,2011-12,158667.0,t19_pc_nsdp_current,Table 19: Per Capita Net State Domestic Product (Current Prices),https://www.rbi.org.in/Scripts/PublicationsView.aspx?id=23468
Sikkim,2012-13,174183.0,t19_pc_nsdp_current,Table 19: Per Capita Net State Domestic Product (Current Prices),https://www.rbi.org.in/Scripts/PublicationsView.aspx?id=23468
Sikkim,2013-14,194624.0,t19_pc_nsdp_current,Table 19: Per Capita Net State Domestic Product (Current Prices),https://www.rbi.org.in/Scripts/PublicationsView.aspx?id=23468
Sikkim,2014-15,214148.0,t19_pc_nsdp_current,Table 19: Per Capita Net State Domestic Product (Current Prices),https://www.rbi.org.in/Scripts/PublicationsView.aspx?id=23468
Sikkim,2015-16,245987.0,t19_pc_nsdp_current,Table 19: Per Capita Net State Domestic Product (Current Prices),https://www.rbi.org.in/Scripts/PublicationsView.aspx?id=23468
Sikkim,2016-17,280729.0,t19_pc_nsdp_current,Table 19: Per Capita Net State Domestic Product (Current Prices),https://www.rbi.org.in/Scripts/PublicationsView.aspx?id=23468
Tamil Nadu,2011-12,93112.0,t19_pc_nsdp_current,Table 19: Per Capita Net State Domestic Product (Current Prices),https://www.rbi.org.in/Scripts/PublicationsView.aspx?id=23468
Tamil Nadu,2012-13,105340.0,t19_pc_nsdp_current,Table 19: Per Capita Net State Domestic Product (Current Prices),https://www.rbi.org.in/Scripts/PublicationsView.aspx?id=23468
Tamil Nadu,2013-14,116960.0,t19_pc_nsdp_current,Table 19: Per Capita Net State Domestic Product (Current Prices),https://www.rbi.org.in/Scripts/PublicationsView.aspx?id=23468
Tamil Nadu,2014-15,129494.0,t19_pc_nsdp_current,Table 19: Per Capita Net State Domestic Product (Current Prices),https://www.rbi.org.in/Scripts/PublicationsView.aspx?id=23468
Tamil Nadu,2015-16,142028.0,t19_pc_nsdp_current,Table 19: Per Capita Net State Domestic Product (Current Prices),https://www.rbi.org.in/Scripts/PublicationsView.aspx?id=23468
Tamil Nadu,2016-17,156595.0,t19_pc_nsdp_current,Table 19: Per Capita Net State Domestic Product (Current Prices),https://www.rbi.org.in/Scripts/PublicationsView.aspx?id=23468
Telangana,2011-12,91121.0,t19_pc_nsdp_current,Table 19: Per Capita Net State Domestic Product (Current Prices),https://www.rbi.org.in/Scripts/PublicationsView.aspx?id=23468
Telangana,2012-13,101007.0,t19_pc_nsdp_current,Table 19: Per Capita Net State Domestic Product (Current Prices),https://www.rbi.org.in/Scripts/PublicationsView.aspx?id=23468
Telangana,2013-14,112162.0,t19_pc_nsdp_current,Table 19: Per Capita Net State Domestic Product (Current Prices),https://www.rbi.org.in/Scripts/PublicationsView.aspx?id=23468
Telangana,2014-15,124104.0,t19_pc_nsdp_current,Table 19: Per Capita Net State Domestic Product (Current Prices),https://www.rbi.org.in/Scripts/PublicationsView.aspx?id=23468
Telangana,2015-16,140840.0,t19_pc_nsdp_current,Table 19: Per Capita Net State Domestic Product (Current Prices),https://www.rbi.org.in/Scripts/PublicationsView.aspx?id=23468
Telangana,2016-17,159395.0,t19_pc_nsdp_current,Table 19: Per Capita Net State Domestic Product (Current Prices),https://www.rbi.org.in/Scripts/PublicationsView.aspx?id=23468
Tripura,2011-12,47155.0,t19_pc_nsdp_current,Table 19: Per Capita Net State Domestic Product (Current Prices),https://www.rbi.org.in/Scripts/PublicationsView.aspx?id=23468
Tripura,2012-13,52574.0,t19_pc_nsdp_current,Table 19: Per Capita Net State Domestic Product (Current Prices),https://www.rbi.org.in/Scripts/PublicationsView.aspx?id=23468
Tripura,2013-14,61815.0,t19_pc_nsdp_current,Table 19: Per Capita Net State Domestic Product (Current Prices),https://www.rbi.org.in/Scripts/PublicationsView.aspx?id=23468
Tripura,2014-15,69857.0,t19_pc_nsdp_current,Table 19: Per Capita Net State Domestic Product (Current Prices),https://www.rbi.org.in/Scripts/PublicationsView.aspx?id=23468
Tripura,2015-16,84267.0,t19_pc_nsdp_current,Table 19: Per Capita Net State Domestic Product (Current Prices),https://www.rbi.org.in/Scripts/PublicationsView.aspx?id=23468
Tripura,2016-17,91596.0,t19_pc_nsdp_current,Table 19: Per Capita Net State Domestic Product (Current Prices),https://www.rbi.org.in/Scripts/PublicationsView.aspx?id=23468
Uttar Pradesh,2011-12,32648.0,t19_pc_nsdp_current,Table 19: Per Capita Net State Domestic Product (Current Prices),https://www.rbi.org.in/Scripts/PublicationsView.aspx?id=23468
Uttar Pradesh,2012-13,36571.0,t19_pc_nsdp_current,Table 19: Per Capita Net State Domestic Product (Current Prices),https://www.rbi.org.in/Scripts/PublicationsView.aspx?id=23468
Uttar Pradesh,2013-14,41137.0,t19_pc_nsdp_current,Table 19: Per Capita Net State Domestic Product (Current Prices),https://www.rbi.org.in/Scripts/PublicationsView.aspx?id=23468
Uttar Pradesh,2014-15,43458.0,t19_pc_nsdp_current,Table 19: Per Capita Net State Domestic Product (Current Prices),https://www.rbi.org.in/Scripts/PublicationsView.aspx?id=23468
Uttar Pradesh,2015-16,48725.0,t19_pc_nsdp_current,Table 19: Per Capita Net State Domestic Product (Current Prices),https://www.rbi.org.in/Scripts/PublicationsView.aspx?id=23468
Uttar Pradesh,2016-17,54564.0,t19_pc_nsdp_current,Table 19: Per Capita Net State Domestic Product (Current Prices),https://www.rbi.org.in/Scripts/PublicationsView.aspx?id=23468
Uttarakhand,2011-12,100314.0,t19_pc_nsdp_current,Table 19: Per Capita Net State Domestic Product (Current Prices),https://www.rbi.org.in/Scripts/PublicationsView.aspx?id=23468
Uttarakhand,2012-13,113654.0,t19_pc_nsdp_current,Table 19: Per Capita Net State Domestic Product (Current Prices),https://www.rbi.org.in/Scripts/PublicationsView.aspx?id=23468
Uttarakhand,2013-14,126356.0,t19_pc_nsdp_current,Table 19: Per Capita Net State Domestic Product (Current Prices),https://www.rbi.org.in/Scripts/PublicationsView.aspx?id=23468
Uttarakhand,2014-15,136099.0,t19_pc_nsdp_current,Table 19: Per Capita Net State Domestic Product (Current Prices),https://www.rbi.org.in/Scripts/PublicationsView.aspx?id=23468
Uttarakhand,2015-16,147936.0,t19_pc_nsdp_current,Table 19: Per Capita Net State Domestic Product (Current Prices),https://www.rbi.org.in/Scripts/PublicationsView.aspx?id=23468
Uttarakhand,2016-17,161752.0,t19_pc_nsdp_current,Table 19: Per Capita Net State Domestic Product (Current Prices),https://www.rbi.org.in/Scripts/PublicationsView.aspx?id=23468
West Bengal,2011-12,51543.0,t19_pc_nsdp_current,Table 19: Per Capita Net State Domestic Product (Current Prices),https://www.rbi.org.in/Scripts/PublicationsView.aspx?id=23468
West Bengal,2012-13,58195.0,t19_pc_nsdp_current,Table 19: Per Capita Net State Domestic Product (Current Prices),https://www.rbi.org.in/Scripts/PublicationsView.aspx?id=23468
West Bengal,2013-14,65932.0,t19_pc_nsdp_current,Table 19: Per Capita Net State Domestic Product (Current Prices),https://www.rbi.org.in/Scripts/PublicationsView.aspx?id=23468
West Bengal,2014-15,68876.0,t19_pc_nsdp_current,Table 19: Per Capita Net State Domestic Product (Current Prices),https://www.rbi.org.in/Scripts/PublicationsView.aspx?id=23468
West Bengal,2015-16,75992.0,t19_pc_nsdp_current,Table 19: Per Capita Net State Domestic Product (Current Prices),https://www.rbi.org.in/Scripts/PublicationsView.aspx?id=23468
West Bengal,2016-17,82291.0,t19_pc_nsdp_current,Table 19: Per Capita Net State Domestic Product (Current Prices),https://www.rbi.org.in/Scripts/PublicationsView.aspx?id=23468
Andaman & Nicobar Islands,2017-18,178709.0,t19_pc_nsdp_current,Table 19: Per Capita Net State Domestic Product (Current Prices),https://www.rbi.org.in/Scripts/PublicationsView.aspx?id=23468
Andaman & Nicobar Islands,2018-19,204254.0,t19_pc_nsdp_current,Table 19: Per Capita Net State Domestic Product (Current Prices),https://www.rbi.org.in/Scripts/PublicationsView.aspx?id=23468
Andaman & Nicobar Islands,2019-20,219653.0,t19_pc_nsdp_current,Table 19: Per Capita Net State Domestic Product (Current Prices),https://www.rbi.org.in/Scripts/PublicationsView.aspx?id=23468
Andaman & Nicobar Islands,2020-21,205368.0,t19_pc_nsdp_current,Table 19: Per Capita Net State Domestic Product (Current Prices),https://www.rbi.org.in/Scripts/PublicationsView.aspx?id=23468
Andaman & Nicobar Islands,2021-22,229570.0,t19_pc_nsdp_current,Table 19: Per Capita Net State Domestic Product (Current Prices),https://www.rbi.org.in/Scripts/PublicationsView.aspx?id=23468
Andaman & Nicobar Islands,2022-23,263984.0,t19_pc_nsdp_current,Table 19: Per Capita Net State Domestic Product (Current Prices),https://www.rbi.org.in/Scripts/PublicationsView.aspx?id=23468
Andaman & Nicobar Islands,2023-24,276000.0,t19_pc_nsdp_current,Table 19: Per Capita Net State Domestic Product (Current Prices),https://www.rbi.org.in/Scripts/PublicationsView.aspx?id=23468
Andaman & Nicobar Islands,2024-25,,t19_pc_nsdp_current,Table 19: Per Capita Net State Domestic Product (Current Prices),https://www.rbi.org.in/Scripts/PublicationsView.aspx?id=23468
Andhra Pradesh,2017-18,138299.0,t19_pc_nsdp_current,Table 19: Per Capita Net State Domestic Product (Current Prices),https://www.rbi.org.in/Scripts/PublicationsView.aspx?id=23468
Andhra Pradesh,2018-19,154031.0,t19_pc_nsdp_current,Table 19: Per Capita Net State Domestic Product (Current Prices),https://www.rbi.org.in/Scripts/PublicationsView.aspx?id=23468
Andhra Pradesh,2019-20,160341.0,t19_pc_nsdp_current,Table 19: Per Capita Net State Domestic Product (Current Prices),https://www.rbi.org.in/Scripts/PublicationsView.aspx?id=23468
Andhra Pradesh,2020-21,168063.0,t19_pc_nsdp_current,Table 19: Per Capita Net State Domestic Product (Current Prices),https://www.rbi.org.in/Scripts/PublicationsView.aspx?id=23468
Andhra Pradesh,2021-22,193703.0,t19_pc_nsdp_current,Table 19: Per Capita Net State Domestic Product (Current Prices),https://www.rbi.org.in/Scripts/PublicationsView.aspx?id=23468
Andhra Pradesh,2022-23,219917.0,t19_pc_nsdp_current,Table 19: Per Capita Net State Domestic Product (Current Prices),https://www.rbi.org.in/Scripts/PublicationsView.aspx?id=23468
Andhra Pradesh,2023-24,237951.0,t19_pc_nsdp_current,Table 19: Per Capita Net State Domestic Product (Current Prices),https://www.rbi.org.in/Scripts/PublicationsView.aspx?id=23468
Andhra Pradesh,2024-25,266240.0,t19_pc_nsdp_current,Table 19: Per Capita Net State Domestic Product (Current Prices),https://www.rbi.org.in/Scripts/PublicationsView.aspx?id=23468
Arunachal Pradesh,2017-18,138836.0,t19_pc_nsdp_current,Table 19: Per Capita Net State Domestic Product (Current Prices),https://www.rbi.org.in/Scripts/PublicationsView.aspx?id=23468
Arunachal Pradesh,2018-19,155103.0,t19_pc_nsdp_current,Table 19: Per Capita Net State Domestic Product (Current Prices),https://www.rbi.org.in/Scripts/PublicationsView.aspx?id=23468
Arunachal Pradesh,2019-20,182171.0,t19_pc_nsdp_current,Table 19: Per Capita Net State Domestic Product (Current Prices),https://www.rbi.org.in/Scripts/PublicationsView.aspx?id=23468
Arunachal Pradesh,2020-21,181537.0,t19_pc_nsdp_current,Table 19: Per Capita Net State Domestic Product (Current Prices),https://www.rbi.org.in/Scripts/PublicationsView.aspx?id=23468
Arunachal Pradesh,2021-22,190851.0,t19_pc_nsdp_current,Table 19: Per Capita Net State Domestic Product (Current Prices),https://www.rbi.org.in/Scripts/PublicationsView.aspx?id=23468
Arunachal Pradesh,2022-23,204469.0,t19_pc_nsdp_current,Table 19: Per Capita Net State Domestic Product (Current Prices),https://www.rbi.org.in/Scripts/PublicationsView.aspx?id=23468
Arunachal Pradesh,2023-24,217325.0,t19_pc_nsdp_current,Table 19: Per Capita Net State Domestic Product (Current Prices),https://www.rbi.org.in/Scripts/PublicationsView.aspx?id=23468
Arunachal Pradesh,2024-25,246813.0,t19_pc_nsdp_current,Table 19: Per Capita Net State Domestic Product (Current Prices),https://www.rbi.org.in/Scripts/PublicationsView.aspx?id=23468
Assam,2017-18,75151.0,t19_pc_nsdp_current,Table 19: Per Capita Net State Domestic Product (Current Prices),https://www.rbi.org.in/Scripts/PublicationsView.aspx?id=23468
Assam,2018-19,81034.0,t19_pc_nsdp_current,Table 19: Per Capita Net State Domestic Product (Current Prices),https://www.rbi.org.in/Scripts/PublicationsView.aspx?id=23468
Assam,2019-20,90123.0,t19_pc_nsdp_current,Table 19: Per Capita Net State Domestic Product (Current Prices),https://www.rbi.org.in/Scripts/PublicationsView.aspx?id=23468
Assam,2020-21,86947.0,t19_pc_nsdp_current,Table 19: Per Capita Net State Domestic Product (Current Prices),https://www.rbi.org.in/Scripts/PublicationsView.aspx?id=23468
Assam,2021-22,103371.0,t19_pc_nsdp_current,Table 19: Per Capita Net State Domestic Product (Current Prices),https://www.rbi.org.in/Scripts/PublicationsView.aspx?id=23468
Assam,2022-23,121573.0,t19_pc_nsdp_current,Table 19: Per Capita Net State Domestic Product (Current Prices),https://www.rbi.org.in/Scripts/PublicationsView.aspx?id=23468
Assam,2023-24,143852.0,t19_pc_nsdp_current,Table 19: Per Capita Net State Domestic Product (Current Prices),https://www.rbi.org.in/Scripts/PublicationsView.aspx?id=23468
Assam,2024-25,159185.0,t19_pc_nsdp_current,Table 19: Per Capita Net State Domestic Product (Current Prices),https://www.rbi.org.in/Scripts/PublicationsView.aspx?id=23468
Bihar,2017-18,36850.0,t19_pc_nsdp_current,Table 19: Per Capita Net State Domestic Product (Current Prices),https://www.rbi.org.in/Scripts/PublicationsView.aspx?id=23468
Bihar,2018-19,40715.0,t19_pc_nsdp_current,Table 19: Per Capita Net State Domestic Product (Current Prices),https://www.rbi.org.in/Scripts/PublicationsView.aspx?id=23468
Bihar,2019-20,44175.0,t19_pc_nsdp_current,Table 19: Per Capita Net State Domestic Product (Current Prices),https://www.rbi.org.in/Scripts/PublicationsView.aspx?id=23468
Bihar,2020-21,42128.0,t19_pc_nsdp_current,Table 19: Per Capita Net State Domestic Product (Current Prices),https://www.rbi.org.in/Scripts/PublicationsView.aspx?id=23468
Bihar,2021-22,47296.0,t19_pc_nsdp_current,Table 19: Per Capita Net State Domestic Product (Current Prices),https://www.rbi.org.in/Scripts/PublicationsView.aspx?id=23468
Bihar,2022-23,54637.0,t19_pc_nsdp_current,Table 19: Per Capita Net State Domestic Product (Current Prices),https://www.rbi.org.in/Scripts/PublicationsView.aspx?id=23468
Bihar,2023-24,62201.0,t19_pc_nsdp_current,Table 19: Per Capita Net State Domestic Product (Current Prices),https://www.rbi.org.in/Scripts/PublicationsView.aspx?id=23468
Bihar,2024-25,69321.0,t19_pc_nsdp_current,Table 19: Per Capita Net State Domestic Product (Current Prices),https://www.rbi.org.in/Scripts/PublicationsView.aspx?id=23468
Chandigarh,2017-18,280512.0,t19_pc_nsdp_current,Table 19: Per Capita Net State Domestic Product (Current Prices),https://www.rbi.org.in/Scripts/PublicationsView.aspx?id=23468
Chandigarh,2018-19,307812.0,t19_pc_nsdp_current,Table 19: Per Capita Net State Domestic Product (Current Prices),https://www.rbi.org.in/Scripts/PublicationsView.aspx?id=23468
Chandigarh,2019-20,330703.0,t19_pc_nsdp_current,Table 19: Per Capita Net State Domestic Product (Current Prices),https://www.rbi.org.in/Scripts/PublicationsView.aspx?id=23468
Chandigarh,2020-21,290417.0,t19_pc_nsdp_current,Table 19: Per Capita Net State Domestic Product (Current Prices),https://www.rbi.org.in/Scripts/PublicationsView.aspx?id=23468
Chandigarh,2021-22,337406.0,t19_pc_nsdp_current,Table 19: Per Capita Net State Domestic Product (Current Prices),https://www.rbi.org.in/Scripts/PublicationsView.aspx?id=23468
Chandigarh,2022-23,408512.0,t19_pc_nsdp_current,Table 19: Per Capita Net State Domestic Product (Current Prices),https://www.rbi.org.in/Scripts/PublicationsView.aspx?id=23468
Chandigarh,2023-24,453457.0,t19_pc_nsdp_current,Table 19: Per Capita Net State Domestic Product (Current Prices),https://www.rbi.org.in/Scripts/PublicationsView.aspx?id=23468
Chandigarh,2024-25,,t19_pc_nsdp_current,Table 19: Per Capita Net State Domestic Product (Current Prices),https://www.rbi.org.in/Scripts/PublicationsView.aspx?id=23468
Chhattisgarh,2017-18,88793.0,t19_pc_nsdp_current,Table 19: Per Capita Net State Domestic Product (Current Prices),https://www.rbi.org.in/Scripts/PublicationsView.aspx?id=23468
Chhattisgarh,2018-19,102024.0,t19_pc_nsdp_current,Table 19: Per Capita Net State Domestic Product (Current Prices),https://www.rbi.org.in/Scripts/PublicationsView.aspx?id=23468
Chhattisgarh,2019-20,106611.0,t19_pc_nsdp_current,Table 19: Per Capita Net State Domestic Product (Current Prices),https://www.rbi.org.in/Scripts/PublicationsView.aspx?id=23468
Chhattisgarh,2020-21,106117.0,t19_pc_nsdp_current,Table 19: Per Capita Net State Domestic Product (Current Prices),https://www.rbi.org.in/Scripts/PublicationsView.aspx?id=23468
Chhattisgarh,2021-22,123493.0,t19_pc_nsdp_current,Table 19: Per Capita Net State Domestic Product (Current Prices),https://www.rbi.org.in/Scripts/PublicationsView.aspx?id=23468
Chhattisgarh,2022-23,134996.0,t19_pc_nsdp_current,Table 19: Per Capita Net State Domestic Product (Current Prices),https://www.rbi.org.in/Scripts/PublicationsView.aspx?id=23468
Chhattisgarh,2023-24,148922.0,t19_pc_nsdp_current,Table 19: Per Capita Net State Domestic Product (Current Prices),https://www.rbi.org.in/Scripts/PublicationsView.aspx?id=23468
Chhattisgarh,2024-25,162870.0,t19_pc_nsdp_current,Table 19: Per Capita Net State Domestic Product (Current Prices),https://www.rbi.org.in/Scripts/PublicationsView.aspx?id=23468
Delhi,2017-18,318323.0,t19_pc_nsdp_current,Table 19: Per Capita Net State Domestic Product (Current Prices),https://www.rbi.org.in/Scripts/PublicationsView.aspx?id=23468
Delhi,2018-19,338730.0,t19_pc_nsdp_current,Table 19: Per Capita Net State Domestic Product (Current Prices),https://www.rbi.org.in/Scripts/PublicationsView.aspx?id=23468
Delhi,2019-20,355798.0,t19_pc_nsdp_current,Table 19: Per Capita Net State Domestic Product (Current Prices),https://www.rbi.org.in/Scripts/PublicationsView.aspx?id=23468
Delhi,2020-21,322311.0,t19_pc_nsdp_current,Table 19: Per Capita Net State Domestic Product (Current Prices),https://www.rbi.org.in/Scripts/PublicationsView.aspx?id=23468
Delhi,2021-22,370824.0,t19_pc_nsdp_current,Table 19: Per Capita Net State Domestic Product (Current Prices),https://www.rbi.org.in/Scripts/PublicationsView.aspx?id=23468
Delhi,2022-23,417217.0,t19_pc_nsdp_current,Table 19: Per Capita Net State Domestic Product (Current Prices),https://www.rbi.org.in/Scripts/PublicationsView.aspx?id=23468
Delhi,2023-24,459408.0,t19_pc_nsdp_current,Table 19: Per Capita Net State Domestic Product (Current Prices),https://www.rbi.org.in/Scripts/PublicationsView.aspx?id=23468
Delhi,2024-25,493024.0,t19_pc_nsdp_current,Table 19: Per Capita Net State Domestic Product (Current Prices),https://www.rbi.org.in/Scripts/PublicationsView.aspx?id=23468
Goa,2017-18,411740.0,t19_pc_nsdp_current,Table 19: Per Capita Net State Domestic Product (Current Prices),https://www.rbi.org.in/Scripts/PublicationsView.aspx?id=23468
Goa,2018-19,423716.0,t19_pc_nsdp_current,Table 19: Per Capita Net State Domestic Product (Current Prices),https://www.rbi.org.in/Scripts/PublicationsView.aspx?id=23468
Goa,2019-20,435949.0,t19_pc_nsdp_current,Table 19: Per Capita Net State Domestic Product (Current Prices),https://www.rbi.org.in/Scripts/PublicationsView.aspx?id=23468
Goa,2020-21,423047.0,t19_pc_nsdp_current,Table 19: Per Capita Net State Domestic Product (Current Prices),https://www.rbi.org.in/Scripts/PublicationsView.aspx?id=23468
Goa,2021-22,459094.0,t19_pc_nsdp_current,Table 19: Per Capita Net State Domestic Product (Current Prices),https://www.rbi.org.in/Scripts/PublicationsView.aspx?id=23468
Goa,2022-23,532854.0,t19_pc_nsdp_current,Table 19: Per Capita Net State Domestic Product (Current Prices),https://www.rbi.org.in/Scripts/PublicationsView.aspx?id=23468
Goa,2023-24,585953.0,t19_pc_nsdp_current,Table 19: Per Capita Net State Domestic Product (Current Prices),https://www.rbi.org.in/Scripts/PublicationsView.aspx?id=23468
Goa,2024-25,,t19_pc_nsdp_current,Table 19: Per Capita Net State Domestic Product (Current Prices),https://www.rbi.org.in/Scripts/PublicationsView.aspx?id=23468
Gujarat,2017-18,176961.0,t19_pc_nsdp_current,Table 19: Per Capita Net State Domestic Product (Current Prices),https://www.rbi.org.in/Scripts/PublicationsView.aspx?id=23468
Gujarat,2018-19,197457.0,t19_pc_nsdp_current,Table 19: Per Capita Net State Domestic Product (Current Prices),https://www.rbi.org.in/Scripts/PublicationsView.aspx?id=23468
Gujarat,2019-20,212428.0,t19_pc_nsdp_current,Table 19: Per Capita Net State Domestic Product (Current Prices),https://www.rbi.org.in/Scripts/PublicationsView.aspx?id=23468
Gujarat,2020-21,207324.0,t19_pc_nsdp_current,Table 19: Per Capita Net State Domestic Product (Current Prices),https://www.rbi.org.in/Scripts/PublicationsView.aspx?id=23468
Gujarat,2021-22,241584.0,t19_pc_nsdp_current,Table 19: Per Capita Net State Domestic Product (Current Prices),https://www.rbi.org.in/Scripts/PublicationsView.aspx?id=23468
Gujarat,2022-23,272451.0,t19_pc_nsdp_current,Table 19: Per Capita Net State Domestic Product (Current Prices),https://www.rbi.org.in/Scripts/PublicationsView.aspx?id=23468
Gujarat,2023-24,,t19_pc_nsdp_current,Table 19: Per Capita Net State Domestic Product (Current Prices),https://www.rbi.org.in/Scripts/PublicationsView.aspx?id=23468
Gujarat,2024-25,,t19_pc_nsdp_current,Table 19: Per Capita Net State Domestic Product (Current Prices),https://www.rbi.org.in/Scripts/PublicationsView.aspx?id=23468
Haryana,2017-18,208437.0,t19_pc_nsdp_current,Table 19: Per Capita Net State Domestic Product (Current Prices),https://www.rbi.org.in/Scripts/PublicationsView.aspx?id=23468
Haryana,2018-19,223022.0,t19_pc_nsdp_current,Table 19: Per Capita Net State Domestic Product (Current Prices),https://www.rbi.org.in/Scripts/PublicationsView.aspx?id=23468
Haryana,2019-20,232530.0,t19_pc_nsdp_current,Table 19: Per Capita Net State Domestic Product (Current Prices),https://www.rbi.org.in/Scripts/PublicationsView.aspx?id=23468
Haryana,2020-21,225137.0,t19_pc_nsdp_current,Table 19: Per Capita Net State Domestic Product (Current Prices),https://www.rbi.org.in/Scripts/PublicationsView.aspx?id=23468
Haryana,2021-22,265163.0,t19_pc_nsdp_current,Table 19: Per Capita Net State Domestic Product (Current Prices),https://www.rbi.org.in/Scripts/PublicationsView.aspx?id=23468
Haryana,2022-23,289213.0,t19_pc_nsdp_current,Table 19: Per Capita Net State Domestic Product (Current Prices),https://www.rbi.org.in/Scripts/PublicationsView.aspx?id=23468
Haryana,2023-24,319363.0,t19_pc_nsdp_current,Table 19: Per Capita Net State Domestic Product (Current Prices),https://www.rbi.org.in/Scripts/PublicationsView.aspx?id=23468
Haryana,2024-25,353182.0,t19_pc_nsdp_current,Table 19: Per Capita Net State Domestic Product (Current Prices),https://www.rbi.org.in/Scripts/PublicationsView.aspx?id=23468
Himachal Pradesh,2017-18,165497.0,t19_pc_nsdp_current,Table 19: Per Capita Net State Domestic Product (Current Prices),https://www.rbi.org.in/Scripts/PublicationsView.aspx?id=23468
Himachal Pradesh,2018-19,174804.0,t19_pc_nsdp_current,Table 19: Per Capita Net State Domestic Product (Current Prices),https://www.rbi.org.in/Scripts/PublicationsView.aspx?id=23468
Himachal Pradesh,2019-20,186559.0,t19_pc_nsdp_current,Table 19: Per Capita Net State Domestic Product (Current Prices),https://www.rbi.org.in/Scripts/PublicationsView.aspx?id=23468
Himachal Pradesh,2020-21,173565.0,t19_pc_nsdp_current,Table 19: Per Capita Net State Domestic Product (Current Prices),https://www.rbi.org.in/Scripts/PublicationsView.aspx?id=23468
Himachal Pradesh,2021-22,193016.0,t19_pc_nsdp_current,Table 19: Per Capita Net State Domestic Product (Current Prices),https://www.rbi.org.in/Scripts/PublicationsView.aspx?id=23468
Himachal Pradesh,2022-23,214952.0,t19_pc_nsdp_current,Table 19: Per Capita Net State Domestic Product (Current Prices),https://www.rbi.org.in/Scripts/PublicationsView.aspx?id=23468
Himachal Pradesh,2023-24,234721.0,t19_pc_nsdp_current,Table 19: Per Capita Net State Domestic Product (Current Prices),https://www.rbi.org.in/Scripts/PublicationsView.aspx?id=23468
Himachal Pradesh,2024-25,256137.0,t19_pc_nsdp_current,Table 19: Per Capita Net State Domestic Product (Current Prices),https://www.rbi.org.in/Scripts/PublicationsView.aspx?id=23468
Jammu & Kashmir,2017-18,87710.0,t19_pc_nsdp_current,Table 19: Per Capita Net State Domestic Product (Current Prices),https://www.rbi.org.in/Scripts/PublicationsView.aspx?id=23468
Jammu & Kashmir,2018-19,98738.0,t19_pc_nsdp_current,Table 19: Per Capita Net State Domestic Product (Current Prices),https://www.rbi.org.in/Scripts/PublicationsView.aspx?id=23468
Jammu & Kashmir,2019-20,101868.0,t19_pc_nsdp_current,Table 19: Per Capita Net State Domestic Product (Current Prices),https://www.rbi.org.in/Scripts/PublicationsView.aspx?id=23468
Jammu & Kashmir,2020-21,101645.0,t19_pc_nsdp_current,Table 19: Per Capita Net State Domestic Product (Current Prices),https://www.rbi.org.in/Scripts/PublicationsView.aspx?id=23468
Jammu & Kashmir,2021-22,112898.0,t19_pc_nsdp_current,Table 19: Per Capita Net State Domestic Product (Current Prices),https://www.rbi.org.in/Scripts/PublicationsView.aspx?id=23468
Jammu & Kashmir,2022-23,123614.0,t19_pc_nsdp_current,Table 19: Per Capita Net State Domestic Product (Current Prices),https://www.rbi.org.in/Scripts/PublicationsView.aspx?id=23468
Jammu & Kashmir,2023-24,140051.0,t19_pc_nsdp_current,Table 19: Per Capita Net State Domestic Product (Current Prices),https://www.rbi.org.in/Scripts/PublicationsView.aspx?id=23468
Jammu & Kashmir,2024-25,154826.0,t19_pc_nsdp_current,Table 19: Per Capita Net State Domestic Product (Current Prices),https://www.rbi.org.in/Scripts/PublicationsView.aspx?id=23468
Jharkhand,2017-18,67484.0,t19_pc_nsdp_current,Table 19: Per Capita Net State Domestic Product (Current Prices),https://www.rbi.org.in/Scripts/PublicationsView.aspx?id=23468
Jharkhand,2018-19,75421.0,t19_pc_nsdp_current,Table 19: Per Capita Net State Domestic Product (Current Prices),https://www.rbi.org.in/Scripts/PublicationsView.aspx?id=23468
Jharkhand,2019-20,75016.0,t19_pc_nsdp_current,Table 19: Per Capita Net State Domestic Product (Current Prices),https://www.rbi.org.in/Scripts/PublicationsView.aspx?id=23468
Jharkhand,2020-21,69963.0,t19_pc_nsdp_current,Table 19: Per Capita Net State Domestic Product (Current Prices),https://www.rbi.org.in/Scripts/PublicationsView.aspx?id=23468
Jharkhand,2021-22,88500.0,t19_pc_nsdp_current,Table 19: Per Capita Net State Domestic Product (Current Prices),https://www.rbi.org.in/Scripts/PublicationsView.aspx?id=23468
Jharkhand,2022-23,95839.0,t19_pc_nsdp_current,Table 19: Per Capita Net State Domestic Product (Current Prices),https://www.rbi.org.in/Scripts/PublicationsView.aspx?id=23468
Jharkhand,2023-24,106529.0,t19_pc_nsdp_current,Table 19: Per Capita Net State Domestic Product (Current Prices),https://www.rbi.org.in/Scripts/PublicationsView.aspx?id=23468
Jharkhand,2024-25,116663.0,t19_pc_nsdp_current,Table 19: Per Capita Net State Domestic Product (Current Prices),https://www.rbi.org.in/Scripts/PublicationsView.aspx?id=23468
Karnataka,2017-18,185840.0,t19_pc_nsdp_current,Table 19: Per Capita Net State Domestic Product (Current Prices),https://www.rbi.org.in/Scripts/PublicationsView.aspx?id=23468
Karnataka,2018-19,205245.0,t19_pc_nsdp_current,Table 19: Per Capita Net State Domestic Product (Current Prices),https://www.rbi.org.in/Scripts/PublicationsView.aspx?id=23468
Karnataka,2019-20,222141.0,t19_pc_nsdp_current,Table 19: Per Capita Net State Domestic Product (Current Prices),https://www.rbi.org.in/Scripts/PublicationsView.aspx?id=23468
Karnataka,2020-21,221683.0,t19_pc_nsdp_current,Table 19: Per Capita Net State Domestic Product (Current Prices),https://www.rbi.org.in/Scripts/PublicationsView.aspx?id=23468
Karnataka,2021-22,268963.0,t19_pc_nsdp_current,Table 19: Per Capita Net State Domestic Product (Current Prices),https://www.rbi.org.in/Scripts/PublicationsView.aspx?id=23468
Karnataka,2022-23,310325.0,t19_pc_nsdp_current,Table 19: Per Capita Net State Domestic Product (Current Prices),https://www.rbi.org.in/Scripts/PublicationsView.aspx?id=23468
Karnataka,2023-24,339813.0,t19_pc_nsdp_current,Table 19: Per Capita Net State Domestic Product (Current Prices),https://www.rbi.org.in/Scripts/PublicationsView.aspx?id=23468
Karnataka,2024-25,380906.0,t19_pc_nsdp_current,Table 19: Per Capita Net State Domestic Product (Current Prices),https://www.rbi.org.in/Scripts/PublicationsView.aspx?id=23468
Kerala,2017-18,183252.0,t19_pc_nsdp_current,Table 19: Per Capita Net State Domestic Product (Current Prices),https://www.rbi.org.in/Scripts/PublicationsView.aspx?id=23468
Kerala,2018-19,205437.0,t19_pc_nsdp_current,Table 19: Per Capita Net State Domestic Product (Current Prices),https://www.rbi.org.in/Scripts/PublicationsView.aspx?id=23468
Kerala,2019-20,208879.0,t19_pc_nsdp_current,Table 19: Per Capita Net State Domestic Product (Current Prices),https://www.rbi.org.in/Scripts/PublicationsView.aspx?id=23468
Kerala,2020-21,194432.0,t19_pc_nsdp_current,Table 19: Per Capita Net State Domestic Product (Current Prices),https://www.rbi.org.in/Scripts/PublicationsView.aspx?id=23468
Kerala,2021-22,230280.0,t19_pc_nsdp_current,Table 19: Per Capita Net State Domestic Product (Current Prices),https://www.rbi.org.in/Scripts/PublicationsView.aspx?id=23468
Kerala,2022-23,257307.0,t19_pc_nsdp_current,Table 19: Per Capita Net State Domestic Product (Current Prices),https://www.rbi.org.in/Scripts/PublicationsView.aspx?id=23468
Kerala,2023-24,281269.0,t19_pc_nsdp_current,Table 19: Per Capita Net State Domestic Product (Current Prices),https://www.rbi.org.in/Scripts/PublicationsView.aspx?id=23468
Kerala,2024-25,308338.0,t19_pc_nsdp_current,Table 19: Per Capita Net State Domestic Product (Current Prices),https://www.rbi.org.in/Scripts/PublicationsView.aspx?id=23468
Ladakh,2017-18,,t19_pc_nsdp_current,Table 19: Per Capita Net State Domestic Product (Current Prices),https://www.rbi.org.in/Scripts/PublicationsView.aspx?id=23468
Ladakh,2018-19,,t19_pc_nsdp_current,Table 19: Per Capita Net State Domestic Product (Current Prices),https://www.rbi.org.in/Scripts/PublicationsView.aspx?id=23468
Ladakh,2019-20,,t19_pc_nsdp_current,Table 19: Per Capita Net State Domestic Product (Current Prices),https://www.rbi.org.in/Scripts/PublicationsView.aspx?id=23468
Ladakh,2020-21,,t19_pc_nsdp_current,Table 19: Per Capita Net State Domestic Product (Current Prices),https://www.rbi.org.in/Scripts/PublicationsView.aspx?id=23468
Ladakh,2021-22,,t19_pc_nsdp_current,Table 19: Per Capita Net State Domestic Product (Current Prices),https://www.rbi.org.in/Scripts/PublicationsView.aspx?id=23468
Ladakh,2022-23,186970.0,t19_pc_nsdp_current,Table 19: Per Capita Net State Domestic Product (Current Prices),https://www.rbi.org.in/Scripts/PublicationsView.aspx?id=23468
Ladakh,2023-24,242360.0,t19_pc_nsdp_current,Table 19: Per Capita Net State Domestic Product (Current Prices),https://www.rbi.org.in/Scripts/PublicationsView.aspx?id=23468
Ladakh,2024-25,,t19_pc_nsdp_current,Table 19: Per Capita Net State Domestic Product (Current Prices),https://www.rbi.org.in/Scripts/PublicationsView.aspx?id=23468
Madhya Pradesh,2017-18,81966.0,t19_pc_nsdp_current,Table 19: Per Capita Net State Domestic Product (Current Prices),https://www.rbi.org.in/Scripts/PublicationsView.aspx?id=23468
Madhya Pradesh,2018-19,92337.0,t19_pc_nsdp_current,Table 19: Per Capita Net State Domestic Product (Current Prices),https://www.rbi.org.in/Scripts/PublicationsView.aspx?id=23468
Madhya Pradesh,2019-20,101909.0,t19_pc_nsdp_current,Table 19: Per Capita Net State Domestic Product (Current Prices),https://www.rbi.org.in/Scripts/PublicationsView.aspx?id=23468
Madhya Pradesh,2020-21,101958.0,t19_pc_nsdp_current,Table 19: Per Capita Net State Domestic Product (Current Prices),https://www.rbi.org.in/Scripts/PublicationsView.aspx?id=23468
Madhya Pradesh,2021-22,117402.0,t19_pc_nsdp_current,Table 19: Per Capita Net State Domestic Product (Current Prices),https://www.rbi.org.in/Scripts/PublicationsView.aspx?id=23468
Madhya Pradesh,2022-23,127947.0,t19_pc_nsdp_current,Table 19: Per Capita Net State Domestic Product (Current Prices),https://www.rbi.org.in/Scripts/PublicationsView.aspx?id=23468
Madhya Pradesh,2023-24,139713.0,t19_pc_nsdp_current,Table 19: Per Capita Net State Domestic Product (Current Prices),https://www.rbi.org.in/Scripts/PublicationsView.aspx?id=23468
Madhya Pradesh,2024-25,152615.0,t19_pc_nsdp_current,Table 19: Per Capita Net State Domestic Product (Current Prices),https://www.rbi.org.in/Scripts/PublicationsView.aspx?id=23468
Maharashtra,2017-18,172663.0,t19_pc_nsdp_current,Table 19: Per Capita Net State Domestic Product (Current Prices),https://www.rbi.org.in/Scripts/PublicationsView.aspx?id=23468
Maharashtra,2018-19,182865.0,t19_pc_nsdp_current,Table 19: Per Capita Net State Domestic Product (Current Prices),https://www.rbi.org.in/Scripts/PublicationsView.aspx?id=23468
Maharashtra,2019-20,189843.0,t19_pc_nsdp_current,Table 19: Per Capita Net State Domestic Product (Current Prices),https://www.rbi.org.in/Scripts/PublicationsView.aspx?id=23468
Maharashtra,2020-21,182454.0,t19_pc_nsdp_current,Table 19: Per Capita Net State Domestic Product (Current Prices),https://www.rbi.org.in/Scripts/PublicationsView.aspx?id=23468
Maharashtra,2021-22,219620.0,t19_pc_nsdp_current,Table 19: Per Capita Net State Domestic Product (Current Prices),https://www.rbi.org.in/Scripts/PublicationsView.aspx?id=23468
Maharashtra,2022-23,252289.0,t19_pc_nsdp_current,Table 19: Per Capita Net State Domestic Product (Current Prices),https://www.rbi.org.in/Scripts/PublicationsView.aspx?id=23468
Maharashtra,2023-24,278681.0,t19_pc_nsdp_current,Table 19: Per Capita Net State Domestic Product (Current Prices),https://www.rbi.org.in/Scripts/PublicationsView.aspx?id=23468
Maharashtra,2024-25,309340.0,t19_pc_nsdp_current,Table 19: Per Capita Net State Domestic Product (Current Prices),https://www.rbi.org.in/Scripts/PublicationsView.aspx?id=23468
Manipur,2017-18,71507.0,t19_pc_nsdp_current,Table 19: Per Capita Net State Domestic Product (Current Prices),https://www.rbi.org.in/Scripts/PublicationsView.aspx?id=23468
Manipur,2018-19,73795.0,t19_pc_nsdp_current,Table 19: Per Capita Net State Domestic Product (Current Prices),https://www.rbi.org.in/Scripts/PublicationsView.aspx?id=23468
Manipur,2019-20,78574.0,t19_pc_nsdp_current,Table 19: Per Capita Net State Domestic Product (Current Prices),https://www.rbi.org.in/Scripts/PublicationsView.aspx?id=23468
Manipur,2020-21,75784.0,t19_pc_nsdp_current,Table 19: Per Capita Net State Domestic Product (Current Prices),https://www.rbi.org.in/Scripts/PublicationsView.aspx?id=23468
Manipur,2021-22,98826.0,t19_pc_nsdp_current,Table 19: Per Capita Net State Domestic Product (Current Prices),https://www.rbi.org.in/Scripts/PublicationsView.aspx?id=23468
Manipur,2022-23,107133.0,t19_pc_nsdp_current,Table 19: Per Capita Net State Domestic Product (Current Prices),https://www.rbi.org.in/Scripts/PublicationsView.aspx?id=23468
Manipur,2023-24,119938.0,t19_pc_nsdp_current,Table 19: Per Capita Net State Domestic Product (Current Prices),https://www.rbi.org.in/Scripts/PublicationsView.aspx?id=23468
Manipur,2024-25,,t19_pc_nsdp_current,Table 19: Per Capita Net State Domestic Product (Current Prices),https://www.rbi.org.in/Scripts/PublicationsView.aspx?id=23468
Meghalaya,2017-18,82457.0,t19_pc_nsdp_current,Table 19: Per Capita Net State Domestic Product (Current Prices),https://www.rbi.org.in/Scripts/PublicationsView.aspx?id=23468
Meghalaya,2018-19,88954.0,t19_pc_nsdp_current,Table 19: Per Capita Net State Domestic Product (Current Prices),https://www.rbi.org.in/Scripts/PublicationsView.aspx?id=23468
Meghalaya,2019-20,95422.0,t19_pc_nsdp_current,Table 19: Per Capita Net State Domestic Product (Current Prices),https://www.rbi.org.in/Scripts/PublicationsView.aspx?id=23468
Meghalaya,2020-21,90751.0,t19_pc_nsdp_current,Table 19: Per Capita Net State Domestic Product (Current Prices),https://www.rbi.org.in/Scripts/PublicationsView.aspx?id=23468
Meghalaya,2021-22,107971.0,t19_pc_nsdp_current,Table 19: Per Capita Net State Domestic Product (Current Prices),https://www.rbi.org.in/Scripts/PublicationsView.aspx?id=23468
Meghalaya,2022-23,124673.0,t19_pc_nsdp_current,Table 19: Per Capita Net State Domestic Product (Current Prices),https://www.rbi.org.in/Scripts/PublicationsView.aspx?id=23468
Meghalaya,2023-24,141195.0,t19_pc_nsdp_current,Table 19: Per Capita Net State Domestic Product (Current Prices),https://www.rbi.org.in/Scripts/PublicationsView.aspx?id=23468
Meghalaya,2024-25,157141.0,t19_pc_nsdp_current,Table 19: Per Capita Net State Domestic Product (Current Prices),https://www.rbi.org.in/Scripts/PublicationsView.aspx?id=23468
Mizoram,2017-18,155222.0,t19_pc_nsdp_current,Table 19: Per Capita Net State Domestic Product (Current Prices),https://www.rbi.org.in/Scripts/PublicationsView.aspx?id=23468
Mizoram,2018-19,164708.0,t19_pc_nsdp_current,Table 19: Per Capita Net State Domestic Product (Current Prices),https://www.rbi.org.in/Scripts/PublicationsView.aspx?id=23468
Mizoram,2019-20,195365.0,t19_pc_nsdp_current,Table 19: Per Capita Net State Domestic Product (Current Prices),https://www.rbi.org.in/Scripts/PublicationsView.aspx?id=23468
Mizoram,2020-21,173521.0,t19_pc_nsdp_current,Table 19: Per Capita Net State Domestic Product (Current Prices),https://www.rbi.org.in/Scripts/PublicationsView.aspx?id=23468
Mizoram,2021-22,190965.0,t19_pc_nsdp_current,Table 19: Per Capita Net State Domestic Product (Current Prices),https://www.rbi.org.in/Scripts/PublicationsView.aspx?id=23468
Mizoram,2022-23,213665.0,t19_pc_nsdp_current,Table 19: Per Capita Net State Domestic Product (Current Prices),https://www.rbi.org.in/Scripts/PublicationsView.aspx?id=23468
Mizoram,2023-24,234996.0,t19_pc_nsdp_current,Table 19: Per Capita Net State Domestic Product (Current Prices),https://www.rbi.org.in/Scripts/PublicationsView.aspx?id=23468
Mizoram,2024-25,,t19_pc_nsdp_current,Table 19: Per Capita Net State Domestic Product (Current Prices),https://www.rbi.org.in/Scripts/PublicationsView.aspx?id=23468
Nagaland,2017-18,102003.0,t19_pc_nsdp_current,Table 19: Per Capita Net State Domestic Product (Current Prices),https://www.rbi.org.in/Scripts/PublicationsView.aspx?id=23468
Nagaland,2018-19,109198.0,t19_pc_nsdp_current,Table 19: Per Capita Net State Domestic Product (Current Prices),https://www.rbi.org.in/Scripts/PublicationsView.aspx?id=23468
Nagaland,2019-20,122759.0,t19_pc_nsdp_current,Table 19: Per Capita Net State Domestic Product (Current Prices),https://www.rbi.org.in/Scripts/PublicationsView.aspx?id=23468
Nagaland,2020-21,119781.0,t19_pc_nsdp_current,Table 19: Per Capita Net State Domestic Product (Current Prices),https://www.rbi.org.in/Scripts/PublicationsView.aspx?id=23468
Nagaland,2021-22,127225.0,t19_pc_nsdp_current,Table 19: Per Capita Net State Domestic Product (Current Prices),https://www.rbi.org.in/Scripts/PublicationsView.aspx?id=23468
Nagaland,2022-23,138889.0,t19_pc_nsdp_current,Table 19: Per Capita Net State Domestic Product (Current Prices),https://www.rbi.org.in/Scripts/PublicationsView.aspx?id=23468
Nagaland,2023-24,154828.0,t19_pc_nsdp_current,Table 19: Per Capita Net State Domestic Product (Current Prices),https://www.rbi.org.in/Scripts/PublicationsView.aspx?id=23468
Nagaland,2024-25,,t19_pc_nsdp_current,Table 19: Per Capita Net State Domestic Product (Current Prices),https://www.rbi.org.in/Scripts/PublicationsView.aspx?id=23468
Odisha,2017-18,87055.0,t19_pc_nsdp_current,Table 19: Per Capita Net State Domestic Product (Current Prices),https://www.rbi.org.in/Scripts/PublicationsView.aspx?id=23468
Odisha,2018-19,98005.0,t19_pc_nsdp_current,Table 19: Per Capita Net State Domestic Product (Current Prices),https://www.rbi.org.in/Scripts/PublicationsView.aspx?id=23468
Odisha,2019-20,104633.0,t19_pc_nsdp_current,Table 19: Per Capita Net State Domestic Product (Current Prices),https://www.rbi.org.in/Scripts/PublicationsView.aspx?id=23468
Odisha,2020-21,103211.0,t19_pc_nsdp_current,Table 19: Per Capita Net State Domestic Product (Current Prices),https://www.rbi.org.in/Scripts/PublicationsView.aspx?id=23468
Odisha,2021-22,133768.0,t19_pc_nsdp_current,Table 19: Per Capita Net State Domestic Product (Current Prices),https://www.rbi.org.in/Scripts/PublicationsView.aspx?id=23468
Odisha,2022-23,134612.0,t19_pc_nsdp_current,Table 19: Per Capita Net State Domestic Product (Current Prices),https://www.rbi.org.in/Scripts/PublicationsView.aspx?id=23468
Odisha,2023-24,150414.0,t19_pc_nsdp_current,Table 19: Per Capita Net State Domestic Product (Current Prices),https://www.rbi.org.in/Scripts/PublicationsView.aspx?id=23468
Odisha,2024-25,168966.0,t19_pc_nsdp_current,Table 19: Per Capita Net State Domestic Product (Current Prices),https://www.rbi.org.in/Scripts/PublicationsView.aspx?id=23468
Puducherry,2017-18,198357.0,t19_pc_nsdp_current,Table 19: Per Capita Net State Domestic Product (Current Prices),https://www.rbi.org.in/Scripts/PublicationsView.aspx?id=23468
Puducherry,2018-19,204140.0,t19_pc_nsdp_current,Table 19: Per Capita Net State Domestic Product (Current Prices),https://www.rbi.org.in/Scripts/PublicationsView.aspx?id=23468
Puducherry,2019-20,217937.0,t19_pc_nsdp_current,Table 19: Per Capita Net State Domestic Product (Current Prices),https://www.rbi.org.in/Scripts/PublicationsView.aspx?id=23468
Puducherry,2020-21,208862.0,t19_pc_nsdp_current,Table 19: Per Capita Net State Domestic Product (Current Prices),https://www.rbi.org.in/Scripts/PublicationsView.aspx?id=23468
Puducherry,2021-22,231557.0,t19_pc_nsdp_current,Table 19: Per Capita Net State Domestic Product (Current Prices),https://www.rbi.org.in/Scripts/PublicationsView.aspx?id=23468
Puducherry,2022-23,231231.0,t19_pc_nsdp_current,Table 19: Per Capita Net State Domestic Product (Current Prices),https://www.rbi.org.in/Scripts/PublicationsView.aspx?id=23468
Puducherry,2023-24,252164.0,t19_pc_nsdp_current,Table 19: Per Capita Net State Domestic Product (Current Prices),https://www.rbi.org.in/Scripts/PublicationsView.aspx?id=23468
Puducherry,2024-25,281478.0,t19_pc_nsdp_current,Table 19: Per Capita Net State Domestic Product (Current Prices),https://www.rbi.org.in/Scripts/PublicationsView.aspx?id=23468
Punjab,2017-18,139835.0,t19_pc_nsdp_current,Table 19: Per Capita Net State Domestic Product (Current Prices),https://www.rbi.org.in/Scripts/PublicationsView.aspx?id=23468
Punjab,2018-19,149974.0,t19_pc_nsdp_current,Table 19: Per Capita Net State Domestic Product (Current Prices),https://www.rbi.org.in/Scripts/PublicationsView.aspx?id=23468
Punjab,2019-20,154385.0,t19_pc_nsdp_current,Table 19: Per Capita Net State Domestic Product (Current Prices),https://www.rbi.org.in/Scripts/PublicationsView.aspx?id=23468
Punjab,2020-21,150620.0,t19_pc_nsdp_current,Table 19: Per Capita Net State Domestic Product (Current Prices),https://www.rbi.org.in/Scripts/PublicationsView.aspx?id=23468
Punjab,2021-22,170276.0,t19_pc_nsdp_current,Table 19: Per Capita Net State Domestic Product (Current Prices),https://www.rbi.org.in/Scripts/PublicationsView.aspx?id=23468
Punjab,2022-23,185802.0,t19_pc_nsdp_current,Table 19: Per Capita Net State Domestic Product (Current Prices),https://www.rbi.org.in/Scripts/PublicationsView.aspx?id=23468
Punjab,2023-24,205374.0,t19_pc_nsdp_current,Table 19: Per Capita Net State Domestic Product (Current Prices),https://www.rbi.org.in/Scripts/PublicationsView.aspx?id=23468
Punjab,2024-25,221197.0,t19_pc_nsdp_current,Table 19: Per Capita Net State Domestic Product (Current Prices),https://www.rbi.org.in/Scripts/PublicationsView.aspx?id=23468
Rajasthan,2017-18,98698.0,t19_pc_nsdp_current,Table 19: Per Capita Net State Domestic Product (Current Prices),https://www.rbi.org.in/Scripts/PublicationsView.aspx?id=23468
Rajasthan,2018-19,106604.0,t19_pc_nsdp_current,Table 19: Per Capita Net State Domestic Product (Current Prices),https://www.rbi.org.in/Scripts/PublicationsView.aspx?id=23468
Rajasthan,2019-20,115534.0,t19_pc_nsdp_current,Table 19: Per Capita Net State Domestic Product (Current Prices),https://www.rbi.org.in/Scripts/PublicationsView.aspx?id=23468
Rajasthan,2020-21,114925.0,t19_pc_nsdp_current,Table 19: Per Capita Net State Domestic Product (Current Prices),https://www.rbi.org.in/Scripts/PublicationsView.aspx?id=23468
Rajasthan,2021-22,134143.0,t19_pc_nsdp_current,Table 19: Per Capita Net State Domestic Product (Current Prices),https://www.rbi.org.in/Scripts/PublicationsView.aspx?id=23468
Rajasthan,2022-23,150020.0,t19_pc_nsdp_current,Table 19: Per Capita Net State Domestic Product (Current Prices),https://www.rbi.org.in/Scripts/PublicationsView.aspx?id=23468
Rajasthan,2023-24,166647.0,t19_pc_nsdp_current,Table 19: Per Capita Net State Domestic Product (Current Prices),https://www.rbi.org.in/Scripts/PublicationsView.aspx?id=23468
Rajasthan,2024-25,185053.0,t19_pc_nsdp_current,Table 19: Per Capita Net State Domestic Product (Current Prices),https://www.rbi.org.in/Scripts/PublicationsView.aspx?id=23468
Sikkim,2017-18,349163.0,t19_pc_nsdp_current,Table 19: Per Capita Net State Domestic Product (Current Prices),https://www.rbi.org.in/Scripts/PublicationsView.aspx?id=23468
Sikkim,2018-19,375773.0,t19_pc_nsdp_current,Table 19: Per Capita Net State Domestic Product (Current Prices),https://www.rbi.org.in/Scripts/PublicationsView.aspx?id=23468
Sikkim,2019-20,412627.0,t19_pc_nsdp_current,Table 19: Per Capita Net State Domestic Product (Current Prices),https://www.rbi.org.in/Scripts/PublicationsView.aspx?id=23468
Sikkim,2020-21,415045.0,t19_pc_nsdp_current,Table 19: Per Capita Net State Domestic Product (Current Prices),https://www.rbi.org.in/Scripts/PublicationsView.aspx?id=23468
Sikkim,2021-22,466518.0,t19_pc_nsdp_current,Table 19: Per Capita Net State Domestic Product (Current Prices),https://www.rbi.org.in/Scripts/PublicationsView.aspx?id=23468
Sikkim,2022-23,520466.0,t19_pc_nsdp_current,Table 19: Per Capita Net State Domestic Product (Current Prices),https://www.rbi.org.in/Scripts/PublicationsView.aspx?id=23468
Sikkim,2023-24,587743.0,t19_pc_nsdp_current,Table 19: Per Capita Net State Domestic Product (Current Prices),https://www.rbi.org.in/Scripts/PublicationsView.aspx?id=23468
Sikkim,2024-25,,t19_pc_nsdp_current,Table 19: Per Capita Net State Domestic Product (Current Prices),https://www.rbi.org.in/Scripts/PublicationsView.aspx?id=23468
Tamil Nadu,2017-18,175276.0,t19_pc_nsdp_current,Table 19: Per Capita Net State Domestic Product (Current Prices),https://www.rbi.org.in/Scripts/PublicationsView.aspx?id=23468
Tamil Nadu,2018-19,194373.0,t19_pc_nsdp_current,Table 19: Per Capita Net State Domestic Product (Current Prices),https://www.rbi.org.in/Scripts/PublicationsView.aspx?id=23468
Tamil Nadu,2019-20,206165.0,t19_pc_nsdp_current,Table 19: Per Capita Net State Domestic Product (Current Prices),https://www.rbi.org.in/Scripts/PublicationsView.aspx?id=23468
Tamil Nadu,2020-21,209628.0,t19_pc_nsdp_current,Table 19: Per Capita Net State Domestic Product (Current Prices),https://www.rbi.org.in/Scripts/PublicationsView.aspx?id=23468
Tamil Nadu,2021-22,242339.0,t19_pc_nsdp_current,Table 19: Per Capita Net State Domestic Product (Current Prices),https://www.rbi.org.in/Scripts/PublicationsView.aspx?id=23468
Tamil Nadu,2022-23,275272.0,t19_pc_nsdp_current,Table 19: Per Capita Net State Domestic Product (Current Prices),https://www.rbi.org.in/Scripts/PublicationsView.aspx?id=23468
Tamil Nadu,2023-24,313329.0,t19_pc_nsdp_current,Table 19: Per Capita Net State Domestic Product (Current Prices),https://www.rbi.org.in/Scripts/PublicationsView.aspx?id=23468
Tamil Nadu,2024-25,361619.0,t19_pc_nsdp_current,Table 19: Per Capita Net State Domestic Product (Current Prices),https://www.rbi.org.in/Scripts/PublicationsView.aspx?id=23468
Telangana,2017-18,179358.0,t19_pc_nsdp_current,Table 19: Per Capita Net State Domestic Product (Current Prices),https://www.rbi.org.in/Scripts/PublicationsView.aspx?id=23468
Telangana,2018-19,209848.0,t19_pc_nsdp_current,Table 19: Per Capita Net State Domestic Product (Current Prices),https://www.rbi.org.in/Scripts/PublicationsView.aspx?id=23468
Telangana,2019-20,231326.0,t19_pc_nsdp_current,Table 19: Per Capita Net State Domestic Product (Current Prices),https://www.rbi.org.in/Scripts/PublicationsView.aspx?id=23468
Telangana,2020-21,225734.0,t19_pc_nsdp_current,Table 19: Per Capita Net State Domestic Product (Current Prices),https://www.rbi.org.in/Scripts/PublicationsView.aspx?id=23468
Telangana,2021-22,269000.0,t19_pc_nsdp_current,Table 19: Per Capita Net State Domestic Product (Current Prices),https://www.rbi.org.in/Scripts/PublicationsView.aspx?id=23468
Telangana,2022-23,312046.0,t19_pc_nsdp_current,Table 19: Per Capita Net State Domestic Product (Current Prices),https://www.rbi.org.in/Scripts/PublicationsView.aspx?id=23468
Telangana,2023-24,347714.0,t19_pc_nsdp_current,Table 19: Per Capita Net State Domestic Product (Current Prices),https://www.rbi.org.in/Scripts/PublicationsView.aspx?id=23468
Telangana,2024-25,387623.0,t19_pc_nsdp_current,Table 19: Per Capita Net State Domestic Product (Current Prices),https://www.rbi.org.in/Scripts/PublicationsView.aspx?id=23468
Tripura,2017-18,100444.0,t19_pc_nsdp_current,Table 19: Per Capita Net State Domestic Product (Current Prices),https://www.rbi.org.in/Scripts/PublicationsView.aspx?id=23468
Tripura,2018-19,113016.0,t19_pc_nsdp_current,Table 19: Per Capita Net State Domestic Product (Current Prices),https://www.rbi.org.in/Scripts/PublicationsView.aspx?id=23468
Tripura,2019-20,121456.0,t19_pc_nsdp_current,Table 19: Per Capita Net State Domestic Product (Current Prices),https://www.rbi.org.in/Scripts/PublicationsView.aspx?id=23468
Tripura,2020-21,118401.0,t19_pc_nsdp_current,Table 19: Per Capita Net State Domestic Product (Current Prices),https://www.rbi.org.in/Scripts/PublicationsView.aspx?id=23468
Tripura,2021-22,137032.0,t19_pc_nsdp_current,Table 19: Per Capita Net State Domestic Product (Current Prices),https://www.rbi.org.in/Scripts/PublicationsView.aspx?id=23468
Tripura,2022-23,153584.0,t19_pc_nsdp_current,Table 19: Per Capita Net State Domestic Product (Current Prices),https://www.rbi.org.in/Scripts/PublicationsView.aspx?id=23468
Tripura,2023-24,172299.0,t19_pc_nsdp_current,Table 19: Per Capita Net State Domestic Product (Current Prices),https://www.rbi.org.in/Scripts/PublicationsView.aspx?id=23468
Tripura,2024-25,192842.0,t19_pc_nsdp_current,Table 19: Per Capita Net State Domestic Product (Current Prices),https://www.rbi.org.in/Scripts/PublicationsView.aspx?id=23468
Uttar Pradesh,2017-18,59595.0,t19_pc_nsdp_current,Table 19: Per Capita Net State Domestic Product (Current Prices),https://www.rbi.org.in/Scripts/PublicationsView.aspx?id=23468
Uttar Pradesh,2018-19,64113.0,t19_pc_nsdp_current,Table 19: Per Capita Net State Domestic Product (Current Prices),https://www.rbi.org.in/Scripts/PublicationsView.aspx?id=23468
Uttar Pradesh,2019-20,67639.0,t19_pc_nsdp_current,Table 19: Per Capita Net State Domestic Product (Current Prices),https://www.rbi.org.in/Scripts/PublicationsView.aspx?id=23468
Uttar Pradesh,2020-21,63464.0,t19_pc_nsdp_current,Table 19: Per Capita Net State Domestic Product (Current Prices),https://www.rbi.org.in/Scripts/PublicationsView.aspx?id=23468
Uttar Pradesh,2021-22,76063.0,t19_pc_nsdp_current,Table 19: Per Capita Net State Domestic Product (Current Prices),https://www.rbi.org.in/Scripts/PublicationsView.aspx?id=23468
Uttar Pradesh,2022-23,84640.0,t19_pc_nsdp_current,Table 19: Per Capita Net State Domestic Product (Current Prices),https://www.rbi.org.in/Scripts/PublicationsView.aspx?id=23468
Uttar Pradesh,2023-24,97364.0,t19_pc_nsdp_current,Table 19: Per Capita Net State Domestic Product (Current Prices),https://www.rbi.org.in/Scripts/PublicationsView.aspx?id=23468
Uttar Pradesh,2024-25,108572.0,t19_pc_nsdp_current,Table 19: Per Capita Net State Domestic Product (Current Prices),https://www.rbi.org.in/Scripts/PublicationsView.aspx?id=23468
Uttarakhand,2017-18,180857.0,t19_pc_nsdp_current,Table 19: Per Capita Net State Domestic Product (Current Prices),https://www.rbi.org.in/Scripts/PublicationsView.aspx?id=23468
Uttarakhand,2018-19,186207.0,t19_pc_nsdp_current,Table 19: Per Capita Net State Domestic Product (Current Prices),https://www.rbi.org.in/Scripts/PublicationsView.aspx?id=23468
Uttarakhand,2019-20,190558.0,t19_pc_nsdp_current,Table 19: Per Capita Net State Domestic Product (Current Prices),https://www.rbi.org.in/Scripts/PublicationsView.aspx?id=23468
Uttarakhand,2020-21,174526.0,t19_pc_nsdp_current,Table 19: Per Capita Net State Domestic Product (Current Prices),https://www.rbi.org.in/Scripts/PublicationsView.aspx?id=23468
Uttarakhand,2021-22,194670.0,t19_pc_nsdp_current,Table 19: Per Capita Net State Domestic Product (Current Prices),https://www.rbi.org.in/Scripts/PublicationsView.aspx?id=23468
Uttarakhand,2022-23,219850.0,t19_pc_nsdp_current,Table 19: Per Capita Net State Domestic Product (Current Prices),https://www.rbi.org.in/Scripts/PublicationsView.aspx?id=23468
Uttarakhand,2023-24,246178.0,t19_pc_nsdp_current,Table 19: Per Capita Net State Domestic Product (Current Prices),https://www.rbi.org.in/Scripts/PublicationsView.aspx?id=23468
Uttarakhand,2024-25,274064.0,t19_pc_nsdp_current,Table 19: Per Capita Net State Domestic Product (Current Prices),https://www.rbi.org.in/Scripts/PublicationsView.aspx?id=23468
West Bengal,2017-18,91401.0,t19_pc_nsdp_current,Table 19: Per Capita Net State Domestic Product (Current Prices),https://www.rbi.org.in/Scripts/PublicationsView.aspx?id=23468
West Bengal,2018-19,103920.0,t19_pc_nsdp_current,Table 19: Per Capita Net State Domestic Product (Current Prices),https://www.rbi.org.in/Scripts/PublicationsView.aspx?id=23468
West Bengal,2019-20,110316.0,t19_pc_nsdp_current,Table 19: Per Capita Net State Domestic Product (Current Prices),https://www.rbi.org.in/Scripts/PublicationsView.aspx?id=23468
West Bengal,2020-21,105108.0,t19_pc_nsdp_current,Table 19: Per Capita Net State Domestic Product (Current Prices),https://www.rbi.org.in/Scripts/PublicationsView.aspx?id=23468
West Bengal,2021-22,122883.0,t19_pc_nsdp_current,Table 19: Per Capita Net State Domestic Product (Current Prices),https://www.rbi.org.in/Scripts/PublicationsView.aspx?id=23468
West Bengal,2022-23,137909.0,t19_pc_nsdp_current,Table 19: Per Capita Net State Domestic Product (Current Prices),https://www.rbi.org.in/Scripts/PublicationsView.aspx?id=23468
West Bengal,2023-24,149515.0,t19_pc_nsdp_current,Table 19: Per Capita Net State Domestic Product (Current Prices),https://www.rbi.org.in/Scripts/PublicationsView.aspx?id=23468
West Bengal,2024-25,163467.0,t19_pc_nsdp_current,Table 19: Per Capita Net State Domestic Product (Current Prices),https://www.rbi.org.in/Scripts/PublicationsView.aspx?id=23468
