raw_state,year,quarter,txn_count,txn_amount_inr,registered_users,txn_count_p2p,txn_count_retail,txn_count_utility
andaman & nicobar islands,2018,1,9089,18569126.204451818,9292,2297,6656,136.0
andaman & nicobar islands,2018,2,15062,35517275.86434877,12739,4383,10462,217.0
andaman & nicobar islands,2018,3,21154,67343424.71247172,15949,7608,13138,408.0
andaman & nicobar islands,2018,4,31139,107983057.52065912,20050,12260,18359,520.0
andaman & nicobar islands,2019,1,40726,126352730.02408026,24369,15423,24638,665.0
andaman & nicobar islands,2019,2,46764,163354796.04235423,28099,18528,27418,818.0
andaman & nicobar islands,2019,3,40623,151428296.95221972,31181,17346,21707,1570.0
andaman & nicobar islands,2019,4,41665,170840663.89588845,33871,19490,18325,3850.0
andaman & nicobar islands,2020,1,49104,181027348.6617951,36875,19682,23473,5949.0
andaman & nicobar islands,2020,2,78685,197252557.32084328,41393,23455,43610,11620.0
andaman & nicobar islands,2020,3,143989,392083841.7156626,50005,48650,76639,18700.0
andaman & nicobar islands,2020,4,272005,732159322.5032427,61520,95937,132834,43234.0
andaman & nicobar islands,2021,1,316270,962447873.368161,69111,130833,86168,99269.0
andaman & nicobar islands,2021,2,457972,1105731027.1761088,77369,167435,123565,166972.0
andaman & nicobar islands,2021,3,587428,1530805193.8545938,85547,231422,169369,186637.0
andaman & nicobar islands,2021,4,722741,2012194678.690066,94375,300209,259587,162945.0
andaman & nicobar islands,2022,1,998495,2453419279.5854826,102605,397423,396140,204932.0
andaman & nicobar islands,2022,2,1419556,3229468164.9089017,111074,537340,629016,253200.0
andaman & nicobar islands,2022,3,1876971,3727232315.104086,119671,698789,866124,312058.0
andaman & nicobar islands,2022,4,2263155,4313612056.401077,127606,822471,1130336,310348.0
andaman & nicobar islands,2023,1,2449897,4656305779.671389,134328,882980,1254352,312565.0
andaman & nicobar islands,2023,2,2939168,5236683780.982016,141172,997058,1593082,349028.0
andaman & nicobar islands,2023,3,3294013,5429583227.211581,148091,1138133,1795799,360081.0
andaman & nicobar islands,2023,4,3921213,6538722461.517704,155470,1353803,2204624,362786.0
andaman & nicobar islands,2024,1,4328346,7073085032.739111,162750,1467728,2483253,377365.0
andaman & nicobar islands,2024,2,4795590,7495263210.120073,170651,1548283,2830230,417077.0
andaman & nicobar islands,2024,3,5294506,7666206641.658037,178309,1730844,3128743,434919.0
andaman & nicobar islands,2024,4,6079801,8934732725.344223,184669,1988874,3637868,453059.0
andaman & nicobar islands,2025,1,6332082,9162142602.949232,190713,2042168,3813109,476805.0
andaman & nicobar islands,2025,2,6375269,8893455438.409813,196844,1943344,3953793,478132.0
andaman & nicobar islands,2025,3,6731822,8790337988.9711,203056,2062721,4184644,484457.0
andaman & nicobar islands,2025,4,7609535,10377697808.657213,209295,2368365,4719538,521632.0
andaman & nicobar islands,2026,1,7964501,10927506389.645979,214818,2444181,4993199,527121.0
andaman & nicobar islands,2026,2,7753095,10442295042.827309,220759,2318395,4915599,519101.0
andhra pradesh,2018,1,10862829,14001071206.72507,2979027,3470494,6888562,503773.0
andhra pradesh,2018,2,14697368,26355488600.117676,3941740,5367902,8191674,1137792.0
andhra pradesh,2018,3,29262730,40288693498.011696,4841052,17848404,9823208,1591118.0
andhra pradesh,2018,4,35722329,57943164106.786865,6134766,19562957,14242724,1916648.0
andhra pradesh,2019,1,67981444,98042197867.21909,7399826,43527491,21565529,2888424.0
andhra pradesh,2019,2,73241659,144859083315.21857,8379878,41431019,29006645,2803995.0
andhra pradesh,2019,3,93033155,177040315932.09756,9369779,49997866,38574125,4461164.0
andhra pradesh,2019,4,130762980,254283893858.3307,10528985,73565940,48905204,8291836.0
andhra pradesh,2020,1,159186574,328528062231.59393,11664133,86063489,58613484,14509601.0
andhra pradesh,2020,2,176284886,380612306331.30676,12828761,94711506,58995509,22577871.0
andhra pradesh,2020,3,251377109,585395478652.1339,14049378,136309737,90557252,24510120.0
andhra pradesh,2020,4,326093276,760638671029.0725,15263807,178466683,118472460,29154133.0
andhra pradesh,2021,1,360571899,827396576580.57,16309736,187035752,122228605,51307542.0
andhra pradesh,2021,2,450715706,1067722803488.4009,17327874,244005532,137701586,69008588.0
andhra pradesh,2021,3,552469257,1229581784431.981,18380260,283896229,195005296,73567732.0
andhra pradesh,2021,4,576560191,1241105876775.0784,19405303,288996866,223299270,64264055.0
andhra pradesh,2022,1,725554627,1565634867542.4126,20341205,359825164,295596425,70133038.0
andhra pradesh,2022,2,840332341,1793485874297.8623,21272937,402016237,357185042,81131062.0
andhra pradesh,2022,3,956418056,1959402519798.4548,22199210,442266221,425082142,89069693.0
andhra pradesh,2022,4,1030438279,2028666459424.0625,23102641,470505491,468020065,91912723.0
andhra pradesh,2023,1,1138724913,2251807395014.746,23903359,515228601,526737073,96759239.0
andhra pradesh,2023,2,1295037315,2509703988271.9307,24687258,573773696,613447829,107815790.0
andhra pradesh,2023,3,1467644978,2654560419251.27,25473637,623522468,730559498,113563012.0
andhra pradesh,2023,4,1588297806,2811855025318.7295,26160960,673686762,800499764,114111280.0
andhra pradesh,2024,1,1749727590,3018505887112.872,26931791,722183330,907194749,120349511.0
andhra pradesh,2024,2,1920885662,3185673985146.1885,27773775,748936609,1043588059,128360994.0
andhra pradesh,2024,3,2086058265,3227507134129.8457,28578957,803007628,1154960340,128090297.0
andhra pradesh,2024,4,2292770050,3454536571052.4014,29497544,872939105,1284541504,135289441.0
andhra pradesh,2025,1,2422886250,3666795723272.4346,30313656,926759367,1349213113,146913770.0
andhra pradesh,2025,2,2530918973,3781520939571.639,31181805,935539501,1445602514,149776958.0
andhra pradesh,2025,3,2700328888,3814695548343.5576,32097241,979073292,1575163628,146091968.0
andhra pradesh,2025,4,2862709581,4000106326747.966,32906085,1018086782,1696774348,147848451.0
andhra pradesh,2026,1,3047429835,4349723573013.5205,33598777,1077713980,1812911085,156804770.0
andhra pradesh,2026,2,3245956863,4623697374921.988,34327612,1109707075,1978617733,157632055.0
arunachal pradesh,2018,1,56572,112009706.82247925,26660,15540,40846,186.0
arunachal pradesh,2018,2,100858,239594007.44920862,39517,30899,69003,956.0
arunachal pradesh,2018,3,160327,390349037.86985934,53503,56490,102215,1622.0
arunachal pradesh,2018,4,222216,597276469.6237385,71555,78292,141727,2197.0
arunachal pradesh,2019,1,293223,762934389.2826967,88991,114051,175799,3373.0
arunachal pradesh,2019,2,387295,1070406251.3836615,108855,148005,235969,3321.0
arunachal pradesh,2019,3,456122,1290611112.9316866,128047,187127,246085,22910.0
arunachal pradesh,2019,4,570808,1664821348.2619624,146946,248720,245850,76238.0
arunachal pradesh,2020,1,696142,1928569155.032096,169049,282980,284879,128283.0
arunachal pradesh,2020,2,972129,2479742352.6607533,198449,340273,407472,224384.0
arunachal pradesh,2020,3,1160082,3346055621.9050674,228945,475422,466194,218466.0
arunachal pradesh,2020,4,1393785,4195981781.202884,257285,611037,498430,284318.0
arunachal pradesh,2021,1,1511740,4824985661.331147,279538,717820,268630,525290.0
arunachal pradesh,2021,2,2126788,5874285594.840509,303657,1019755,357066,749967.0
arunachal pradesh,2021,3,2552879,7358989851.156297,327708,1295459,445416,812004.0
arunachal pradesh,2021,4,2781103,7765536383.489752,353110,1394700,624665,761738.0
arunachal pradesh,2022,1,3643158,9915850686.493687,378277,1814764,974159,854235.0
arunachal pradesh,2022,2,4904907,12095132402.063713,406742,2362702,1560097,982108.0
arunachal pradesh,2022,3,6325455,13636396793.285019,436558,3089113,2127733,1108609.0
arunachal pradesh,2022,4,7474281,14697638125.945652,465208,3542488,2753357,1178436.0
arunachal pradesh,2023,1,8416665,16792360774.756207,493307,3962069,3193883,1260713.0
arunachal pradesh,2023,2,10917104,20359353648.82662,521967,4985211,4518172,1413721.0
arunachal pradesh,2023,3,13227332,21637138207.620934,552339,6019719,5692334,1515279.0
arunachal pradesh,2023,4,15084363,24771952971.461708,584620,6810909,6707771,1565683.0
arunachal pradesh,2024,1,16868525,26693314814.200375,623413,7377899,7729487,1761139.0
arunachal pradesh,2024,2,20110193,30367049709.014652,670071,8264639,9939346,1906208.0
arunachal pradesh,2024,3,24519045,31440191935.077065,712965,10063903,12397130,2058012.0
arunachal pradesh,2024,4,26790106,34929686801.95984,743265,10737577,13968413,2084116.0
arunachal pradesh,2025,1,28407442,36223848602.66401,772957,10857782,15250004,2299656.0
arunachal pradesh,2025,2,31151454,38572901830.24858,803428,11005299,17910730,2235425.0
arunachal pradesh,2025,3,36334234,42295740825.88502,834455,12684279,21332176,2317779.0
arunachal pradesh,2025,4,36103054,43631000044.51788,865553,12859718,20914837,2328499.0
arunachal pradesh,2026,1,36174886,43929133553.19525,894421,12775009,20987088,2412789.0
arunachal pradesh,2026,2,40632514,47494947481.35698,951240,13494356,24690742,2447416.0
assam,2018,1,1295882,1391575090.9188318,449118,367018,917663,11201.0
assam,2018,2,1996901,2752709124.016653,669433,602513,1336377,58011.0
assam,2018,3,2726534,4337172377.059211,900297,907160,1729859,89515.0
assam,2018,4,4296227,6693717176.148428,1200972,1425542,2764241,106444.0
assam,2019,1,4947555,8430938338.259106,1461630,2043007,2757939,146609.0
assam,2019,2,5585407,10669441203.404137,1719942,2242546,3193461,149400.0
assam,2019,3,6054473,12546298666.063118,1997575,2646141,3051698,356634.0
assam,2019,4,6891858,14599084294.48947,2240183,3109608,2890501,891749.0
assam,2020,1,8674891,18864649389.34545,2534072,3723043,3406812,1545036.0
assam,2020,2,11026960,19908371407.600346,2938372,3693429,4571702,2761829.0
assam,2020,3,11961802,26368491655.51855,3266212,4865545,4773287,2322970.0
assam,2020,4,14784484,36013810212.345345,3615153,6673162,5154466,2956856.0
assam,2021,1,17317732,44333318961.29296,3929145,8037741,3579513,5700478.0
assam,2021,2,22621193,51853860554.972015,4267940,9999466,4119253,8502474.0
assam,2021,3,28693230,64005741457.90784,4661558,12915370,6486596,9291264.0
assam,2021,4,35028733,77820924721.56917,5099567,15760519,10034417,9233797.0
assam,2022,1,50025695,110373718442.02957,5551092,22622208,16994856,10408631.0
assam,2022,2,64800277,127094723035.47563,6021618,28055767,24578300,12166210.0
assam,2022,3,84341513,150673177993.96173,6517957,35183163,34972826,14185524.0
assam,2022,4,97084626,172386294490.2151,6999042,40692233,41152378,15240015.0
assam,2023,1,115216347,212425494987.1329,7478158,48450507,49721049,17044791.0
assam,2023,2,139599202,235261543203.49353,7935267,57867509,62198937,19532756.0
assam,2023,3,168278113,243468041626.96988,8451423,66738687,80789947,20749479.0
assam,2023,4,194352109,285818446041.6975,9011333,79931097,93896583,20524429.0
assam,2024,1,222628994,321206875230.3624,9619049,91156112,108690485,22782397.0
assam,2024,2,274589008,345236981886.75684,10259479,105567953,143706811,25314244.0
assam,2024,3,297749691,333320132729.0125,10865707,112086581,159283968,26379142.0
assam,2024,4,333086043,382282177286.4366,11341543,129253234,178000773,25832036.0
assam,2025,1,381449165,449262511160.80133,11808496,148257710,202129241,31062214.0
assam,2025,2,412522853,444019860093.2911,12266826,152460784,228314633,31747436.0
assam,2025,3,454562374,444477731627.2193,12771675,163168524,257785154,33608696.0
assam,2025,4,468795161,468243373408.78876,13282617,173912850,262799498,32082813.0
assam,2026,1,503481347,522964731937.307,13764766,187964652,280234793,35281902.0
assam,2026,2,549125066,519696079352.86957,14095525,196477566,314710936,37936564.0
bihar,2018,1,7267806,7318769108.557262,2173873,2402724,4816218,48864.0
bihar,2018,2,10434579,15988264138.119148,3075993,3988478,6197442,248659.0
bihar,2018,3,16507213,23175783209.3531,3846555,9964049,6195903,347261.0
bihar,2018,4,18324599,32563096733.8254,4894391,9133500,8778363,412736.0
bihar,2019,1,28578223,44383537984.84218,5903371,17822554,10134940,620729.0
bihar,2019,2,29212818,61070184415.5835,6750778,15127981,13444865,639972.0
bihar,2019,3,29692696,64038814257.19348,7595450,14075183,14352593,1264920.0
bihar,2019,4,40967886,89108176121.19955,8557982,23834576,13833728,3299582.0
bihar,2020,1,44056833,106616037981.9359,9579162,22185121,16415988,5455724.0
bihar,2020,2,53954783,130329505836.33133,10810307,26487666,18443012,9024105.0
bihar,2020,3,72779613,175427345182.79007,11972054,37372584,26489558,8917471.0
bihar,2020,4,97696608,239429081339.50946,13128377,49315343,37187582,11193683.0
bihar,2021,1,111690707,277382314169.3477,14274751,57601479,33189718,20899510.0
bihar,2021,2,152928387,374306226227.0451,15401467,78237915,42188486,32501986.0
bihar,2021,3,184812122,398169200251.47766,16692841,92724849,60516429,31570844.0
bihar,2021,4,211595139,455873110665.51166,17989043,102626865,80117478,28850796.0
bihar,2022,1,279365074,607780285452.8403,19351497,137367506,110204201,31793367.0
bihar,2022,2,350987405,741819444963.2347,20671708,161392512,149362668,40232225.0
bihar,2022,3,398081452,747732795859.8962,22066926,180096829,172516214,45468409.0
bihar,2022,4,478561642,881147256455.3129,23466284,211334089,219181745,48045808.0
bihar,2023,1,557298485,1037888852800.0654,24855994,245637029,256728191,54933265.0
bihar,2023,2,698546493,1224912261750.1792,26174400,293573878,339365938,65606677.0
bihar,2023,3,743992914,1148004167584.6228,27578408,311733910,364225692,68033312.0
bihar,2023,4,939309620,1436863360578.1116,29113524,394950650,471333078,73025892.0
bihar,2024,1,1086107837,1633842288997.5242,30849769,455919236,544022949,86165652.0
bihar,2024,2,1321734729,1878213500138.2026,32631512,529175031,693433446,99126252.0
bihar,2024,3,1354611186,1774925561306.6208,34194093,547856063,710563604,96191519.0
bihar,2024,4,1559808519,2092918508999.367,35663071,641897466,820470734,97440319.0
bihar,2025,1,1530666231,2084046921423.7925,37257833,629038929,800286778,101340524.0
bihar,2025,2,1793785807,2356277702190.085,38792069,703844449,980327979,109613379.0
bihar,2025,3,1804002017,2130102112192.274,40492727,695549121,1002602349,105850547.0
bihar,2025,4,2022586363,2442715459709.96,42344157,793555664,1119034346,109996353.0
bihar,2026,1,2098602814,2537338892793.637,43855409,833487914,1152850594,112264306.0
bihar,2026,2,2289051873,2678141315406.1562,44813491,879874401,1295213536,113963936.0
chandigarh,2018,1,223975,393507115.84811443,84504,86598,135274,2103.0
chandigarh,2018,2,319560,664062457.5527933,113150,139093,171635,8832.0
chandigarh,2018,3,417919,971597704.0881219,141119,205970,197262,14687.0
chandigarh,2018,4,603259,1354040230.1718202,175644,304514,279421,19324.0
chandigarh,2019,1,876820,1678862941.0300002,207673,485410,360000,31410.0
chandigarh,2019,2,1081281,2214484682.804943,240155,506704,534131,40446.0
chandigarh,2019,3,1428205,2696336857.265588,268117,607651,746995,73559.0
chandigarh,2019,4,1663318,3246646185.7316084,292017,722134,812438,128746.0
chandigarh,2020,1,1776530,3334833902.532528,316683,707916,890041,178573.0
chandigarh,2020,2,1098495,2233114743.327046,341687,425584,500782,172129.0
chandigarh,2020,3,1787111,3631987949.8054485,368783,675369,925689,186053.0
chandigarh,2020,4,2610842,4860838678.860598,396747,902711,1450083,258048.0
chandigarh,2021,1,3291014,5639239470.444478,420246,1088211,1728889,473914.0
chandigarh,2021,2,3336924,5688419002.539844,442163,1110497,1673769,552658.0
chandigarh,2021,3,4795459,7498822383.4005165,465065,1505884,2650201,639374.0
chandigarh,2021,4,5012587,7760737879.59054,487572,1508876,2956450,547261.0
chandigarh,2022,1,6026078,9061038154.153315,509170,1784924,3654287,586867.0
chandigarh,2022,2,7761882,10624481178.149662,529517,2128206,4970069,663607.0
chandigarh,2022,3,9175146,12189515329.976696,550651,2527240,5882444,765462.0
chandigarh,2022,4,9744704,12720512772.5428,569949,2607319,6381514,755871.0
chandigarh,2023,1,10182795,13320740709.154438,587987,2723528,6679868,779399.0
chandigarh,2023,2,12002645,15001734621.098116,605280,3155761,8001836,845048.0
chandigarh,2023,3,13514642,15978579212.550114,622265,3525766,9100188,888688.0
chandigarh,2023,4,13784981,16915170140.23735,639168,3600977,9344696,839308.0
chandigarh,2024,1,13667061,16541090390.048546,660057,3544955,9276490,845616.0
chandigarh,2024,2,16570280,18298504093.428207,682073,4105222,11519996,945062.0
chandigarh,2024,3,17830482,19398464952.299725,703169,4542561,12269851,1018070.0
chandigarh,2024,4,18645893,20631840726.069115,721374,4741956,12890043,1013894.0
chandigarh,2025,1,19931215,21239542165.21637,739749,5030048,13786138,1115029.0
chandigarh,2025,2,20255468,21185658828.05371,757963,4978557,14246760,1030151.0
chandigarh,2025,3,22149566,22397711070.192337,776162,5537474,15506364,1105728.0
chandigarh,2025,4,22627910,23861736668.233253,794106,5748592,15785608,1093710.0
chandigarh,2026,1,22820289,23784456763.001396,811491,5753972,15927532,1138785.0
chandigarh,2026,2,25137055,25233291728.69225,829123,6189470,17838348,1109237.0
chhattisgarh,2018,1,2308574,2600414470.835706,686395,639043,1589599,79932.0
chhattisgarh,2018,2,3380470,5020388075.196792,967619,1072278,2124217,183975.0
chhattisgarh,2018,3,4512546,7219788715.082321,1229445,1798955,2435063,278528.0
chhattisgarh,2018,4,6353226,10755271064.359688,1584333,2623941,3372461,356824.0
chhattisgarh,2019,1,8806110,13924157587.499626,1925189,4296607,4062272,447231.0
chhattisgarh,2019,2,10141906,18246258174.340855,2212185,4418365,5256226,467315.0
chhattisgarh,2019,3,12460140,21416627955.839325,2488075,5228457,6394057,837626.0
chhattisgarh,2019,4,16357293,28463127103.098198,2780915,7300968,7244686,1811639.0
chhattisgarh,2020,1,19093394,32590895619.612717,3094859,7781097,8600738,2711559.0
chhattisgarh,2020,2,21009112,37624391296.12829,3484888,8442089,8614241,3952782.0
chhattisgarh,2020,3,28282693,50717527358.68874,3897665,12041208,12030721,4210764.0
chhattisgarh,2020,4,39804658,71088111288.6268,4302482,16417563,18163320,5223775.0
chhattisgarh,2021,1,48630460,85037921799.0683,4682835,19316584,19091610,10222266.0
chhattisgarh,2021,2,57474912,98787017765.85956,5078626,23437224,19178737,14858951.0
chhattisgarh,2021,3,80717872,128856725337.29623,5517110,31909232,33321770,15486870.0
chhattisgarh,2021,4,90986070,142897547581.29657,5951381,35131434,42220296,13634340.0
chhattisgarh,2022,1,118651612,188186021689.86618,6380734,45584964,57726019,15340629.0
chhattisgarh,2022,2,143649650,217141086234.92676,6782654,52204431,73440835,18004384.0
chhattisgarh,2022,3,168777635,232335130975.735,7211969,61107108,87352711,20317816.0
chhattisgarh,2022,4,192641774,267162792319.1936,7618238,69413479,102175844,21052451.0
chhattisgarh,2023,1,214685457,299544060546.12585,8004123,76789266,113977816,23918375.0
chhattisgarh,2023,2,250168113,331458751118.9755,8375641,86943045,136171929,27053139.0
chhattisgarh,2023,3,283570782,349234131102.0796,8766380,97126941,158512662,27931179.0
chhattisgarh,2023,4,322561838,404263598492.0149,9160798,110933299,183166600,28461939.0
chhattisgarh,2024,1,366651062,463030150974.65735,9676480,124650369,209330663,32670030.0
chhattisgarh,2024,2,412497773,495339525982.10114,10160209,134770237,241644172,36083364.0
chhattisgarh,2024,3,443141845,495927695118.55237,10587536,146277797,260777393,36086655.0
chhattisgarh,2024,4,500033921,575372077008.4672,10962228,166440802,296276945,37316174.0
chhattisgarh,2025,1,498714795,585636844581.983,11341270,164285124,292745236,41684435.0
chhattisgarh,2025,2,530238048,584957150370.3911,11716582,166802677,320942200,42493171.0
chhattisgarh,2025,3,567750078,579430366109.4929,12105416,179010025,346929895,41810158.0
chhattisgarh,2025,4,605701118,639303988608.5961,12478219,194816642,369466099,41418377.0
chhattisgarh,2026,1,625441700,681983078745.7452,12825130,199909355,381331900,44200445.0
chhattisgarh,2026,2,646201571,678401352461.2666,13192734,199041865,402505854,44653852.0
dadra & nagar haveli & daman & diu,2018,1,175749,203738508.32623297,46505,48727,124310,2712.0
dadra & nagar haveli & daman & diu,2018,2,233330,339720413.4266238,62632,75693,150355,7282.0
dadra & nagar haveli & daman & diu,2018,3,327117,494728286.08063436,79851,125652,190778,10687.0
dadra & nagar haveli & daman & diu,2018,4,460719,718948346.7433174,101702,207646,240461,12612.0
dadra & nagar haveli & daman & diu,2019,1,765460,972578611.6164718,122413,463399,285372,16689.0
dadra & nagar haveli & daman & diu,2019,2,660479,1087297036.7210982,139004,320409,324440,15630.0
dadra & nagar haveli & daman & diu,2019,3,754087,1278812027.1439939,155873,340048,371757,42282.0
dadra & nagar haveli & daman & diu,2019,4,916877,1615369595.516838,174634,439004,375567,102306.0
dadra & nagar haveli & daman & diu,2020,1,1059367,1783068099.6136131,193453,449715,459843,149809.0
dadra & nagar haveli & daman & diu,2020,2,1128692,1665874471.905149,217392,427476,483124,218092.0
dadra & nagar haveli & daman & diu,2020,3,1381590,2246553945.8118267,239161,553718,633739,194133.0
dadra & nagar haveli & daman & diu,2020,4,2074476,3117756826.203451,264058,780882,1023837,269757.0
dadra & nagar haveli & daman & diu,2021,1,2468208,3719731952.6275053,284780,981563,969125,517520.0
dadra & nagar haveli & daman & diu,2021,2,2814882,4058213192.3616095,304287,1108625,1065450,640807.0
dadra & nagar haveli & daman & diu,2021,3,4130800,5487801996.985148,326668,1642468,1727177,761155.0
dadra & nagar haveli & daman & diu,2021,4,4718714,6073199177.991066,349265,1752030,2297983,668701.0
dadra & nagar haveli & daman & diu,2022,1,6099780,7630083652.340666,369790,2194931,3219540,685309.0
dadra & nagar haveli & daman & diu,2022,2,7431344,8548899697.35703,390083,2354655,4326687,750002.0
dadra & nagar haveli & daman & diu,2022,3,9167713,10016928620.567108,410533,2905787,5333300,928626.0
dadra & nagar haveli & daman & diu,2022,4,10667542,11210383267.660694,431261,3196176,6545310,926056.0
dadra & nagar haveli & daman & diu,2023,1,11627938,12184562485.612377,449889,3455321,7186722,985895.0
dadra & nagar haveli & daman & diu,2023,2,13139339,13293978308.32088,467310,3776627,8303022,1059690.0
dadra & nagar haveli & daman & diu,2023,3,14946369,14582297017.60117,484521,4410140,9373489,1162740.0
dadra & nagar haveli & daman & diu,2023,4,17850712,16983535180.430668,502992,5097316,11546558,1206838.0
dadra & nagar haveli & daman & diu,2024,1,20353556,18765466590.83841,522738,5816338,13145056,1392162.0
dadra & nagar haveli & daman & diu,2024,2,22527545,19470526075.93761,542235,6167656,14877323,1482566.0
dadra & nagar haveli & daman & diu,2024,3,24452181,20598707213.18743,560853,6931855,15976900,1543426.0
dadra & nagar haveli & daman & diu,2024,4,27354023,22905248328.83792,579259,7537976,18263646,1552401.0
dadra & nagar haveli & daman & diu,2025,1,27107809,22346971352.215958,597015,7221487,18323342,1562980.0
dadra & nagar haveli & daman & diu,2025,2,28225351,23146137014.55257,613335,7216216,19481392,1527743.0
dadra & nagar haveli & daman & diu,2025,3,31444001,24673354040.591118,630853,8208256,21544940,1690805.0
dadra & nagar haveli & daman & diu,2025,4,32546677,26195111187.06368,647249,8706241,22194792,1645644.0
dadra & nagar haveli & daman & diu,2026,1,33719156,26943767275.15291,661947,9026170,23012051,1680935.0
dadra & nagar haveli & daman & diu,2026,2,33036223,26552512651.741745,685445,8616843,22891864,1527516.0
delhi,2018,1,4861388,8271371793.392628,1954765,1615875,2985448,260065.0
delhi,2018,2,6889986,13364589444.285055,2581867,2449953,3933398,506635.0
delhi,2018,3,12574966,19957898704.19008,3271387,3857294,7857195,860477.0
delhi,2018,4,24850974,31024643827.81318,4336314,6896926,16093319,1860729.0
delhi,2019,1,36894345,44300658315.162735,5182927,13271887,20659076,2963382.0
delhi,2019,2,43013774,58968863487.081665,5845734,14006642,25329627,3677505.0
delhi,2019,3,55742193,76468995159.52313,6463153,17777669,32091616,5872908.0
delhi,2019,4,62548835,93652030961.80515,6975942,22990805,31670633,7887397.0
delhi,2020,1,64918068,101297919304.47128,7506500,23652153,33050230,8215685.0
delhi,2020,2,52441310,81000333616.01228,8071753,19831287,25679771,6930252.0
delhi,2020,3,73862510,129779470523.62761,8702719,29703975,36733987,7424548.0
delhi,2020,4,101260942,177739597368.565,9361847,39937336,50818263,10505343.0
delhi,2021,1,120153276,205668430518.44977,9968730,46702955,56615267,16835054.0
delhi,2021,2,121471283,202501475643.4478,10538375,48255308,54742475,18473500.0
delhi,2021,3,172751582,288115773262.44116,11160288,67534917,82693069,22523596.0
delhi,2021,4,180172118,312145482478.9022,11796958,69394557,91396064,19381497.0
delhi,2022,1,223152158,376375724015.03375,12414526,84352873,118196322,20602963.0
delhi,2022,2,280662698,443015534922.1724,12974749,97270927,159256415,24135356.0
delhi,2022,3,336144494,507114703182.28174,13539000,114108021,193226144,28810329.0
delhi,2022,4,365023307,556037697335.6055,14081903,121689844,213906227,29427236.0
delhi,2023,1,408284405,611515329918.7366,14595060,134544771,241528649,32210985.0
delhi,2023,2,479877785,661524275756.0029,15072030,150932258,293401714,35543813.0
delhi,2023,3,544463265,707384902988.8572,15541397,166704530,339588954,38169781.0
delhi,2023,4,595978737,800033234390.3937,16011335,184185421,373762989,38030327.0
delhi,2024,1,648689028,833026878275.8525,16600851,196018058,411667423,41003547.0
delhi,2024,2,774314356,895745968493.4221,17177363,219740879,509081017,45492460.0
delhi,2024,3,844711512,960894810351.4745,17734636,242375284,552938672,49397556.0
delhi,2024,4,910091437,1058824541586.6793,18256126,261111396,597843647,51136394.0
delhi,2025,1,946994561,1075695710049.5652,18767127,270766003,618162326,58066232.0
delhi,2025,2,988353361,1059397596251.9786,19263783,270015501,662259192,56078668.0
delhi,2025,3,1069317276,1110313539978.9946,19764135,293655235,714113988,61548053.0
delhi,2025,4,1087983371,1170618652301.9897,20229290,299388404,727159498,61435469.0
delhi,2026,1,1087780733,1157725625834.733,20688029,296399539,729639080,61742114.0
delhi,2026,2,1171904826,1176560966476.9006,21250201,306838191,802878308,62188327.0
goa,2018,1,183383,349066357.90028584,97236,66717,115688,978.0
goa,2018,2,257510,535602446.42051774,128359,96965,155786,4759.0
goa,2018,3,376513,784750606.0741248,160129,161853,206471,8189.0
goa,2018,4,579647,1267443769.8483543,204229,268194,301078,10375.0
goa,2019,1,869079,1729283766.1123345,248825,442149,405891,21039.0
goa,2019,2,1066466,2165028896.673666,290801,510080,527008,29378.0
goa,2019,3,1351959,2683370624.34643,331094,649002,625843,77114.0
goa,2019,4,1901461,3915138021.176736,370015,959581,742233,199647.0
goa,2020,1,2308644,4491991521.593598,410941,1095516,920792,292336.0
goa,2020,2,1740286,2715145069.5507383,451839,629488,763049,347749.0
goa,2020,3,2133105,3765761100.712038,499358,847145,966368,319592.0
goa,2020,4,4146283,7565195670.719751,553679,1695904,1953066,497313.0
goa,2021,1,6169621,11178477599.490131,596406,2574988,2615744,978889.0
goa,2021,2,5343431,8784725625.06963,634949,2032902,2174178,1136351.0
goa,2021,3,7417529,11618809271.817026,677726,2861832,3288618,1267079.0
goa,2021,4,11465988,18743523947.17128,720435,4502621,5639629,1323738.0
goa,2022,1,13928876,21935946828.799046,759279,5223491,7310623,1394762.0
goa,2022,2,16022094,24878187518.779408,796871,5658819,8797632,1565643.0
goa,2022,3,17781281,25811794705.68304,835257,6030389,10069731,1681161.0
goa,2022,4,23220664,33502458362.18222,871837,7786510,13577360,1856794.0
goa,2023,1,24526280,35270734819.251785,904953,8076526,14541027,1908727.0
goa,2023,2,26864800,38615163972.77406,935702,8592814,16228200,2043786.0
goa,2023,3,27248674,37450380521.6337,967033,8489626,16701945,2057103.0
goa,2023,4,33643920,44395207299.52843,1001527,10436608,21043935,2163377.0
goa,2024,1,35146111,45445685425.66287,1039130,10733878,22126561,2285672.0
goa,2024,2,37182439,47519409391.04823,1078255,10934962,23876060,2371417.0
goa,2024,3,36966358,45991002795.0858,1117049,10857503,23713527,2395328.0
goa,2024,4,46318894,56637741193.07748,1151724,13498885,30230530,2589479.0
goa,2025,1,49193973,58807211950.65007,1185550,14131627,32194383,2867963.0
goa,2025,2,45771675,55369449580.35414,1218114,12632826,30469355,2669494.0
goa,2025,3,46150727,54338864093.71546,1252705,12865476,30620188,2665063.0
goa,2025,4,52951592,63813316867.88237,1289056,14936827,35239184,2775581.0
goa,2026,1,55169116,67324007480.50716,1325289,15481410,36831929,2855777.0
goa,2026,2,55208797,69089808304.2454,1347940,14983673,37488228,2736896.0
gujarat,2018,1,6635512,8197590210.3636875,2813458,1830544,4636584,168384.0
gujarat,2018,2,8576111,13039616415.945614,3729318,2611334,5503458,461319.0
gujarat,2018,3,12242103,18865469253.16249,4601012,5489933,6110333,641837.0
gujarat,2018,4,16308079,26472137603.705414,5796205,6833499,8704983,769597.0
gujarat,2019,1,26455226,36847763352.85492,6920980,13774066,11548425,1132735.0
gujarat,2019,2,27791578,46130544795.746445,7878532,11595434,15025058,1171086.0
gujarat,2019,3,36868399,55866174464.90448,8815169,13435353,21282425,2150621.0
gujarat,2019,4,41410517,73077071811.67056,9739656,17984643,18884739,4541135.0
gujarat,2020,1,47012185,84177281289.14142,10722212,18268400,22371270,6372515.0
gujarat,2020,2,44779825,70966369720.57262,11915415,15009269,21301458,8469098.0
gujarat,2020,3,58773255,107948689525.47961,13038677,22093055,28750957,7929243.0
gujarat,2020,4,77350802,145043226247.8315,14183614,28915624,37351915,11083263.0
gujarat,2021,1,92994867,178693454967.36502,15212633,35155051,36594813,21245003.0
gujarat,2021,2,108741359,203060508004.0047,16194721,39949396,41144828,27647135.0
gujarat,2021,3,146565806,266874951666.12268,17323185,54390293,61450401,30725112.0
gujarat,2021,4,155616570,290763968555.83673,18430583,56399845,71950994,27265731.0
gujarat,2022,1,202167410,375175981366.9569,19483483,74150580,98716618,29300212.0
gujarat,2022,2,242865983,425192027731.0801,20492610,82061815,126999953,33804215.0
gujarat,2022,3,298170347,492460968385.96,21579615,100513268,157589389,40067690.0
gujarat,2022,4,329074518,548039488289.37463,22608675,108856133,179290320,40928065.0
gujarat,2023,1,369002002,602862655965.1804,23551635,121055664,204120466,43825872.0
gujarat,2023,2,425451706,650588973801.5613,24442139,132213776,245264196,47973734.0
gujarat,2023,3,485612014,713336692583.1819,25381367,151993907,282686065,50932042.0
gujarat,2023,4,542379120,803395243183.7517,26346004,167346113,323807182,51225825.0
gujarat,2024,1,614098314,881020106441.8213,27405423,188201304,369258483,56638527.0
gujarat,2024,2,701921455,919028632147.8857,28470147,199975569,441428904,60516982.0
gujarat,2024,3,763687586,970256325961.4185,29515495,225932859,473594132,64160595.0
gujarat,2024,4,831355510,1082230469473.0231,30455926,244412869,522588190,64354451.0
gujarat,2025,1,902261206,1110857728436.5906,31378561,261049938,569309965,71901303.0
gujarat,2025,2,919508876,1074252324352.9222,32256294,251082446,602292300,66134130.0
gujarat,2025,3,1045353791,1155632518250.8823,33195778,289978000,684049224,71326567.0
gujarat,2025,4,1048194862,1234864382391.2158,34132806,305349338,672395110,70450414.0
gujarat,2026,1,1127537297,1294388577019.7559,34953549,333335610,720203459,73998228.0
gujarat,2026,2,1157902686,1297688887688.3652,36083882,330324037,757197417,70381232.0
haryana,2018,1,5044397,7580699902.527901,1988481,1735441,3258301,50655.0
haryana,2018,2,6867153,12521529537.944519,2621706,2579978,4054740,232435.0
haryana,2018,3,9035319,17864845143.183334,3194626,3891786,4806047,337486.0
haryana,2018,4,14526062,27650255494.451317,3994128,6368684,7602117,555261.0
haryana,2019,1,25636840,38591994904.580345,4759566,14454322,10298565,883953.0
haryana,2019,2,28298601,51094727148.558624,5414773,12805219,14367720,1125662.0
haryana,2019,3,36134187,62880149756.33475,6054463,14597118,19464332,2072737.0
haryana,2019,4,44740993,82429204420.11588,6642686,19453976,21364196,3922821.0
haryana,2020,1,51339201,94252119542.41226,7305629,21051976,25036070,5251155.0
haryana,2020,2,46499694,89232924843.01035,7982067,19749837,20771849,5978008.0
haryana,2020,3,67366856,128348575809.31851,8695590,29036906,32099499,6230451.0
haryana,2020,4,91338622,176138927815.97955,9406195,37925384,44510568,8902670.0
haryana,2021,1,105784676,194682830151.4549,10053988,43022006,46819759,15942911.0
haryana,2021,2,124382433,232312577411.7166,10686682,51942602,52047541,20392290.0
haryana,2021,3,165765789,279337569622.5245,11374312,66050125,77143949,22571715.0
haryana,2021,4,172725358,309594718962.4182,12047369,67543542,85064659,20117157.0
haryana,2022,1,220541832,382682595071.275,12718254,85153388,112255341,23133103.0
haryana,2022,2,271267385,444207427107.7095,13329477,96613876,148317828,26335681.0
haryana,2022,3,325918974,499123302373.1108,13974131,113184007,182189584,30545383.0
haryana,2022,4,346421564,550189071738.4247,14567786,117778439,197287674,31355451.0
haryana,2023,1,382428292,593038018688.3391,15150515,128988482,219069526,34370284.0
haryana,2023,2,458437725,663139120171.8699,15685619,147501959,273061935,37873831.0
haryana,2023,3,502016327,679488272348.9021,16228788,156895804,306428250,38692273.0
haryana,2023,4,555795275,786452421039.6418,16779114,175660164,339854772,40280339.0
haryana,2024,1,606097991,811854562422.356,17427671,188138732,373122494,44836765.0
haryana,2024,2,740372930,909199344753.5066,18087186,214631303,476635703,49105924.0
haryana,2024,3,797331124,927213659244.7268,18729218,231883044,513982387,51465693.0
haryana,2024,4,844101306,1035939449839.3926,19313789,245119637,546237947,52743722.0
haryana,2025,1,857633744,1042384562755.8115,19907909,248265982,552381807,56985955.0
haryana,2025,2,941499109,1093601683082.2201,20473762,259001315,627408882,55088912.0
haryana,2025,3,1011816347,1098443930838.6355,21056009,276948829,676587870,58279648.0
haryana,2025,4,1025189236,1197344182785.4304,21615414,286824452,679431344,58933440.0
haryana,2026,1,1030869286,1183521834050.4062,22159437,288242452,682240539,60386295.0
haryana,2026,2,1130714938,1263508678455.987,22839223,302949383,768184781,59580774.0
himachal pradesh,2018,1,532148,653574896.6591835,232961,155307,374817,2024.0
himachal pradesh,2018,2,752625,1221455463.8391795,321663,244789,495410,12426.0
himachal pradesh,2018,3,983069,1754538049.2417238,411528,359835,591381,31853.0
himachal pradesh,2018,4,1486465,2782592809.741012,536663,614646,826781,45038.0
himachal pradesh,2019,1,2315161,3423445243.3702383,664582,1174821,1063259,77081.0
himachal pradesh,2019,2,2594858,4771816578.540387,782863,1109932,1399651,85275.0
himachal pradesh,2019,3,2800215,5428453807.341392,895546,1136295,1483897,180023.0
himachal pradesh,2019,4,3593015,6985396691.332533,1005852,1525082,1623659,444274.0
himachal pradesh,2020,1,4235511,7195985019.600036,1132310,1548749,1973218,713544.0
himachal pradesh,2020,2,4848448,7841832501.0697975,1275538,1491543,2214649,1142256.0
himachal pradesh,2020,3,5877958,10905705832.23328,1408247,2021110,2795882,1060966.0
himachal pradesh,2020,4,7648490,14312857828.542429,1534598,2642942,3543029,1462519.0
himachal pradesh,2021,1,8416756,15284058641.692795,1638990,3080132,2729674,2606950.0
himachal pradesh,2021,2,10673405,18003833831.481735,1741024,3654848,3324890,3693667.0
himachal pradesh,2021,3,12997641,22459107257.73033,1846491,4692458,4599348,3705835.0
himachal pradesh,2021,4,13750261,23742042055.622837,1950122,4865930,5779795,3104536.0
himachal pradesh,2022,1,16563694,26739954514.571903,2050007,5795846,7493598,3274250.0
himachal pradesh,2022,2,22234130,33881003865.982437,2145736,7197331,11288487,3748312.0
himachal pradesh,2022,3,24383236,35641730907.87379,2243636,7859922,12331466,4191848.0
himachal pradesh,2022,4,27607097,38681552816.71495,2334678,8530434,15080061,3996602.0
himachal pradesh,2023,1,28591197,38288728154.99783,2420834,8712826,15826198,4052173.0
himachal pradesh,2023,2,36965811,47592612549.69776,2502650,10883052,21622495,4460264.0
himachal pradesh,2023,3,34725152,42559427469.09868,2584543,10089367,20360373,4275412.0
himachal pradesh,2023,4,40615274,49155662459.05554,2677484,11483554,25051506,4080214.0
himachal pradesh,2024,1,40811785,48667221254.53458,2783894,11816852,24834607,4160326.0
himachal pradesh,2024,2,54506909,60644407062.34276,2904980,14982368,34599835,4924706.0
himachal pradesh,2024,3,50250250,56752036636.12981,3013084,14456119,31103167,4690964.0
himachal pradesh,2024,4,54095801,63783710820.24858,3099424,15664730,33892927,4538144.0
himachal pradesh,2025,1,57676428,63527597457.03926,3187150,16289890,36211260,5175278.0
himachal pradesh,2025,2,63902910,68743474561.78065,3270465,17252603,41619250,5031057.0
himachal pradesh,2025,3,60321591,63475574844.56685,3355425,16586359,38757665,4977567.0
himachal pradesh,2025,4,62902497,71816498201.72183,3444065,18434338,39612159,4856000.0
himachal pradesh,2026,1,62733321,69091806359.40977,3529338,18652821,39046196,5034304.0
himachal pradesh,2026,2,74853009,82068147069.82556,3592809,21564394,47984389,5304226.0
jammu & kashmir,2018,1,656163,592623090.2033798,256997,265236,389224,1703.0
jammu & kashmir,2018,2,1086777,1213266618.9379668,380192,495778,571507,19492.0
jammu & kashmir,2018,3,1277209,2141341083.7828207,476825,757932,484480,34797.0
jammu & kashmir,2018,4,1268516,3101815416.7378845,601895,548498,673367,46651.0
jammu & kashmir,2019,1,1828165,3498272585.7855463,740329,969595,772422,86148.0
jammu & kashmir,2019,2,2119162,5403213176.7618475,864680,1056876,989235,73051.0
jammu & kashmir,2019,3,947784,3026506976.758377,911309,476173,432043,39568.0
jammu & kashmir,2019,4,272081,1153430776.5641694,934260,152003,75857,44221.0
jammu & kashmir,2020,1,852425,2717731573.0984516,1010260,392979,285108,174338.0
jammu & kashmir,2020,2,2478234,7385817104.091432,1132400,1113996,830419,533819.0
jammu & kashmir,2020,3,3263787,10448451928.001057,1249897,1579112,1130325,554350.0
jammu & kashmir,2020,4,5697218,13861828201.924194,1396218,2151666,2498216,1047336.0
jammu & kashmir,2021,1,6819001,14689457308.71754,1549842,2422378,1821330,2575293.0
jammu & kashmir,2021,2,9759120,19030309332.015205,1701193,3376159,2461450,3921511.0
jammu & kashmir,2021,3,12146768,25141751151.745125,1855715,4549759,3104332,4492677.0
jammu & kashmir,2021,4,13451800,27038608302.84806,2040417,4805709,4460916,4185175.0
jammu & kashmir,2022,1,16932419,31916535500.418865,2232542,6090704,6333871,4507844.0
jammu & kashmir,2022,2,24566238,43852978538.412926,2422700,8551984,10304279,5709975.0
jammu & kashmir,2022,3,30956037,52238599727.460464,2603073,10903528,13247341,6805168.0
jammu & kashmir,2022,4,37429141,54950573837.60637,2801460,11572484,18526673,7329984.0
jammu & kashmir,2023,1,42238384,56989379844.37264,2995581,12550695,21801222,7886467.0
jammu & kashmir,2023,2,59065448,77930824657.73734,3178196,18040047,31290114,9735287.0
jammu & kashmir,2023,3,67501820,87600579308.04288,3356452,20679778,35773150,11048892.0
jammu & kashmir,2023,4,73674593,94888368455.39261,3588585,21009113,41933534,10731946.0
jammu & kashmir,2024,1,77789259,94972171992.32114,3840608,21727328,45932216,10129715.0
jammu & kashmir,2024,2,112089466,130230163165.34396,4103216,30644374,68626394,12818698.0
jammu & kashmir,2024,3,121217339,144846888446.57068,4334950,35392152,72576759,13248428.0
jammu & kashmir,2024,4,127341972,160964790491.79785,4516651,37298358,77050079,12993535.0
jammu & kashmir,2025,1,132457102,150194823534.5383,4699442,37620630,80196524,14639948.0
jammu & kashmir,2025,2,155749073,166352644525.11493,4865971,42511800,98320985,14916288.0
jammu & kashmir,2025,3,163198940,177365135331.55194,5026228,46404338,101539363,15255239.0
jammu & kashmir,2025,4,161467965,188185882406.2973,5205677,47917355,98610091,14940519.0
jammu & kashmir,2026,1,154466958,172634617938.55566,5380456,46503195,93587796,14375967.0
jammu & kashmir,2026,2,187742125,203028380125.5166,5645686,55206052,117475120,15060953.0
jharkhand,2018,1,2678000,2859566816.5828524,880343,947125,1726726,4149.0
jharkhand,2018,2,3756004,5562125948.332726,1238359,1593567,2116672,45765.0
jharkhand,2018,3,9200318,9973432389.379925,1545612,6756488,2349945,93885.0
jharkhand,2018,4,7195365,11735730521.996979,1954512,3755791,3314423,125151.0
jharkhand,2019,1,10723720,15422660565.0615,2344245,6717237,3804061,202422.0
jharkhand,2019,2,11813006,21079454312.56851,2680159,5913940,5681873,217193.0
jharkhand,2019,3,15944483,23997376549.448486,3022018,6510320,8952523,481640.0
jharkhand,2019,4,20545968,31768782167.634148,3396614,11836414,7431278,1278276.0
jharkhand,2020,1,20690673,38005984652.31631,3782690,9481346,9031137,2178190.0
jharkhand,2020,2,22126359,41175811278.05409,4198053,9797276,8793799,3535284.0
jharkhand,2020,3,31367125,59164756770.200226,4625467,14261806,13724440,3380879.0
jharkhand,2020,4,43790272,80715425964.23326,5079848,19241235,20202143,4346894.0
jharkhand,2021,1,52349920,96054296641.15721,5505298,22330559,21235684,8783677.0
jharkhand,2021,2,65088355,122250011704.13626,5909431,28958156,22645520,13484679.0
jharkhand,2021,3,85440030,143139149140.78366,6377290,36049192,35362822,14028016.0
jharkhand,2021,4,100429690,168572076881.3144,6872363,40807294,46792105,12830291.0
jharkhand,2022,1,130487443,222356236530.36456,7352042,53521439,62624486,14341518.0
jharkhand,2022,2,158327616,259653640097.40186,7783514,61327193,79513404,17487019.0
jharkhand,2022,3,184873084,273793546041.3701,8271861,70952996,93843062,20077026.0
jharkhand,2022,4,213455622,317476716109.8493,8761666,80680000,112033002,20742620.0
jharkhand,2023,1,242977596,367883618513.0067,9222109,92176742,127450739,23350115.0
jharkhand,2023,2,292499192,422886248541.147,9650559,107804978,157909691,26784523.0
jharkhand,2023,3,321102668,419546015678.4694,10115548,116600180,177337898,27164590.0
jharkhand,2023,4,379383888,501952800000.8065,10617881,139481501,211872201,28030186.0
jharkhand,2024,1,429954770,561811929005.2913,11202660,157990766,240172406,31791598.0
jharkhand,2024,2,502445409,621011595298.2496,11765547,176556980,290437854,35450575.0
jharkhand,2024,3,522434285,608392838021.0088,12330147,185937852,302180456,34315977.0
jharkhand,2024,4,586522767,702617568253.4089,12847879,211112198,339852753,35557816.0
jharkhand,2025,1,599394968,738251651951.271,13390825,216904868,343440347,39049753.0
jharkhand,2025,2,665832499,788657303063.193,13882870,231273756,394139963,40418780.0
jharkhand,2025,3,695043900,751683222013.4165,14421897,239848372,415102736,40092792.0
jharkhand,2025,4,739371210,826388939131.4963,14935840,257280435,441921141,40169634.0
jharkhand,2026,1,764591317,875924845949.5278,15393721,266563753,455474383,42553181.0
jharkhand,2026,2,815309961,908972692433.1243,15790280,274010191,498662306,42637464.0
karnataka,2018,1,11259403,17637623160.251854,3901200,4019765,6950094,289544.0
karnataka,2018,2,16008698,30747418632.821686,5226252,6502018,8777546,729134.0
karnataka,2018,3,23401492,43888971406.79382,6536115,10890904,11393430,1117158.0
karnataka,2018,4,42808188,67783584568.181816,8476930,18845529,22411453,1551206.0
karnataka,2019,1,84657050,114709621136.2433,10393952,42558665,39499009,2599376.0
karnataka,2019,2,119618345,168764960519.15936,12052561,51792667,64951290,2874388.0
karnataka,2019,3,179767497,222928023150.4122,13733198,70653459,103434009,5680029.0
karnataka,2019,4,246189422,306446917780.66754,15440057,97978867,136538824,11671731.0
karnataka,2020,1,278198437,365544124508.5454,17044952,104854727,155213652,18130058.0
karnataka,2020,2,212551929,323323995220.1348,18659833,83140160,106019637,23392132.0
karnataka,2020,3,300996207,475946166041.82654,20469767,121005509,155688887,24301811.0
karnataka,2020,4,428937584,656829679389.3723,22376108,166354896,232139007,30443681.0
karnataka,2021,1,521967299,752831794629.573,24058436,189767892,278444938,53754469.0
karnataka,2021,2,527810680,831158630288.7233,25647896,213932224,240282738,73595718.0
karnataka,2021,3,746649773,1121937537110.1548,27447523,284775729,382783587,79090457.0
karnataka,2021,4,801331486,1182460315270.1006,29180661,299544336,428409513,73377637.0
karnataka,2022,1,1035726006,1526632375838.833,30809500,378524434,573122892,84078680.0
karnataka,2022,2,1261631220,1828098602933.223,32374488,438454375,722776073,100400772.0
karnataka,2022,3,1499846853,2033196715924.187,33953647,506236100,878792459,114818294.0
karnataka,2022,4,1636914664,2207804195613.2246,35452134,542356761,973811552,120746351.0
karnataka,2023,1,1832273719,2470385672596.304,36773789,596684637,1108594530,126994552.0
karnataka,2023,2,2052780671,2779793686048.242,38043386,655266669,1254350536,143163466.0
karnataka,2023,3,2357608666,2985013622701.8813,39411658,733654998,1474542255,149411413.0
karnataka,2023,4,2550471370,3249475283077.739,40600790,796720335,1599837426,153913609.0
karnataka,2024,1,2786714019,3491284543661.434,41888288,854741628,1769743226,162229165.0
karnataka,2024,2,3029221824,3786672027453.246,43157465,911025984,1944859250,173336590.0
karnataka,2024,3,3259303462,3911831838299.791,44350489,985650830,2093950803,179701829.0
karnataka,2024,4,3457573836,4158667439552.8296,45668243,1039717182,2233293582,184563072.0
karnataka,2025,1,3729923285,4428287746523.693,46870457,1107610457,2427111761,195201067.0
karnataka,2025,2,3730080830,4479122979444.309,48100388,1080287597,2452632899,197160334.0
karnataka,2025,3,3852915704,4385483377903.0444,49293465,1116255213,2545361507,191298984.0
karnataka,2025,4,4064289183,4658806848239.615,50339561,1167109048,2703392355,193787780.0
karnataka,2026,1,4228148988,4953796605453.972,51308731,1205710715,2825330293,197107980.0
karnataka,2026,2,4491711923,5292341222754.296,52534800,1250633746,3033113369,207964808.0
kerala,2018,1,1825372,2419982815.1613374,776998,598075,1222873,4424.0
kerala,2018,2,2318135,3784132744.6722517,1053063,828394,1454296,35445.0
kerala,2018,3,3089723,5223931290.203843,1311720,1314738,1718134,56851.0
kerala,2018,4,4444604,7775997131.858362,1712592,2056759,2322398,65447.0
kerala,2019,1,6612793,10360769392.460655,2073323,3583016,2906623,123154.0
kerala,2019,2,7662538,13417623455.490543,2457611,3576434,3887749,198355.0
kerala,2019,3,9633567,17115421520.797838,2881087,4285730,4827707,520130.0
kerala,2019,4,12974136,22014232923.56272,3357041,6073579,5655198,1245359.0
kerala,2020,1,15435048,25568200637.84075,3898086,6285143,7087979,2061926.0
kerala,2020,2,15681152,22928754785.609818,4520490,4835285,7591045,3254822.0
kerala,2020,3,22302087,39547903350.2505,5337146,8342008,10639866,3320213.0
kerala,2020,4,34407413,57569923779.03198,6108425,12960136,16554145,4893132.0
kerala,2021,1,43831729,71423214754.64795,6650208,16497214,17500843,9833672.0
kerala,2021,2,49530478,76654377740.94525,7167573,17410034,16995197,15125247.0
kerala,2021,3,66171196,105680340079.37677,7726125,24038832,26792845,15339519.0
kerala,2021,4,74793487,111505022241.01321,8323308,25988637,35632663,13172187.0
kerala,2022,1,96434007,139999474580.00208,8855141,32902484,49169365,14362158.0
kerala,2022,2,109257505,155452076681.6139,9344928,35607788,57745367,15904350.0
kerala,2022,3,133133217,179785817262.17734,9864268,42607631,72429593,18095993.0
kerala,2022,4,145153196,188993126385.9121,10342101,45561057,81180394,18411745.0
kerala,2023,1,148764769,194875581991.6593,10759741,46092010,85084073,17588686.0
kerala,2023,2,157861037,209357724479.30676,11135396,48079475,90888495,18893067.0
kerala,2023,3,171587063,220873954649.31503,11534779,51776040,100655472,19155551.0
kerala,2023,4,181170722,226951463919.4792,11984795,54727019,108215077,18228626.0
kerala,2024,1,182097703,228424493895.03046,12400955,54332511,109820926,17944266.0
kerala,2024,2,195529557,242690651335.99054,12860951,56637815,120226924,18664818.0
kerala,2024,3,215505960,258924474745.4031,13360448,64035147,131732251,19738562.0
kerala,2024,4,233271669,274488300829.11725,13798127,69835587,143632641,19803441.0
kerala,2025,1,247777357,291529845374.05835,14209056,73441722,153309373,21026262.0
kerala,2025,2,237505468,282921500230.21344,14603026,67677636,150007968,19819864.0
kerala,2025,3,260965876,301251443344.1678,15022652,75618258,165209747,20137871.0
kerala,2025,4,281159658,316856950664.97546,15459282,82739665,177673616,20746377.0
kerala,2026,1,284616383,327358436194.98,15839220,83964124,180100477,20551782.0
kerala,2026,2,294649816,335501492227.256,16304760,82527448,191946358,20176010.0
ladakh,2018,1,7733,15241000.350078736,14795,2100,5556,77.0
ladakh,2018,2,18412,56386931.460005626,21011,6677,11482,253.0
ladakh,2018,3,30349,97489777.85152242,27274,11465,18155,729.0
ladakh,2018,4,44498,157126695.5508374,35989,18127,25020,1351.0
ladakh,2019,1,60270,187343278.23590055,44058,26902,31236,2132.0
ladakh,2019,2,103394,370592586.9056551,51485,48630,52308,2456.0
ladakh,2019,3,121018,472038870.3422937,56993,62163,51154,7701.0
ladakh,2019,4,113210,464502753.7020103,62146,61312,35256,16642.0
ladakh,2020,1,149508,528768954.05518544,68423,72321,50689,26498.0
ladakh,2020,2,196402,704881827.1637564,74807,93537,62740,40125.0
ladakh,2020,3,291625,1137269183.6259084,81517,148038,93272,50315.0
ladakh,2020,4,400254,1364250617.5120263,89518,184000,147929,68325.0
ladakh,2021,1,400146,1350829015.2245107,96146,194706,110768,94672.0
ladakh,2021,2,650578,2108362311.0630236,102914,313050,196095,141433.0
ladakh,2021,3,929963,3194633089.416123,109859,479271,269662,181030.0
ladakh,2021,4,857639,2662955792.650712,117697,416036,285865,155738.0
ladakh,2022,1,991962,2920273909.8131056,125119,490348,333285,168329.0
ladakh,2022,2,1690971,4971962008.286831,131845,847046,587810,256115.0
ladakh,2022,3,2078286,5792916606.523451,138524,1064875,710428,302983.0
ladakh,2022,4,1936688,4657431512.900627,146028,900940,773705,262043.0
ladakh,2023,1,1882925,4287184387.0438447,152636,840723,794686,247516.0
ladakh,2023,2,3396028,7790389777.205618,158956,1534520,1437079,424429.0
ladakh,2023,3,4065626,8966210701.853298,164962,1856334,1693969,515323.0
ladakh,2023,4,3523487,7515335519.66155,173131,1495868,1624260,403359.0
ladakh,2024,1,3253441,6588273640.862362,180765,1309880,1611509,332052.0
ladakh,2024,2,5691939,10732962147.415825,190668,2223303,2943855,524781.0
ladakh,2024,3,6963228,12732979334.10912,199266,2729278,3592229,641721.0
ladakh,2024,4,5732422,10928747032.72503,206450,2147484,3075686,509252.0
ladakh,2025,1,4829929,8573236123.000704,213189,1789370,2532508,508051.0
ladakh,2025,2,7653712,12456512178.718197,219995,2676016,4345406,632290.0
ladakh,2025,3,8782266,14123088628.170713,225152,3175450,4892557,714259.0
ladakh,2025,4,6343728,11502761378.19001,231656,2329612,3470604,543512.0
ladakh,2026,1,5780356,9734397006.12715,237706,2125414,3180624,474318.0
ladakh,2026,2,9257425,15460287202.182652,250921,3331223,5270609,655593.0
lakshadweep,2018,1,1124,3053772.2105995324,862,576,548,0.0
lakshadweep,2018,2,2875,8629831.452342758,1172,1665,1202,8.0
lakshadweep,2018,3,2676,7647500.449565986,1491,1177,1481,18.0
lakshadweep,2018,4,3019,9506907.55399945,1903,1178,1800,41.0
lakshadweep,2019,1,4622,15684901.402080331,2320,2117,2458,47.0
lakshadweep,2019,2,5608,16590874.568089645,2763,2342,3217,49.0
lakshadweep,2019,3,5310,16856067.000797197,3275,2600,2520,190.0
lakshadweep,2019,4,6097,19723480.776782963,3708,3137,2626,334.0
lakshadweep,2020,1,8729,26322589.50098286,4140,3906,4060,763.0
lakshadweep,2020,2,11502,30917214.412092242,4578,3849,6329,1324.0
lakshadweep,2020,3,13906,37809773.97093214,5137,5177,7289,1440.0
lakshadweep,2020,4,17672,47628614.570741504,5775,7324,7929,2419.0
lakshadweep,2021,1,16065,49159946.33657811,6336,6910,3956,5199.0
lakshadweep,2021,2,20788,49741657.90632099,6816,7419,3416,9953.0
lakshadweep,2021,3,24627,71786359.45006213,7374,10295,4919,9413.0
lakshadweep,2021,4,25317,80761077.71397853,7965,11408,5279,8630.0
lakshadweep,2022,1,30348,100573065.28366517,8435,14349,6831,9168.0
lakshadweep,2022,2,33079,98136938.13431954,8885,15622,7795,9662.0
lakshadweep,2022,3,34974,100075631.86162713,9374,16327,8822,9825.0
lakshadweep,2022,4,37014,107487767.57716052,9808,17973,8933,10108.0
lakshadweep,2023,1,43520,120064282.06789017,10183,20840,11319,11361.0
lakshadweep,2023,2,50557,135198933.54788214,10584,22867,15989,11701.0
lakshadweep,2023,3,61690,127653819.3961912,11059,26919,22701,12070.0
lakshadweep,2023,4,96514,176451021.5524603,11676,36239,46222,14053.0
lakshadweep,2024,1,120325,194003286.42437226,12330,40581,65567,14177.0
lakshadweep,2024,2,161844,213925009.20390275,13251,43383,103328,15133.0
lakshadweep,2024,3,183660,214944305.44486734,14065,48622,119755,15283.0
lakshadweep,2024,4,228820,279685503.6960153,14725,60510,151047,17263.0
lakshadweep,2025,1,286444,330371406.7975748,15368,76507,186433,23504.0
lakshadweep,2025,2,282186,285436602.3281379,15987,65743,197029,19414.0
lakshadweep,2025,3,295580,269362417.0022364,16553,66169,210108,19303.0
lakshadweep,2025,4,326937,328386753.1594286,17251,86831,219710,20396.0
lakshadweep,2026,1,351993,352164967.7721263,17882,100205,229831,21957.0
lakshadweep,2026,2,371196,370577513.7308949,18419,101796,248709,20691.0
madhya pradesh,2018,1,8614129,9240858109.528643,2501837,2982533,5540953,90643.0
madhya pradesh,2018,2,11249274,16791412396.439934,3390239,4456775,6493926,298573.0
madhya pradesh,2018,3,18062698,25331787718.834587,4233736,10456411,7152252,454035.0
madhya pradesh,2018,4,22807607,35619617648.65941,5311159,11980653,10163524,663430.0
madhya pradesh,2019,1,38928866,49298676966.62583,6383958,24432077,13270690,1226099.0
madhya pradesh,2019,2,41244464,67755802214.78655,7278165,20842891,19025755,1375818.0
madhya pradesh,2019,3,54896351,79071968085.57455,8231531,23192694,29189777,2513880.0
madhya pradesh,2019,4,71003068,108819575634.9737,9219787,33794899,31573884,5634285.0
madhya pradesh,2020,1,80393376,128103419316.96422,10260896,34929211,36937883,8526282.0
madhya pradesh,2020,2,75708003,145115611014.9742,11514232,33907763,28763727,13036513.0
madhya pradesh,2020,3,105895534,198051918982.3343,12744642,48783194,44812503,12299837.0
madhya pradesh,2020,4,147699496,269845055092.3077,13925932,64401144,67928541,15369811.0
madhya pradesh,2021,1,187447068,319696045419.14996,15131202,78279566,79551215,29616287.0
madhya pradesh,2021,2,203308974,393063852579.44696,16251687,91032253,68475966,43800755.0
madhya pradesh,2021,3,286544938,471043596822.1968,17570524,118679995,124505570,43359373.0
madhya pradesh,2021,4,321167679,527428491137.57495,18846562,127810835,154372079,38984765.0
madhya pradesh,2022,1,418657344,670680907516.0426,20115633,165503407,208119201,45034736.0
madhya pradesh,2022,2,490063972,789356451377.2751,21283425,183118953,254146400,52798619.0
madhya pradesh,2022,3,564992533,805308274469.1998,22575200,207152051,298169767,59670715.0
madhya pradesh,2022,4,640668697,939572408725.7617,23793582,232104827,346579011,61984859.0
madhya pradesh,2023,1,730638617,1058319171944.054,24981019,263468166,395551751,71618700.0
madhya pradesh,2023,2,843782510,1197411249860.0825,26193021,294078080,468684552,81019878.0
madhya pradesh,2023,3,974634662,1234399612492.1458,27512164,333168847,555828663,85637152.0
madhya pradesh,2023,4,1098779303,1426823070181.1738,28703519,373938153,636732492,88108658.0
madhya pradesh,2024,1,1283443129,1626171196855.5493,30087710,434331008,747491424,101620697.0
madhya pradesh,2024,2,1432136665,1777347668076.4536,31399806,462519489,859901226,109715950.0
madhya pradesh,2024,3,1534489500,1759428066717.689,32634553,497539973,926585300,110364227.0
madhya pradesh,2024,4,1681877662,2001212724870.6377,33718050,545431384,1024836894,111609384.0
madhya pradesh,2025,1,1723435663,2033055917651.601,34868747,559249557,1040983000,123203106.0
madhya pradesh,2025,2,1837319230,2168370196643.178,35961457,568967572,1143273346,125078312.0
madhya pradesh,2025,3,1980337761,2098642107160.6836,37166358,609772524,1244302556,126262681.0
madhya pradesh,2025,4,2101082439,2331864870681.1763,38249438,655981444,1317761396,127339599.0
madhya pradesh,2026,1,2186611174,2424177486736.081,39250624,682818506,1369000689,134791979.0
madhya pradesh,2026,2,2283838085,2568376073176.965,40093377,692355802,1456576342,134905941.0
maharashtra,2018,1,15771297,20616284599.60267,6133954,4904123,10256681,610493.0
maharashtra,2018,2,21707384,34569981679.03545,8236836,7296740,13039678,1370966.0
maharashtra,2018,3,30786153,50334957437.10378,10390459,12620224,16189479,1976450.0
maharashtra,2018,4,45715147,76570396171.72795,13355155,20039783,23240057,2435307.0
maharashtra,2019,1,73874732,107583453017.91046,16274312,35939138,33977457,3958137.0
maharashtra,2019,2,99331337,147421594256.61255,18737804,40939711,54030628,4360998.0
maharashtra,2019,3,148759948,194352348539.17316,21322044,56361577,84053886,8344485.0
maharashtra,2019,4,196478271,260156648249.87997,23734339,75832872,103887387,16758012.0
maharashtra,2020,1,233758463,308295755638.30304,26163809,84061718,125734064,23962681.0
maharashtra,2020,2,180429884,281354616792.98035,28790127,70384119,80390030,29655735.0
maharashtra,2020,3,259184002,417445438172.2079,31432433,102590461,127581626,29011915.0
maharashtra,2020,4,397059155,598117839589.4216,34404572,145871285,211773187,39414683.0
maharashtra,2021,1,488141386,712800108227.8447,36994904,173584645,241600887,72955854.0
maharashtra,2021,2,533231187,829232878614.5254,39429859,208494008,229413959,95323220.0
maharashtra,2021,3,734586580,1040338295534.0461,42170156,268139750,362427389,104019441.0
maharashtra,2021,4,821255563,1161752565942.6445,44928344,286423482,441281724,93550357.0
maharashtra,2022,1,1069812670,1484934108466.9033,47511322,367923036,597190812,104698822.0
maharashtra,2022,2,1272760072,1740994209212.3047,49858004,412391023,739763476,120605573.0
maharashtra,2022,3,1481906141,1915987311841.3394,52289467,478474346,868371330,135060465.0
maharashtra,2022,4,1659335577,2150909817409.1558,54629272,521994075,998769959,138571543.0
maharashtra,2023,1,1843209645,2363317566724.5234,56723036,572302736,1121600766,149306143.0
maharashtra,2023,2,2058432368,2604704587837.528,58661548,620451894,1273343788,164636686.0
maharashtra,2023,3,2288748568,2753519460899.4004,60617867,688980001,1427891144,171877423.0
maharashtra,2023,4,2568566942,3105786845149.348,62581750,767862734,1627859322,172844886.0
maharashtra,2024,1,2831435504,3382002942775.5654,64700862,843776729,1798938438,188720337.0
maharashtra,2024,2,3056537192,3575026518542.9116,66770730,879434478,1975738521,201364193.0
maharashtra,2024,3,3286087251,3690379263272.1494,69582864,971225117,2100939879,213922255.0
maharashtra,2024,4,3634900999,4152526918695.738,72020866,1061944663,2354931274,218025062.0
maharashtra,2025,1,3904534550,4335348832646.413,74177131,1136127810,2530485146,237921594.0
maharashtra,2025,2,4035923246,4459847561600.475,76247239,1133509660,2660636662,241776924.0
maharashtra,2025,3,4306180488,4500210515384.953,78365134,1226322130,2829226611,250631747.0
maharashtra,2025,4,4618105060,4956544899176.127,80321622,1311097640,3052486746,254520674.0
maharashtra,2026,1,4829477429,5179476090387.984,82017557,1363409161,3200987799,265080469.0
maharashtra,2026,2,5064451991,5465176553156.582,84075442,1389123843,3413003601,262324547.0
manipur,2018,1,104908,152517177.2974037,35579,30398,74310,200.0
manipur,2018,2,184930,296675858.0878379,54326,69535,113472,1923.0
manipur,2018,3,219782,436231935.4022121,71019,103214,113751,2817.0
manipur,2018,4,285294,690125762.2015524,93713,116349,164993,3952.0
manipur,2019,1,322920,790454446.3704455,112463,147093,170783,5044.0
manipur,2019,2,367371,985994013.9163172,130880,161943,200970,4458.0
manipur,2019,3,412093,1155501039.9430437,150811,191342,204807,15944.0
manipur,2019,4,511743,1456426016.7193756,170399,250375,209319,52049.0
manipur,2020,1,606999,1627281632.673866,193166,267095,244184,95720.0
manipur,2020,2,879294,2154620599.909894,232085,343823,349701,185770.0
manipur,2020,3,1043328,2794156258.2445955,275979,444736,416199,182393.0
manipur,2020,4,1186202,3644196614.1382523,306249,539549,420543,226110.0
manipur,2021,1,1151135,3880846919.5235186,326912,553294,220308,377533.0
manipur,2021,2,1435977,4129039191.3406844,346378,635650,250250,550077.0
manipur,2021,3,1772255,5444167085.189641,367233,835511,336219,600525.0
manipur,2021,4,1782570,5545169786.397645,388184,855988,368527,558055.0
manipur,2022,1,2257271,6964838004.509034,406492,1104469,509928,642874.0
manipur,2022,2,2451327,7208227925.014736,426522,1198080,645557,607690.0
manipur,2022,3,2976452,8100189981.03102,448114,1481055,837582,657815.0
manipur,2022,4,3217150,8403643887.5143385,467306,1609813,928790,678547.0
manipur,2023,1,3435277,8751539696.43811,486209,1714135,1073657,647485.0
manipur,2023,2,1700053,4552576250.751693,496881,815435,585926,298692.0
manipur,2023,3,904737,3670828688.5792255,506910,450302,250465,203970.0
manipur,2023,4,2203468,6907044662.760012,528770,1100791,688632,414045.0
manipur,2024,1,3974022,9381643367.636852,564185,1933165,1380355,660502.0
manipur,2024,2,5268375,11040117731.12242,603425,2523049,2012748,732578.0
manipur,2024,3,5806055,11771760861.082079,644220,2962849,2087985,755221.0
manipur,2024,4,5798310,12139401338.364204,668293,3014393,2123143,660774.0
manipur,2025,1,7775142,14315138066.16877,694042,4012837,2888122,874183.0
manipur,2025,2,8600635,14869751104.220009,719620,4212499,3542824,845312.0
manipur,2025,3,9804471,16224673451.813852,749966,4683706,4269941,850824.0
manipur,2025,4,9815029,16462749477.20841,783532,4810704,4174837,829488.0
manipur,2026,1,10234367,17003536000.669716,814173,4986200,4367144,881023.0
manipur,2026,2,10459691,16979159239.826668,854036,5042151,4552091,865449.0
meghalaya,2018,1,57738,76092836.20456234,22306,14088,42995,655.0
meghalaya,2018,2,79675,131316474.46133497,31651,21522,56085,2068.0
meghalaya,2018,3,123884,233167830.81494468,42882,38720,81832,3332.0
meghalaya,2018,4,182356,368078549.99460316,56903,59703,118819,3834.0
meghalaya,2019,1,233798,446378841.01343787,69850,92541,135938,5319.0
meghalaya,2019,2,280284,589604772.2250164,83645,107691,167684,4909.0
meghalaya,2019,3,326183,724948653.2435663,98774,132605,175853,17725.0
meghalaya,2019,4,373215,841717696.7390778,112925,159506,163554,50155.0
meghalaya,2020,1,440231,985286898.5929303,129019,165934,189179,85118.0
meghalaya,2020,2,628610,1103805615.6365817,152632,176495,289723,162392.0
meghalaya,2020,3,692059,1513957555.3695621,176427,238589,315322,138148.0
meghalaya,2020,4,836361,2026601308.7769709,197575,319172,321204,195985.0
meghalaya,2021,1,895045,2367708528.6778736,213559,374973,170026,350046.0
meghalaya,2021,2,1126432,2534515849.849267,230094,422974,193215,510243.0
meghalaya,2021,3,1354216,3204114778.4993167,247942,544751,261011,548454.0
meghalaya,2021,4,1558644,3952050835.0893,267949,686100,348960,523584.0
meghalaya,2022,1,2011337,5366114455.583481,287587,932731,522433,556173.0
meghalaya,2022,2,2495929,6101621809.718108,307758,1141224,740673,614032.0
meghalaya,2022,3,3224648,7207201086.186328,330639,1472843,1033414,718391.0
meghalaya,2022,4,3625736,8280326984.293905,352648,1725693,1152974,747069.0
meghalaya,2023,1,4171750,9672439462.99083,373661,2010002,1323801,837947.0
meghalaya,2023,2,5103808,10680548971.431965,394558,2376705,1830555,896548.0
meghalaya,2023,3,5927576,11034725792.028677,419409,2778556,2204934,944086.0
meghalaya,2023,4,7120043,13509073095.121254,450369,3410871,2726364,982808.0
meghalaya,2024,1,8252199,14955862694.89056,488538,3903641,3259975,1088583.0
meghalaya,2024,2,10990422,16079921304.581762,536952,4455087,5343544,1191791.0
meghalaya,2024,3,12096435,16187154478.952517,582628,5065670,5773240,1257525.0
meghalaya,2024,4,13993116,19537014744.836548,611334,6057301,6601880,1333935.0
meghalaya,2025,1,15566407,21882492467.99372,640474,6637505,7368816,1560086.0
meghalaya,2025,2,17304246,21913728757.238136,670920,6819794,9006438,1478014.0
meghalaya,2025,3,19876141,25631760302.720753,704327,7936464,10342245,1597432.0
meghalaya,2025,4,19837650,25907174026.51288,742750,8577148,9681598,1578904.0
meghalaya,2026,1,19926435,23441855945.13065,778471,9546670,8839945,1539820.0
meghalaya,2026,2,22400813,24333710508.62982,821275,9973916,10836114,1590783.0
mizoram,2018,1,22181,53160735.45542757,9312,7725,14367,89.0
mizoram,2018,2,31560,94300176.91130026,12467,12760,18364,436.0
mizoram,2018,3,45614,129714622.12975365,16728,20289,24604,721.0
mizoram,2018,4,66234,213839671.52367637,22190,28968,36184,1082.0
mizoram,2019,1,85219,256961523.2200399,27134,40318,43515,1386.0
mizoram,2019,2,100958,321899390.5114357,32162,46960,52540,1458.0
mizoram,2019,3,114147,356730288.3142443,38565,52804,55585,5758.0
mizoram,2019,4,144316,463491574.6950983,44755,69162,57139,18015.0
mizoram,2020,1,179537,512023794.8715464,52556,73986,72242,33309.0
mizoram,2020,2,227158,577686076.9074495,62148,75529,94994,56635.0
mizoram,2020,3,282613,817121389.324712,75962,113045,109236,60332.0
mizoram,2020,4,352855,1096221440.2761316,87194,155391,116071,81393.0
mizoram,2021,1,384386,1265644701.42484,94488,177585,67889,138912.0
mizoram,2021,2,469489,1293398978.7225688,101851,198301,74439,196749.0
mizoram,2021,3,555934,1666750165.8631315,109595,249407,93972,212555.0
mizoram,2021,4,565002,1762778939.6199198,116803,266273,107464,191265.0
mizoram,2022,1,676714,2163424217.0168552,123574,333816,134652,208246.0
mizoram,2022,2,735958,2227243030.2535167,130454,367719,166864,201375.0
mizoram,2022,3,872923,2421358158.8989,138370,441599,209057,222267.0
mizoram,2022,4,1018730,2778304892.2491627,146161,527741,261186,229803.0
mizoram,2023,1,1116672,3027223071.995682,153259,601454,276865,238353.0
mizoram,2023,2,1286147,3263852337.1969995,160684,679572,358005,248570.0
mizoram,2023,3,1371224,3167055400.83658,169046,734614,389679,246931.0
mizoram,2023,4,1576249,3621619372.125742,179480,819882,511251,245116.0
mizoram,2024,1,1688924,3701436431.5462136,194379,860994,577796,250134.0
mizoram,2024,2,2072275,3870351855.01451,213479,960517,854085,257673.0
mizoram,2024,3,2395117,3942297215.9296303,246580,1088181,1032373,274563.0
mizoram,2024,4,2686856,4470132241.848989,258269,1215748,1194828,276280.0
mizoram,2025,1,3214911,4988579857.496769,270295,1412817,1464155,337939.0
mizoram,2025,2,3398805,4779116210.284388,282032,1393032,1693554,312219.0
mizoram,2025,3,3951837,5101955955.165985,295734,1589619,2025992,336226.0
mizoram,2025,4,4103095,5608639114.970993,312483,1786077,1979390,337628.0
mizoram,2026,1,4151140,5847542175.098959,327659,1855867,1959194,336079.0
mizoram,2026,2,4630626,6078019513.264366,349070,2067137,2231778,331711.0
nagaland,2018,1,52459,93045812.18725257,16047,12854,39386,219.0
nagaland,2018,2,82859,188284254.35889083,23866,23666,58079,1114.0
nagaland,2018,3,117956,289452939.43801266,33223,38744,77504,1708.0
nagaland,2018,4,173326,459578755.86046314,44601,61529,109267,2530.0
nagaland,2019,1,214053,552573719.187345,55915,85647,124651,3755.0
nagaland,2019,2,269720,724857602.930112,68483,108986,156958,3776.0
nagaland,2019,3,318274,885863908.279764,82418,134567,167265,16442.0
nagaland,2019,4,387002,1129891007.1426184,95667,171822,163700,51480.0
nagaland,2020,1,457785,1216640719.3733199,110228,183413,184484,89888.0
nagaland,2020,2,613591,1494171970.2284145,132841,219693,239041,154857.0
nagaland,2020,3,767214,2071980086.1068025,175583,326189,292460,148565.0
nagaland,2020,4,851689,2766834171.7933636,194444,396507,266738,188444.0
nagaland,2021,1,877753,2906783684.0056076,208308,419883,127106,330764.0
nagaland,2021,2,1107351,3195473116.112031,222211,512516,130032,464803.0
nagaland,2021,3,1316726,4091491954.330838,236840,649798,183947,482981.0
nagaland,2021,4,1369793,4397011067.663409,251384,692273,222754,454766.0
nagaland,2022,1,1709875,5276073879.483517,266042,877525,323423,508927.0
nagaland,2022,2,1974012,5909718802.434075,281398,1018561,441412,514039.0
nagaland,2022,3,2397145,6778968160.648544,297083,1260750,562207,574188.0
nagaland,2022,4,2580507,7441611698.7912445,311555,1392790,603869,583848.0
nagaland,2023,1,2834148,8050868360.056755,325241,1539803,680677,613668.0
nagaland,2023,2,3091461,8263465628.271147,339039,1655450,838501,597510.0
nagaland,2023,3,3581630,8858677977.630177,353878,1932631,1024556,624443.0
nagaland,2023,4,3953388,9905355331.48168,370492,2151924,1196265,605199.0
nagaland,2024,1,4412466,10241734675.10108,391270,2296558,1475125,640783.0
nagaland,2024,2,5897170,11252050159.141838,423165,2698781,2514000,684389.0
nagaland,2024,3,7127882,12302746336.824575,456203,3223455,3141143,763284.0
nagaland,2024,4,7952281,13952768833.676888,475258,3646828,3534185,771268.0
nagaland,2025,1,8417655,13854930060.290958,493342,3745885,3803438,868332.0
nagaland,2025,2,9457413,14024796338.65173,512198,3898002,4724132,835279.0
nagaland,2025,3,11180872,15195878604.305132,533473,4458684,5833318,888870.0
nagaland,2025,4,11172635,16432361934.488552,555336,4922948,5394902,854785.0
nagaland,2026,1,11029965,16014395834.15149,575983,5009814,5145327,874824.0
nagaland,2026,2,12358326,16371304304.889984,602471,5388614,6083226,886486.0
odisha,2018,1,7048986,5532172856.319677,1573698,2693875,4336997,18114.0
odisha,2018,2,9547287,9915788853.374897,2160851,4606791,4832463,108033.0
odisha,2018,3,33773146,26439174825.05436,2740899,27474197,6109834,189115.0
odisha,2018,4,23730246,26644806732.25345,3565892,13840684,9660259,229303.0
odisha,2019,1,37193760,38343233060.509186,4265066,25934247,10887807,371706.0
odisha,2019,2,30088286,44732976144.56491,4786497,16396541,13345566,346179.0
odisha,2019,3,40800846,56988076003.73456,5361369,18424210,21330371,1046265.0
odisha,2019,4,65679564,80400377264.45883,6075390,43533987,19167186,2978391.0
odisha,2020,1,54421577,92843181623.98956,6631513,27380806,21880811,5159960.0
odisha,2020,2,50392152,90886955389.31903,7239140,24255361,18242091,7894700.0
odisha,2020,3,69038595,127503888471.30423,7888711,35509492,25581574,7947529.0
odisha,2020,4,94873191,182755800341.008,8592754,48735138,36795800,9342253.0
odisha,2021,1,115094652,220742131430.68103,9201367,56168577,39886914,19039161.0
odisha,2021,2,138225698,259055016593.60217,9843480,70199957,39885033,28140708.0
odisha,2021,3,183365656,315250260342.66077,10591026,88531048,65021952,29812656.0
odisha,2021,4,212268637,349960811331.7029,11358268,97365421,89306095,25597121.0
odisha,2022,1,268911728,461602495894.72363,12011836,121543612,119389372,27978744.0
odisha,2022,2,322378227,525877207233.302,12652044,138799315,150198940,33379972.0
odisha,2022,3,380594298,559830322281.8159,13324247,159103433,183017599,38473266.0
odisha,2022,4,425780932,632323496876.2422,13990026,178318278,208414479,39048175.0
odisha,2023,1,480048713,753356890534.1677,14605734,198718809,237800370,43529534.0
odisha,2023,2,540567279,798613320310.5529,15180768,217465779,275129628,47971872.0
odisha,2023,3,620854881,840399944380.947,15773057,239483197,331120980,50250704.0
odisha,2023,4,730012056,981621827380.3324,16349232,283368515,394216870,52426671.0
odisha,2024,1,862406808,1157247753533.8687,17002272,328186502,472041275,62179031.0
odisha,2024,2,941735991,1163541947521.4395,17662149,342454314,533463941,65817736.0
odisha,2024,3,1022988856,1175753144610.859,18360257,372510527,583139376,67338953.0
odisha,2024,4,1141695660,1304112411134.0796,19085969,418474939,653769361,69451360.0
odisha,2025,1,1174428178,1414655279863.243,19731478,427880801,672598864,73948513.0
odisha,2025,2,1253470101,1383287521722.9543,20349791,429202554,746112659,78154888.0
odisha,2025,3,1314272318,1387578878544.61,20979927,451228084,785652801,77391433.0
odisha,2025,4,1405458809,1488758944141.9893,21533027,486153705,841861625,77443479.0
odisha,2026,1,1487851895,1697499511605.2278,22049893,516558572,889549627,81743696.0
odisha,2026,2,1523130010,1666312139398.4292,22586814,507336215,932756499,83037296.0
puducherry,2018,1,106212,167573456.07454073,47701,40064,65486,662.0
puducherry,2018,2,128321,287317471.5783924,63878,56575,68910,2836.0
puducherry,2018,3,186869,415949662.45048106,79099,97296,84545,5028.0
puducherry,2018,4,317336,629583184.6702774,106491,175338,135865,6133.0
puducherry,2019,1,497729,890540067.5128368,129946,308499,180367,8863.0
puducherry,2019,2,579081,1156468427.4018884,152917,322762,246183,10136.0
puducherry,2019,3,765031,1462124362.8365593,173965,404050,338785,22196.0
puducherry,2019,4,1092326,1963177051.3888311,199364,586080,451087,55159.0
puducherry,2020,1,1319437,2300219163.043279,225275,637583,580921,100933.0
puducherry,2020,2,1040762,1827425177.4942698,249567,444724,455143,140895.0
puducherry,2020,3,1545591,2884349251.874382,278348,679376,727619,138596.0
puducherry,2020,4,2534435,4357050361.95191,312159,1047351,1272494,214590.0
puducherry,2021,1,3128221,5316493350.2404785,338921,1252418,1443581,432222.0
puducherry,2021,2,3236303,5392106422.861448,362487,1279040,1385293,571970.0
puducherry,2021,3,4590304,7468860247.675983,386770,1758454,2208281,623569.0
puducherry,2021,4,4932923,7719396424.895111,411329,1825625,2550628,556670.0
puducherry,2022,1,6354587,9877119182.394363,433835,2317321,3461076,576190.0
puducherry,2022,2,7489973,11295663383.730684,453527,2582879,4265431,641663.0
puducherry,2022,3,8848397,12834141844.970497,473286,2958867,5157180,732350.0
puducherry,2022,4,9748055,13613642032.366386,493378,3142120,5863846,742089.0
puducherry,2023,1,10217489,14216402974.75116,511080,3258866,6224977,733646.0
puducherry,2023,2,11193638,15361823627.269354,527197,3459724,6931355,802559.0
puducherry,2023,3,12464709,16421645570.85983,544090,3709860,7920199,834650.0
puducherry,2023,4,13074652,17039512522.583828,561059,3866931,8377582,830139.0
puducherry,2024,1,13519970,17400403122.85509,578039,3982272,8706366,831332.0
puducherry,2024,2,14610867,18221014500.6219,594818,4169309,9569219,872339.0
puducherry,2024,3,15821171,19306627903.40757,612094,4543301,10358162,919708.0
puducherry,2024,4,16376815,19752651111.941074,629389,4665679,10781586,929550.0
puducherry,2025,1,17612711,21168624734.74836,645855,5027320,11618519,966872.0
puducherry,2025,2,17496015,20741481980.74739,661400,4859467,11716317,920231.0
puducherry,2025,3,18401595,21280880580.336613,677573,5067996,12400209,933390.0
puducherry,2025,4,18857093,21817658916.471947,693418,5170739,12734340,952014.0
puducherry,2026,1,19790951,23200917884.88138,707787,5457257,13385336,948358.0
puducherry,2026,2,20671909,23907680131.681885,723563,5456184,14273998,941727.0
punjab,2018,1,2152570,3144283659.55326,902434,762537,1378870,11163.0
punjab,2018,2,2932771,5247370432.120748,1225027,1119836,1731538,81397.0
punjab,2018,3,3874407,7787076149.215161,1542608,1801894,1933346,139167.0
punjab,2018,4,5490558,11861935853.584469,1950642,2460715,2824577,205266.0
punjab,2019,1,7829874,14541052478.294441,2322582,4274369,3247097,308408.0
punjab,2019,2,8907341,18919188553.255802,2699641,4208807,4325884,372650.0
punjab,2019,3,11034661,23019351919.045273,3084133,4737624,5622095,674942.0
punjab,2019,4,13980727,29882043953.982292,3442072,6321702,6254384,1404641.0
punjab,2020,1,15697948,31954421122.46702,3875890,6448799,7210325,2038824.0
punjab,2020,2,14203459,29836650185.539894,4373346,5501764,6014021,2687674.0
punjab,2020,3,17887958,41042955723.14191,4858229,7525655,7823602,2538701.0
punjab,2020,4,23593701,54527944550.72394,5310103,9697447,10297838,3598416.0
punjab,2021,1,27470162,59753193346.677505,5679863,11070488,10008900,6390774.0
punjab,2021,2,32681997,70282984186.27884,6043827,13202084,11144498,8335415.0
punjab,2021,3,41656204,84329568328.41077,6430939,16413165,16218466,9024573.0
punjab,2021,4,44390425,94107319933.46066,6814717,17253838,19076362,8060225.0
punjab,2022,1,55588571,113838148481.78015,7199914,21331370,25097722,9159479.0
punjab,2022,2,69470142,131238733411.7305,7570961,24605671,34194211,10670260.0
punjab,2022,3,85348374,152008684618.77896,7964871,29796417,43028061,12523896.0
punjab,2022,4,94706019,172026389446.46945,8329482,32553199,49331250,12821570.0
punjab,2023,1,98153837,175864657816.9519,8680448,33559001,51451166,13143670.0
punjab,2023,2,119012408,194504179995.89307,9022142,39137930,65508285,14366193.0
punjab,2023,3,132850814,205330761365.49872,9396198,43206798,74686189,14957827.0
punjab,2023,4,143440826,231847076209.30914,9790268,47207197,81488251,14745378.0
punjab,2024,1,143173269,224139049661.6971,10263130,46625283,81707832,14840154.0
punjab,2024,2,172858419,244763570598.0551,10766796,53076867,103791454,15990098.0
punjab,2024,3,188314209,257089702260.87024,11264065,58951692,112671341,16691176.0
punjab,2024,4,200012060,289869668332.55743,11622811,64059597,119043043,16909420.0
punjab,2025,1,214700898,303581644145.82666,11997032,68035690,127552368,19112840.0
punjab,2025,2,219581044,296629559177.728,12360971,66681507,135349462,17550075.0
punjab,2025,3,238293965,304307748393.4016,12758339,72569615,147253055,18471295.0
punjab,2025,4,250577223,346479689165.021,13172691,78882931,152709681,18984611.0
punjab,2026,1,256961583,349778644051.6034,13581016,80997955,156323287,19640341.0
punjab,2026,2,282364073,369629734686.83813,14095349,86235320,176968809,19159944.0
rajasthan,2018,1,9272437,10593171156.518475,3184469,2918332,6171468,182637.0
rajasthan,2018,2,11883013,18090200568.257637,4262966,4284208,7030908,567897.0
rajasthan,2018,3,16464948,27314548840.20022,5199376,7866935,7654080,943933.0
rajasthan,2018,4,24362909,42987736624.69517,6407477,11980655,11168140,1214114.0
rajasthan,2019,1,48143566,65499410518.32512,7779148,29406151,16759749,1977666.0
rajasthan,2019,2,50086588,86638751323.82938,8846756,24738172,23387217,1961199.0
rajasthan,2019,3,65929301,108541401685.51715,9930100,28826157,33642559,3460585.0
rajasthan,2019,4,83291120,153381418752.1703,11033683,42028213,33945223,7317684.0
rajasthan,2020,1,99812994,183459625889.9085,12268753,46351996,42140703,11320295.0
rajasthan,2020,2,98305260,184398456319.7787,13697342,46162638,36961229,15181393.0
rajasthan,2020,3,143008603,280234259657.3222,15099115,69523816,57900495,15584292.0
rajasthan,2020,4,184672061,370817106324.81665,16423105,85199155,79104977,20367929.0
rajasthan,2021,1,240954777,468471366342.2837,17806048,111107699,91152365,38694713.0
rajasthan,2021,2,274437184,536307861093.09106,19130821,132454889,90192431,51789864.0
rajasthan,2021,3,384071639,686772090114.5065,20647987,175069182,155512206,53490251.0
rajasthan,2021,4,410190115,765489774059.7771,22032956,179543868,182274484,48371763.0
rajasthan,2022,1,535528877,971889889959.4716,23412998,230002464,249207437,56318976.0
rajasthan,2022,2,620679225,1085864980526.7068,24647652,248313762,309286081,63079382.0
rajasthan,2022,3,737030782,1197697051891.4873,25962683,289727149,374499257,72804376.0
rajasthan,2022,4,820996227,1381577028127.7593,27182742,317940780,426355884,76699563.0
rajasthan,2023,1,919098766,1551787489613.533,28357153,353143283,478301186,87654297.0
rajasthan,2023,2,1073092744,1694556785190.1575,29493668,389689144,586137559,97266041.0
rajasthan,2023,3,1237044429,1798770149235.0293,30792255,438636047,696907330,101501052.0
rajasthan,2023,4,1350966019,2070058351728.4211,32021284,484389540,760169113,106407366.0
rajasthan,2024,1,1600558212,2352706512651.676,33414280,566598111,910181233,123778868.0
rajasthan,2024,2,1818703650,2493535347251.073,34754315,603687650,1080979751,134036249.0
rajasthan,2024,3,1932844563,2470834793957.131,35974844,638890431,1159471272,134482860.0
rajasthan,2024,4,2040641000,2791321648381.9277,37075516,672386566,1233463293,134791141.0
rajasthan,2025,1,2035097242,2747039392692.4717,38208545,665402771,1225941832,143752639.0
rajasthan,2025,2,2180404184,2831640614175.032,39315591,674572899,1361793084,144038201.0
rajasthan,2025,3,2323608156,2778203819923.9854,40494453,706351073,1471559131,145697952.0
rajasthan,2025,4,2359791146,3062398766099.9033,41560104,731137692,1482912609,145740845.0
rajasthan,2026,1,2435127309,3091642766729.338,42603158,751360343,1529887412,153879554.0
rajasthan,2026,2,2553428529,3189512812270.483,43692290,762303898,1639275785,151848846.0
sikkim,2018,1,52422,76553394.47007194,23332,15233,37037,152.0
sikkim,2018,2,87348,165371421.67374858,32306,27106,59274,968.0
sikkim,2018,3,124034,264307338.56030768,41742,46387,75943,1704.0
sikkim,2018,4,181845,431701308.0315608,53799,71395,108280,2170.0
sikkim,2019,1,233031,479741568.5013781,64728,107340,122550,3141.0
sikkim,2019,2,298432,708397197.301439,76521,130037,165212,3183.0
sikkim,2019,3,333701,791314969.2661016,88720,148858,168555,16288.0
sikkim,2019,4,409087,1004355162.7638068,100028,195405,161964,51718.0
sikkim,2020,1,459577,1060247749.2178302,112394,200232,180421,78924.0
sikkim,2020,2,547369,1206404024.7125049,127647,203950,221971,121448.0
sikkim,2020,3,639577,1543361489.5177724,143462,264230,256031,119316.0
sikkim,2020,4,778335,2085958059.255025,157981,353096,273203,152036.0
sikkim,2021,1,879693,2440814120.1876507,169708,436996,153480,289217.0
sikkim,2021,2,1064819,2607900949.033514,181725,496633,160006,408180.0
sikkim,2021,3,1295143,3285177951.9864945,193942,641409,234862,418872.0
sikkim,2021,4,1498091,3929709746.243639,206238,766037,347103,384951.0
sikkim,2022,1,1834534,4527630666.266523,217994,946961,483455,404118.0
sikkim,2022,2,2512240,5966964957.632882,229640,1270954,766320,474966.0
sikkim,2022,3,2904465,6064289653.488258,241620,1454342,918215,531908.0
sikkim,2022,4,3192928,6611574174.825417,252358,1598547,1044864,549517.0
sikkim,2023,1,3401499,6708361128.239864,262655,1725226,1136164,540109.0
sikkim,2023,2,4437602,8547336154.627519,272768,2144313,1696647,596642.0
sikkim,2023,3,4740161,8003122189.827261,282679,2132175,2004746,603240.0
sikkim,2023,4,4842501,8557427285.088291,292795,2130107,2139471,572923.0
sikkim,2024,1,5735877,9346992815.650896,304915,2446211,2665840,623826.0
sikkim,2024,2,7126004,11164052278.025002,319071,2862938,3596853,666213.0
sikkim,2024,3,7837835,10648114552.763342,333732,3059339,4040039,738457.0
sikkim,2024,4,9021976,12713819912.906326,345323,3463436,4792790,765750.0
sikkim,2025,1,9852470,12680467274.809103,357215,3649693,5355602,847175.0
sikkim,2025,2,11156835,14199545657.211315,368764,3900931,6402735,853169.0
sikkim,2025,3,11881826,13872661117.52092,379914,4192100,6777789,911937.0
sikkim,2025,4,12122190,14542438211.103767,391051,4339229,6862025,920936.0
sikkim,2026,1,13287804,15967341009.509085,402651,4721228,7607696,958880.0
sikkim,2026,2,14956244,18254633450.45656,407103,5266430,8719037,970777.0
tamil nadu,2018,1,4923891,8755842361.469446,2155558,2011437,2877514,34940.0
tamil nadu,2018,2,7129251,15152943528.927313,3061794,3227447,3673579,228225.0
tamil nadu,2018,3,10812101,22361948450.27646,3937412,5632565,4759711,419825.0
tamil nadu,2018,4,17123273,33652624050.336956,5262463,8650679,7901767,570827.0
tamil nadu,2019,1,25178515,46065559235.41664,6377974,14460181,9953421,764913.0
tamil nadu,2019,2,30904172,60589725794.408585,7498284,15910165,14143783,850224.0
tamil nadu,2019,3,40615165,75113047933.86618,8534286,20175934,18733358,1705873.0
tamil nadu,2019,4,54273375,95902389590.0488,9717126,26891922,23550229,3831224.0
tamil nadu,2020,1,65118379,110698166875.72932,10970688,29210450,29894565,6013364.0
tamil nadu,2020,2,50385378,87932439310.76688,12255108,19796701,22003787,8584890.0
tamil nadu,2020,3,70529798,138538123385.73276,13765652,30434012,31747599,8348187.0
tamil nadu,2020,4,112119794,204191947116.8283,15495864,46846688,52957176,12315930.0
tamil nadu,2021,1,135702280,245293582891.245,16872782,56209553,55184006,24308721.0
tamil nadu,2021,2,142941858,255693504471.958,18151670,58488704,50846255,33606899.0
tamil nadu,2021,3,200552172,356208315248.4176,19501393,80872706,83456564,36222902.0
tamil nadu,2021,4,218792102,374419414326.7141,20870525,86906217,99367500,32518385.0
tamil nadu,2022,1,278047655,483121547982.56067,22131653,111499213,133533757,33014685.0
tamil nadu,2022,2,338126426,560768519721.7483,23307037,128465769,170116252,39544405.0
tamil nadu,2022,3,403676932,647127117674.8535,24513100,150895801,206948312,45832819.0
tamil nadu,2022,4,435288054,674950927795.2251,25708338,160182520,227776260,47329274.0
tamil nadu,2023,1,468044832,720402614621.3375,26767037,169078610,252046397,46919825.0
tamil nadu,2023,2,504160429,781360465422.6838,27769575,180963627,271653945,51542857.0
tamil nadu,2023,3,558715546,835710063991.9968,28891897,198443890,307301051,52970605.0
tamil nadu,2023,4,597821132,878172648141.2632,30002865,208447240,336363862,53010030.0
tamil nadu,2024,1,643084591,917459762316.2546,31080814,219014310,370440883,53629398.0
tamil nadu,2024,2,707377354,987216265047.3883,32173286,232646050,417547691,57183613.0
tamil nadu,2024,3,781508176,1053834607664.4268,33289377,261752730,458580459,61174987.0
tamil nadu,2024,4,822940769,1091410271995.0776,34331442,272558373,488070607,62311789.0
tamil nadu,2025,1,875704481,1133708906375.8745,35340007,286554114,524381598,64768769.0
tamil nadu,2025,2,880043623,1133253062425.902,36318119,277697186,540167131,62179306.0
tamil nadu,2025,3,954438805,1187233386639.0696,37334630,301171264,589397918,63869623.0
tamil nadu,2025,4,982036878,1229082839335.558,38313127,310141970,606536327,65358581.0
tamil nadu,2026,1,1015223360,1291277296711.4182,39201469,321088498,630192289,63942573.0
tamil nadu,2026,2,1049292967,1316704395266.6187,40264046,318715551,667642639,62934777.0
telangana,2018,1,9340974,14059023660.623735,3449556,3466488,5817357,57129.0
telangana,2018,2,11544276,24401325668.781406,4414688,5011318,6332946,200012.0
telangana,2018,3,19955785,33180363175.151356,5290796,11838453,7792425,324907.0
telangana,2018,4,30393583,51158381363.15648,6687832,16046190,13909469,437924.0
telangana,2019,1,64813405,93511348877.08844,8100506,39258819,24788513,766073.0
telangana,2019,2,81454985,137682802492.51328,9164840,41264830,39189406,1000749.0
telangana,2019,3,114112049,178114733596.80167,10225604,52781429,58293457,3037163.0
telangana,2019,4,152510054,249883165634.61353,11330987,73588551,70715723,8205780.0
telangana,2020,1,177329550,318131593325.3983,12385312,80752201,83326336,13251013.0
telangana,2020,2,138326729,285827211219.7179,13431777,67182596,54016206,17127927.0
telangana,2020,3,207472326,428781682179.9675,14605692,97545501,91185733,18741092.0
telangana,2020,4,321839483,640618169487.1467,15891633,146516443,150218614,25104426.0
telangana,2021,1,392460349,745675476381.9314,17082180,166657150,181674390,44128809.0
telangana,2021,2,461066776,943090363047.5881,18184140,209768440,193360174,57938162.0
telangana,2021,3,592741458,1102647432922.4187,19355996,252405062,276644191,63692205.0
telangana,2021,4,642408303,1206831019294.7505,20513162,268871846,316270714,57265743.0
telangana,2022,1,820292794,1529608338617.9746,21608530,333860206,422012965,64419623.0
telangana,2022,2,993209224,1792476811489.9426,22613597,385083123,533356769,74769332.0
telangana,2022,3,1161232661,2003594734268.4893,23635593,437894151,638075219,85263291.0
telangana,2022,4,1298732509,2182810144779.9902,24652313,483151075,727397449,88183985.0
telangana,2023,1,1424621673,2371715741378.491,25533334,522531494,807980480,94109699.0
telangana,2023,2,1644044462,2696606763836.345,26347321,592921662,945635928,105486872.0
telangana,2023,3,1861859423,2865813600979.7666,27152426,646881028,1103013563,111964832.0
telangana,2023,4,2006013823,3121625949371.093,27926155,695650059,1197673180,112690584.0
telangana,2024,1,2170233621,3207009337042.48,28813177,734914725,1318718383,116600513.0
telangana,2024,2,2403883290,3461907722592.297,29668981,782308152,1500188080,121387058.0
telangana,2024,3,2607828990,3549548031458.4165,30496407,841561320,1637882726,128384944.0
telangana,2024,4,2824258573,3859512144223.8027,31420121,905792395,1785244498,133221680.0
telangana,2025,1,2957671238,4011827575951.1895,32290034,958239626,1855676564,143755048.0
telangana,2025,2,3044459287,4177136892219.811,33161493,962138565,1937172444,145148278.0
telangana,2025,3,3228865085,4188712492031.4736,34013239,1003412650,2078091958,147360477.0
telangana,2025,4,3485116309,4541925564459.137,34807525,1062691144,2268697781,153727384.0
telangana,2026,1,3571187698,4713863651916.881,35513627,1085668689,2320751024,164767985.0
telangana,2026,2,3878232440,5128045744092.112,36479877,1143923545,2560637907,173670988.0
tripura,2018,1,184069,166034070.60133272,55908,52393,127863,3813.0
tripura,2018,2,262983,281717097.5101464,84393,85672,166739,10572.0
tripura,2018,3,446745,527779192.51871157,116340,209683,221767,15295.0
tripura,2018,4,538364,726298399.8778081,155407,203650,319338,15376.0
tripura,2019,1,722617,930951274.7847986,187484,360490,343127,19000.0
tripura,2019,2,787181,1193045264.9864974,222378,338442,428388,20351.0
tripura,2019,3,880275,1426665779.1088414,254600,382672,452124,45479.0
tripura,2019,4,1017662,1684739442.0514455,283407,504103,405722,107837.0
tripura,2020,1,1129990,2057977801.9370825,314602,487025,467518,175447.0
tripura,2020,2,1253367,2215013181.2374315,351939,444122,537656,271589.0
tripura,2020,3,1676998,3165287940.7535105,395067,656697,751363,268938.0
tripura,2020,4,1967767,3877627429.5468283,431153,792607,835017,340143.0
tripura,2021,1,2012544,4367162381.678455,458876,841592,548634,622318.0
tripura,2021,2,2428946,4660359423.354675,485926,953822,628463,846661.0
tripura,2021,3,2876416,5802800784.247176,514890,1152547,823202,900667.0
tripura,2021,4,2997566,6336990350.00956,544397,1220840,944059,832667.0
tripura,2022,1,3841505,8167021603.850515,573074,1605926,1401056,834523.0
tripura,2022,2,4598026,8963681349.511333,603260,1895868,1782176,919982.0
tripura,2022,3,5814252,11009012067.584843,636726,2395190,2338359,1080703.0
tripura,2022,4,6360774,11623038234.726625,668667,2557126,2695646,1108002.0
tripura,2023,1,7564973,13869349810.241547,699295,3052408,3266101,1246464.0
tripura,2023,2,8518239,14533054884.912336,731619,3251151,3992703,1274385.0
tripura,2023,3,9631541,15862091659.466682,768145,3675914,4601060,1354567.0
tripura,2023,4,10707618,17538263497.053307,809084,3991339,5363050,1353229.0
tripura,2024,1,11581499,18535441026.607567,858086,4244206,5904516,1432777.0
tripura,2024,2,13492767,18847582110.315292,910150,4532604,7412685,1547478.0
tripura,2024,3,14575406,20044092205.04162,958718,5092683,7914763,1567960.0
tripura,2024,4,16034582,22499864071.518784,995320,5671226,8800063,1563293.0
tripura,2025,1,18622077,25016887005.832375,1032353,6475520,10267509,1879048.0
tripura,2025,2,18753226,23151519446.559258,1069043,6198843,10787436,1766947.0
tripura,2025,3,20791893,25461605416.507072,1109299,7108559,11889161,1794173.0
tripura,2025,4,20913736,25744145782.637417,1151875,7390643,11726652,1796441.0
tripura,2026,1,22097250,27676418661.486366,1191907,7907062,12274659,1915529.0
tripura,2026,2,22862994,26743110330.736546,1242083,7972133,12958118,1932743.0
uttar pradesh,2018,1,14786466,15841767520.712673,4921602,4606138,10010877,169451.0
uttar pradesh,2018,2,20337966,28765798204.423042,6777728,7156556,12691830,489580.0
uttar pradesh,2018,3,29327534,40693763120.758385,8443146,14943458,13655861,728215.0
uttar pradesh,2018,4,40312896,60754036465.70648,10830097,17252893,22044677,1015326.0
uttar pradesh,2019,1,64046373,84430169656.88228,13103108,35228045,27231898,1586430.0
uttar pradesh,2019,2,67580108,110293020020.75023,15042257,30351047,35244958,1984103.0
uttar pradesh,2019,3,76672707,123828842522.57431,16953678,30451139,42320219,3901349.0
uttar pradesh,2019,4,97385189,162877433939.99805,18919521,45757525,43340537,8287127.0
uttar pradesh,2020,1,108112889,190863464183.66577,21194763,44357141,51336077,12419671.0
uttar pradesh,2020,2,110306561,195404454299.56982,23606047,43762763,47549454,18994344.0
uttar pradesh,2020,3,141565257,273741446015.2779,26045233,60795727,63325777,17443753.0
uttar pradesh,2020,4,191598396,380442192615.8421,28545839,81130686,86963902,23503808.0
uttar pradesh,2021,1,227417493,433880828404.01526,30976739,94609938,89939335,42868220.0
uttar pradesh,2021,2,273728175,536955159535.7084,33211904,116290503,93709752,63727920.0
uttar pradesh,2021,3,350675338,627645749576.7488,35903262,145996374,141458681,63220283.0
uttar pradesh,2021,4,400725104,752059552950.346,38739893,164806510,177938209,57980385.0
uttar pradesh,2022,1,521369445,955324276610.6467,41701425,215231907,241296678,64840860.0
uttar pradesh,2022,2,655438792,1150071386489.6924,44364283,254989934,322162022,78286836.0
uttar pradesh,2022,3,775761504,1224796014974.3357,47337748,295516731,391962498,88282275.0
uttar pradesh,2022,4,890097755,1446927383901.7651,50213564,337143421,459462505,93491829.0
uttar pradesh,2023,1,1011060339,1635880038405.158,53046420,384567010,521134716,105358613.0
uttar pradesh,2023,2,1220844008,1835097474392.2053,55590099,447701272,651507954,121634782.0
uttar pradesh,2023,3,1361433436,1863230615478.421,58422771,489387714,747622088,124423634.0
uttar pradesh,2023,4,1577265501,2264890592908.507,61516010,576483752,869392341,131389408.0
uttar pradesh,2024,1,1794266530,2483961606826.365,64960422,653033237,989186934,152046359.0
uttar pradesh,2024,2,2144136082,2705836943014.7227,68189228,736075778,1238837502,169222802.0
uttar pradesh,2024,3,2285132385,2715325163720.8394,71327157,784233917,1332554852,168343616.0
uttar pradesh,2024,4,2542936824,3210878904579.125,74136023,880393026,1489948667,172595131.0
uttar pradesh,2025,1,2618333992,3288600991414.496,77043398,904244198,1524087525,190002269.0
uttar pradesh,2025,2,2874104324,3364968247717.4697,79721010,946221765,1740462455,187420104.0
uttar pradesh,2025,3,2995994617,3220415579009.7754,82795120,968602273,1840145039,187247305.0
uttar pradesh,2025,4,3206270064,3696522346306.7783,85800260,1056307689,1955108328,194854047.0
uttar pradesh,2026,1,3294478040,3761378430097.705,88629936,1088285716,2003989823,202202501.0
uttar pradesh,2026,2,3665306240,3938705461574.024,90563992,1167703027,2293024606,204578607.0
uttarakhand,2018,1,1451113,1711189177.2167993,499946,441316,992270,17527.0
uttarakhand,2018,2,1963467,3023055876.683943,673206,683917,1238396,41154.0
uttarakhand,2018,3,2523526,4119317467.9760265,835826,1129789,1333958,59779.0
uttarakhand,2018,4,3625698,6268906600.516947,1050477,1703009,1847664,75025.0
uttarakhand,2019,1,6519708,8342691139.590234,1272751,4072170,2334030,113508.0
uttarakhand,2019,2,6345096,10996460352.932467,1468181,3080481,3147703,116912.0
uttarakhand,2019,3,6691016,12093509975.50256,1653220,2917737,3479573,293706.0
uttarakhand,2019,4,8590151,15233913544.563915,1825409,3960592,3887718,741841.0
uttarakhand,2020,1,9726841,16698596159.683369,2023901,4002557,4599548,1124736.0
uttarakhand,2020,2,9154035,15661272266.921104,2234769,3531631,4009760,1612644.0
uttarakhand,2020,3,12900421,23631778724.122528,2456247,5220599,6069189,1610633.0
uttarakhand,2020,4,18918942,33134968485.444317,2685323,7078394,9591103,2249445.0
uttarakhand,2021,1,21980872,37055782980.02542,2888932,8249581,9483409,4247882.0
uttarakhand,2021,2,25376378,41298099649.73271,3083983,9520718,9938227,5917433.0
uttarakhand,2021,3,33180604,52164580069.14418,3295762,12313894,14740374,6126336.0
uttarakhand,2021,4,36913646,57949052739.9576,3503291,13030803,18480818,5402025.0
uttarakhand,2022,1,45265588,69248100029.00323,3709608,15762028,23662761,5840799.0
uttarakhand,2022,2,60660502,88219812501.76044,3904801,19583241,34095311,6981950.0
uttarakhand,2022,3,68009292,92527276762.59744,4107474,21811880,38433164,7764248.0
uttarakhand,2022,4,75301900,102012862486.52225,4296902,23524459,43930404,7847037.0
uttarakhand,2023,1,80316638,106914144085.76015,4480029,25042420,46907377,8366841.0
uttarakhand,2023,2,104119321,133676491393.38852,4650851,31621034,62644014,9854273.0
uttarakhand,2023,3,106784950,128515385224.72354,4823928,32160873,64961081,9662996.0
uttarakhand,2023,4,119107620,148205383109.23837,4999454,36002854,73541105,9563661.0
uttarakhand,2024,1,123880004,150315536371.2102,5206546,37475805,76012656,10391543.0
uttarakhand,2024,2,159360860,180260957246.1923,5419938,46074342,101329050,11957468.0
uttarakhand,2024,3,159497485,173415603155.37198,5624430,46985206,100726911,11785368.0
uttarakhand,2024,4,171212380,194796895719.51297,5801849,50703178,108904701,11604501.0
uttarakhand,2025,1,175355250,193302070369.7801,5979871,51173488,111485158,12696604.0
uttarakhand,2025,2,202578174,215937765623.93585,6152816,56901615,132692694,12983865.0
uttarakhand,2025,3,197711630,198250402920.4244,6335256,55559813,129419380,12732437.0
uttarakhand,2025,4,203745180,220079294173.82812,6515385,58829901,132326331,12588948.0
uttarakhand,2026,1,204739014,217602962797.85297,6690656,59360705,132495130,12883179.0
uttarakhand,2026,2,247026782,255234602776.51517,6755122,69429535,163964261,13632986.0
west bengal,2018,1,10151521,7623652076.70104,2576622,3872380,5952060,327081.0
west bengal,2018,2,16783697,14426440347.675003,3795442,7871746,8205192,706759.0
west bengal,2018,3,54031451,38668036734.002266,4790914,43410545,9636974,983932.0
west bengal,2018,4,33555072,33751269225.912643,6251947,16024961,16379853,1150258.0
west bengal,2019,1,43101342,42921381534.937065,7438601,24963489,16502874,1634979.0
west bengal,2019,2,44580900,54718845209.54506,8602074,19337897,23489670,1753333.0
west bengal,2019,3,60043951,66423789032.74228,9692554,20140625,37079581,2823745.0
west bengal,2019,4,90948911,82930838430.99612,10931174,61838956,24001204,5108751.0
west bengal,2020,1,63993554,91566525988.34715,12052575,26827077,29827673,7338804.0
west bengal,2020,2,58763095,99278377224.57706,13339774,24627758,23778596,10356741.0
west bengal,2020,3,78767654,147424950291.97803,14612656,35010257,33531712,10225685.0
west bengal,2020,4,101265149,194248152966.42114,15870777,45232541,42774024,13258584.0
west bengal,2021,1,115001959,231129225939.18713,16981214,51079144,38286845,25635970.0
west bengal,2021,2,138748743,266671675321.52402,18090085,61512765,41133183,36102795.0
west bengal,2021,3,175901327,344476718379.314,19374188,79783224,57001307,39116796.0
west bengal,2021,4,189761882,385851696670.8897,20723757,87580931,67551823,34629128.0
west bengal,2022,1,244077613,512176281443.31213,21954680,115561007,92376770,36139836.0
west bengal,2022,2,298813188,605707035569.897,23181627,135617157,119264274,43931757.0
west bengal,2022,3,364129324,695665215498.2949,24486749,164053490,147555161,52520673.0
west bengal,2022,4,400458936,749746367003.5804,25739668,177653143,168668806,54136987.0
west bengal,2023,1,468933668,898862460705.0684,26980199,209283878,200591201,59058589.0
west bengal,2023,2,557201653,1011853593979.1373,28151830,240193606,249804214,67203833.0
west bengal,2023,3,642154264,1073507229812.2742,29423200,270924969,298345848,72883447.0
west bengal,2023,4,747788359,1253569329663.2058,30766242,317862227,354140336,75785796.0
west bengal,2024,1,843082236,1422966170005.288,32233492,355342023,403108218,84631995.0
west bengal,2024,2,988799648,1545997993108.2922,33696097,393501626,499564293,95733729.0
west bengal,2024,3,1091000362,1608053446947.104,35120561,436505032,554209559,100285771.0
west bengal,2024,4,1230402184,1810747542010.678,36468735,493207369,636340603,100854212.0
west bengal,2025,1,1304050364,1913847338922.7925,37781664,517424510,677544402,109081452.0
west bengal,2025,2,1410547289,1934976510103.9966,39021346,534561791,764023386,111962112.0
west bengal,2025,3,1534941462,1981771949298.0732,40328474,575352040,845070081,114519341.0
west bengal,2025,4,1595670079,2082769866475.0676,41514118,603154869,878593910,113921300.0
west bengal,2026,1,1691843395,2280769839448.3564,42771072,643075471,929319640,119448284.0
west bengal,2026,2,1782353009,2211838113700.3,43272502,653298215,1005841996,123212798.0
